수출입구분,모선명,항차,출발일자,MBL번호,화주명,컨테이너번호,컨테이너규격,컨테이너코드,풀엠티구분,TEU,수량,MRN,수집일시
수출,KMTC SHIMIZU,2609S,20261001,HASLJ01260700708,NCT MATERIAL COLTD,HLHU8209550,40',45GP,,2,1,26KMTC3292E,2026-09-29 01:42:04
수출,KMTC SHIMIZU,2609S,20261001,HASLJ01260700708,NCT MATERIAL COLTD,SEGU5479359,40',45GP,,2,1,26KMTC3292E,2026-09-29 01:42:04
수출,KMTC SHIMIZU,2609S,20261001,HASLJ01260700708,NCT MATERIAL COLTD,SEKU4986564,40',45GP,,2,1,26KMTC3292E,2026-09-29 01:42:04
수출,KMTC SHIMIZU,2609S,20261001,HASLJ01260700708,NCT MATERIAL COLTD,SKHU8930500,40',45GP,,2,1,26KMTC3292E,2026-09-29 01:42:04
수출,KMTC SHIMIZU,2609S,20261001,HASLJ01260701780,NIPPON EXPRESS COLTDAS AGENT OF NX GLOBAL,SKHU6374296,40',45GP,,2,1,26KMTC3292E,2026-09-29 01:42:04
수출,KMTC SHIMIZU,2609S,20261001,HASLJ01260800190,MITSUI  CO LTD,HALU2076449,20',22GP,,1,1,26KMTC3292E,2026-09-29 01:42:04
수출,KMTC SHIMIZU,2609S,20261001,HASLJ01260800659,MITSUBISHI ENGINEERING-PLASTICS    CORPORATION,HALU2519172,20',22GP,,1,1,26KMTC3292E,2026-09-29 01:42:04
수출,KMTC SHIMIZU,2609S,20261001,HASLJ01260800659,MITSUBISHI ENGINEERING-PLASTICS    CORPORATION,SKLU0528854,20',22GP,,1,1,26KMTC3292E,2026-09-29 01:42:04
수출,KMTC SHIMIZU,2609S,20261001,HASLJ01260801020,DSV AIR  SEA CO LTDON BE HALF OF PHC CORPORATION15F,FSCU5891875,40',45RE,,2,1,26KMTC3292E,2026-09-29 01:42:04
수출,KMTC SHIMIZU,2609S,20261001,HASLJ01260801267,NISSIN CORPORATION,HALU2343988,20',22GP,,1,1,26KMTC3292E,2026-09-29 01:42:04
수출,KMTC SHIMIZU,2609S,20261001,HASLJ01260801267,NISSIN CORPORATION,SKLU1597886,20',22GP,,1,1,26KMTC3292E,2026-09-29 01:42:04
수출,KMTC SHIMIZU,2609S,20261001,HASLJ01260801267,NISSIN CORPORATION,SKLU2488880,20',22GP,,1,1,26KMTC3292E,2026-09-29 01:42:04
수출,KMTC SHIMIZU,2609S,20261001,HASLJ01260801433,TOSOH CORPORATION,HALU2573548,20',22GP,,1,1,26KMTC3292E,2026-09-29 01:42:04
수출,KMTC SHIMIZU,2609S,20261001,HASLJ01260801433,TOSOH CORPORATION,SKLU2432514,20',22GP,,1,1,26KMTC3292E,2026-09-29 01:42:04
수출,KMTC SHIMIZU,2609S,20261001,HASLJ01260801476,TOSOH CORPORATION,HALU2338744,20',22GP,,1,1,26KMTC3292E,2026-09-29 01:42:04
수출,KMTC SHIMIZU,2609S,20261001,HASLJ01260801476,TOSOH CORPORATION,HALU2465733,20',22GP,,1,1,26KMTC3292E,2026-09-29 01:42:04
수출,KMTC SHIMIZU,2609S,20261001,HASLJ01260900072,TOYOTSU CHEMIPLAS CORPORATION,HALU2307276,20',22GP,,1,1,26KMTC3292E,2026-09-29 01:42:04
수출,KMTC SHIMIZU,2609S,20261001,HASLJ01260900072,TOYOTSU CHEMIPLAS CORPORATION,SKLU2461554,20',22GP,,1,1,26KMTC3292E,2026-09-29 01:42:04
수출,KMTC SHIMIZU,2609S,20261001,HASLJ01260900205,ITOCHU CHEMICAL FRONTIERCORPORATION,HALU2317356,20',22GP,,1,1,26KMTC3292E,2026-09-29 01:42:04
수출,KMTC SHIMIZU,2609S,20261001,HASLJ01260900205,ITOCHU CHEMICAL FRONTIERCORPORATION,SKLU2004537,20',22GP,,1,1,26KMTC3292E,2026-09-29 01:42:04
수출,KMTC SHIMIZU,2609S,20261001,HASLJ01260900205,ITOCHU CHEMICAL FRONTIERCORPORATION,SKLU3502977,20',22GP,,1,1,26KMTC3292E,2026-09-29 01:42:04
수출,KMTC SHIMIZU,2609S,20261001,HASLJ02260800151,KYOWA CHEMICAL INDUSTRY CO LTD,SKHU9953706,40',45GP,,2,1,26KMTC3292E,2026-09-29 01:42:04
수출,KMTC SHIMIZU,2609S,20261001,HASLJ02260800750,CHOUSHUU TRADING CO LTD,HLHU8373558,40',45GP,,2,1,26KMTC3292E,2026-09-29 01:42:04
수출,KMTC SHIMIZU,2609S,20261001,HASLJ02260800750,CHOUSHUU TRADING CO LTD,SKHU6559664,40',45GP,,2,1,26KMTC3292E,2026-09-29 01:42:04
수출,KMTC SHIMIZU,2609S,20261001,HASLJ03260800022,NIPPON EXPRESS COLTD AS AGENTOF   NX GLOBAL OCEAN NETWORK PTE LTD,SKLU2328768,20',22GP,,1,1,26KMTC3292E,2026-09-29 01:42:04
수출,KMTC SHIMIZU,2609S,20261001,HASLK01260700054,MJ INTERNATIONAL CO LTDOF POONG IN TRADING CO LTD,HLHU8204120,40',45GP,,2,1,26KMTC3292E,2026-09-29 01:42:04
수출,KMTC SHIMIZU,2609S,20261001,HASLK01260702584,FIRST CLASS CO LTD OB OFKWANG STEEL CO LTD,SKHU6309032,40',45GP,,2,1,26KMTC3292E,2026-09-29 01:42:04
수출,KMTC SHIMIZU,2609S,20261001,HASLK01260704774,MOLAX LINE LTD10F YOUWON BLDG 116,HALU5631329,40',45GP,,2,1,26KMTC3292E,2026-09-29 01:42:04
수출,KMTC SHIMIZU,2609S,20261001,HASLK01260705097,WOOSUNG SHIPPING COLTD12TH FL AIA TOWER 16,SKLU2358633,20',22GP,,1,1,26KMTC3292E,2026-09-29 01:42:04
수출,KMTC SHIMIZU,2609S,20261001,HASLK01260706262,WOOJIN GLOBAL LOGISTICS OB OFSHINSUNG TONGSANG CO LTD,HLHU8374560,40',45GP,,2,1,26KMTC3292E,2026-09-29 01:42:04
수출,KMTC SHIMIZU,2609S,20261001,HASLK01260706262,WOOJIN GLOBAL LOGISTICS OB OFSHINSUNG TONGSANG CO LTD,SKHU9931559,40',45GP,,2,1,26KMTC3292E,2026-09-29 01:42:04
수출,KMTC SHIMIZU,2609S,20261001,HASLK01260706742,WOOSUNG SHIPPING COLTD12TH FL AIA TOWER 16,HLHU8580051,40',45GP,,2,1,26KMTC3292E,2026-09-29 01:42:04
수출,KMTC SHIMIZU,2609S,20261001,HASLK01260707640,CHUNJEE AGENCY CO LTD OB OF- AS PER ATTACHED RIDER -,FCIU9714082,40',45GP,,2,1,26KMTC3292E,2026-09-29 01:42:04
수출,KMTC SHIMIZU,2609S,20261001,HASLK01260708378,DSV AIR  SEA LTD,SKLU1953380,20',22GP,,1,1,26KMTC3292E,2026-09-29 01:42:04
수출,KMTC SHIMIZU,2609S,20261001,HASLK01260708431,DSV AIR  SEA LTD,HALU2562034,20',22GP,,1,1,26KMTC3292E,2026-09-29 01:42:04
수출,KMTC SHIMIZU,2609S,20261001,HASLK01260708518,MAXPEED CO LTD OB OF,HLHU8453360,40',45GP,,2,1,26KMTC3292E,2026-09-29 01:42:04
수출,KMTC SHIMIZU,2609S,20261001,HASLK01260708518,MAXPEED CO LTD OB OF,HLHU8575883,40',45GP,,2,1,26KMTC3292E,2026-09-29 01:42:04
수출,KMTC SHIMIZU,2609S,20261001,HASLK01260708519,MAXPEED CO LTD OB OF,HLHU8205359,40',45GP,,2,1,26KMTC3292E,2026-09-29 01:42:04
수출,KMTC SHIMIZU,2609S,20261001,HASLK01260710134,DONGSUE CONSOL CO LTD OB OF- ATTACHED RIDER -,SKHU6521627,40',45GP,,2,1,26KMTC3292E,2026-09-29 01:42:04
수출,KMTC SHIMIZU,2609S,20261001,HASLK01260710248,DONGSUE CONSOL CO LTD OB OF- ATTACHED RIDER -,SKHU9835431,40',45GP,,2,1,26KMTC3292E,2026-09-29 01:42:04
수출,KMTC SHIMIZU,2609S,20261001,HASLK01260800400,MAXPEED CO LTD OB OF,SKHU9936503,40',45GP,,2,1,26KMTC3292E,2026-09-29 01:42:04
수출,KMTC SHIMIZU,2609S,20261001,HASLK01260800563,NAURI LOGISTICS CO LTDRM1001 INNOPLEX BD,SKHU9614087,40',45GP,,2,1,26KMTC3292E,2026-09-29 01:42:04
수출,KMTC SHIMIZU,2609S,20261001,HASLK01260800591,SURFF COMPANY INC,HLHU8448641,40',45GP,,2,1,26KMTC3292E,2026-09-29 01:42:04
수출,KMTC SHIMIZU,2609S,20261001,HASLK01260800591,SURFF COMPANY INC,HLHU8578706,40',45GP,,2,1,26KMTC3292E,2026-09-29 01:42:04
수출,KMTC SHIMIZU,2609S,20261001,HASLK01260800779,GOLDWAY LOGISTICS SERVICE CO LTD2-1401 ACE HIGHTECH CITY 54-66,HLHU8592767,40',45GP,,2,1,26KMTC3292E,2026-09-29 01:42:04
수출,KMTC SHIMIZU,2609S,20261001,HASLK01260801826,KUEHNE  NAGEL LTD,SKRU6504996,40',45RE,,2,1,26KMTC3292E,2026-09-29 01:42:04
수출,KMTC SHIMIZU,2609S,20261001,HASLK01260801826,KUEHNE  NAGEL LTD,SKRU6507275,40',45RE,,2,1,26KMTC3292E,2026-09-29 01:42:04
수출,KMTC SHIMIZU,2609S,20261001,HASLK01260802276,ESAN LOGISTIC CO LTD209 ACE GASANFORHU BLDG 225,HALU2467567,20',22GP,,1,1,26KMTC3292E,2026-09-29 01:42:04
수출,KMTC SHIMIZU,2609S,20261001,HASLK01260803040,NEW WORLD SHIPPING COLTD41 CHEONGGYECHEON-RO JONGNO-GU S,HLHU8422204,40',45GP,,2,1,26KMTC3292E,2026-09-29 01:42:04
수출,KMTC SHIMIZU,2609S,20261001,HASLK01260803040,NEW WORLD SHIPPING COLTD41 CHEONGGYECHEON-RO JONGNO-GU S,SKHU9552832,40',45GP,,2,1,26KMTC3292E,2026-09-29 01:42:04
수출,KMTC SHIMIZU,2609S,20261001,HASLK01260803106,DSV AIR  SEA LTD,SKLU0588160,20',22GP,,1,1,26KMTC3292E,2026-09-29 01:42:04
수출,KMTC SHIMIZU,2609S,20261001,HASLK01260803108,DSV AIR  SEA LTD,SKLU2107258,20',22GP,,1,1,26KMTC3292E,2026-09-29 01:42:04
수출,KMTC SHIMIZU,2609S,20261001,HASLK01260804498,H PLUS INTL FREIGHT AGENCY COLTDOB OF JS CORPORATION,HALU2081363,20',22GP,,1,1,26KMTC3292E,2026-09-29 01:42:04
수출,KMTC SHIMIZU,2609S,20261001,HASLK01260804526,WTXLTD OB OFIKG CORPORATION,SKHU6592256,40',45GP,,2,1,26KMTC3292E,2026-09-29 01:42:04
수출,KMTC SHIMIZU,2609S,20261001,HASLK01260804526,WTXLTD OB OFIKG CORPORATION,SKLU2042178,20',22GP,,1,1,26KMTC3292E,2026-09-29 01:42:04
수출,KMTC SHIMIZU,2609S,20261001,HASLK01260805642,YONGMA LOGIS COLTD OB OFDONG-A OTSUKA CO LTD,HLHU8533424,40',45GP,,2,1,26KMTC3292E,2026-09-29 01:42:04
수출,KMTC SHIMIZU,2609S,20261001,HASLK01260805898,INTERVIS INC CO LTD OB OFGF COMPANY,SKHU6431550,40',45GP,,2,1,26KMTC3292E,2026-09-29 01:42:04
수출,KMTC SHIMIZU,2609S,20261001,HASLK01260806944,HANWHA SOLUTIONS CORPORATION86 CHEONGGYECHEON-RO JUNG-GU,TCLU7657696,20',22GP,,1,1,26KMTC3292E,2026-09-29 01:42:04
수출,KMTC SHIMIZU,2609S,20261001,HASLK01260807298,SIMS INTERNATIONAL LIMITEDROOM 1909 ACE GASAN TOWER 121,HLHU8403138,40',45GP,,2,1,26KMTC3292E,2026-09-29 01:42:04
수출,KMTC SHIMIZU,2609S,20261001,HASLK01260807374,MORRISON EXPRESS CORPKOREALTD4F ILJIN BUILDING45 MAPO-DAERO,BMOU5406273,40',45GP,,2,1,26KMTC3292E,2026-09-29 01:42:04
수출,KMTC SHIMIZU,2609S,20261001,HASLK01260807374,MORRISON EXPRESS CORPKOREALTD4F ILJIN BUILDING45 MAPO-DAERO,HLHU8504998,40',45GP,,2,1,26KMTC3292E,2026-09-29 01:42:04
수출,KMTC SHIMIZU,2609S,20261001,HASLK01260807374,MORRISON EXPRESS CORPKOREALTD4F ILJIN BUILDING45 MAPO-DAERO,HLHU8540589,40',45GP,,2,1,26KMTC3292E,2026-09-29 01:42:04
수출,KMTC SHIMIZU,2609S,20261001,HASLK01260807374,MORRISON EXPRESS CORPKOREALTD4F ILJIN BUILDING45 MAPO-DAERO,SEGU4407755,40',45GP,,2,1,26KMTC3292E,2026-09-29 01:42:04
수출,KMTC SHIMIZU,2609S,20261001,HASLK01260807374,MORRISON EXPRESS CORPKOREALTD4F ILJIN BUILDING45 MAPO-DAERO,SKHU9822558,40',45GP,,2,1,26KMTC3292E,2026-09-29 01:42:04
수출,KMTC SHIMIZU,2609S,20261001,HASLK01260808263,ANC INTERNATIONAL LOGISTICS INCOB OF SAMSUNG ELECTRONICS CO LTD,HLHU8488557,40',45GP,,2,1,26KMTC3292E,2026-09-29 01:42:04
수출,KMTC SHIMIZU,2609S,20261001,HASLK01260808263,ANC INTERNATIONAL LOGISTICS INCOB OF SAMSUNG ELECTRONICS CO LTD,SKHU6348384,40',45GP,,2,1,26KMTC3292E,2026-09-29 01:42:04
수출,KMTC SHIMIZU,2609S,20261001,HASLK01260808263,ANC INTERNATIONAL LOGISTICS INCOB OF SAMSUNG ELECTRONICS CO LTD,SKHU6530531,40',45GP,,2,1,26KMTC3292E,2026-09-29 01:42:04
수출,KMTC SHIMIZU,2609S,20261001,HASLK01260808263,ANC INTERNATIONAL LOGISTICS INCOB OF SAMSUNG ELECTRONICS CO LTD,SKHU6574801,40',45GP,,2,1,26KMTC3292E,2026-09-29 01:42:04
수출,KMTC SHIMIZU,2609S,20261001,HASLK01260808263,ANC INTERNATIONAL LOGISTICS INCOB OF SAMSUNG ELECTRONICS CO LTD,SKHU8418290,40',45GP,,2,1,26KMTC3292E,2026-09-29 01:42:04
수출,KMTC SHIMIZU,2609S,20261001,HASLK01260808623,PUMAS LOGISTICS CO LTD OB OFSYNUS TECH CO LTD,HLHU8353103,40',45GP,,2,1,26KMTC3292E,2026-09-29 01:42:04
수출,KMTC SHIMIZU,2609S,20261001,HASLK01260808623,PUMAS LOGISTICS CO LTD OB OFSYNUS TECH CO LTD,SKHU6322749,40',45GP,,2,1,26KMTC3292E,2026-09-29 01:42:04
수출,KMTC SHIMIZU,2609S,20261001,HASLK01260808623,PUMAS LOGISTICS CO LTD OB OFSYNUS TECH CO LTD,SKHU6373113,40',45GP,,2,1,26KMTC3292E,2026-09-29 01:42:04
수출,KMTC SHIMIZU,2609S,20261001,HASLK01260808623,PUMAS LOGISTICS CO LTD OB OFSYNUS TECH CO LTD,SKHU6569451,40',45GP,,2,1,26KMTC3292E,2026-09-29 01:42:04
수출,KMTC SHIMIZU,2609S,20261001,HASLK01260808623,PUMAS LOGISTICS CO LTD OB OFSYNUS TECH CO LTD,SKHU6594752,40',45GP,,2,1,26KMTC3292E,2026-09-29 01:42:04
수출,KMTC SHIMIZU,2609S,20261001,HASLK01260808623,PUMAS LOGISTICS CO LTD OB OFSYNUS TECH CO LTD,SKHU8726652,40',45GP,,2,1,26KMTC3292E,2026-09-29 01:42:04
수출,KMTC SHIMIZU,2609S,20261001,HASLK01260808623,PUMAS LOGISTICS CO LTD OB OFSYNUS TECH CO LTD,TRHU4759186,40',45GP,,2,1,26KMTC3292E,2026-09-29 01:42:04
수출,KMTC SHIMIZU,2609S,20261001,HASLK01260809338,MNCL LINE CO LTD OB OFIKG KOREA CO,GCXU2420880,20',22GP,,1,1,26KMTC3292E,2026-09-29 01:42:04
수출,KMTC SHIMIZU,2609S,20261001,HASLK01260901441,ECOLAB KOREA LTD8F SONO TOWER 135 BEOBWON-RO,SKLU1997352,20',22GP,,1,1,26KMTC3292E,2026-09-29 01:42:04
수출,KMTC SHIMIZU,2609S,20261001,HASLK01260901754,SAMMIN SEA  AIR COLTD OB OFZIC TRADING COLTD,HALU2320112,20',22GP,,1,1,26KMTC3292E,2026-09-29 01:42:04
수출,KMTC SHIMIZU,2609S,20261001,HASLK01260903398,MNCL LINE CO LTD OB OF- AS PER ATTACHED RIDER -,SKHU9961445,40',45GP,,2,1,26KMTC3292E,2026-09-29 01:42:04
수출,KMTC SHIMIZU,2609S,20261001,HASLK01260903398,MNCL LINE CO LTD OB OF- AS PER ATTACHED RIDER -,SKLU1432818,20',22GP,,1,1,26KMTC3292E,2026-09-29 01:42:04
수출,KMTC SHIMIZU,2609S,20261001,HASLK01260904109,KUKBO EXPRESS CO LTD OB OFILSAM COLTD,HALU2564530,20',22GP,,1,1,26KMTC3292E,2026-09-29 01:42:04
수출,KMTC SHIMIZU,2609S,20261001,HASLK01260904125,WOOSUNG SHIPPING COLTD12TH FL AIA TOWER 16,HALU2324123,20',22GP,,1,1,26KMTC3292E,2026-09-29 01:42:04
수출,KMTC SHIMIZU,2609S,20261001,HASLK01260904125,WOOSUNG SHIPPING COLTD12TH FL AIA TOWER 16,HALU2404086,20',22GP,,1,1,26KMTC3292E,2026-09-29 01:42:04
수출,KMTC SHIMIZU,2609S,20261001,HASLK01260904582,ECOLAB KOREA LTD8F SONO TOWER 135 BEOBWON-RO,HALU2352906,20',22GP,,1,1,26KMTC3292E,2026-09-29 01:42:04
수출,KMTC SHIMIZU,2609S,20261001,HASLK01260904583,ECOLAB KOREA LTD8F SONO TOWER 135 BEOBWON-RO,GCXU2427144,20',22GP,,1,1,26KMTC3292E,2026-09-29 01:42:04
수출,KMTC SHIMIZU,2609S,20261001,HASLK01260904940,WOOSUNG SHIPPING COLTD12TH FL AIA TOWER 16,HALU2562585,20',22GP,,1,1,26KMTC3292E,2026-09-29 01:42:04
수출,KMTC SHIMIZU,2609S,20261001,HASLK01260904941,WOOSUNG SHIPPING COLTD12TH FL AIA TOWER 16,SKLU2024852,20',22GP,,1,1,26KMTC3292E,2026-09-29 01:42:04
수출,KMTC SHIMIZU,2609S,20261001,HASLK01260904971,MOLAX LINE LTD10F YOUWON BLDG 116,SKHU6416004,40',45GP,,2,1,26KMTC3292E,2026-09-29 01:42:04
수출,KMTC SHIMIZU,2609S,20261001,HASLK01260905426,GOLDWAY LOGISTICS SERVICE COLTDOB OF,SKLU1611310,20',22GP,,1,1,26KMTC3292E,2026-09-29 01:42:04
수출,KMTC SHIMIZU,2609S,20261001,HASLK01260905447,WOOSUNG SHIPPING COLTD12TH FL AIA TOWER 16,SKLU0732960,20',22GP,,1,1,26KMTC3292E,2026-09-29 01:42:04
수출,KMTC SHIMIZU,2609S,20261001,HASLK01260905469,WOOSUNG SHIPPING COLTD12TH FL AIA TOWER 16,HALU2347350,20',22GP,,1,1,26KMTC3292E,2026-09-29 01:42:04
수출,KMTC SHIMIZU,2609S,20261001,HASLK01260905724,DOW CHEMICAL SILICONES KOREA LTD520 YEONGDONG-DAERO GANGNAM-GU,HALU2422496,20',22GP,,1,1,26KMTC3292E,2026-09-29 01:42:04
수출,KMTC SHIMIZU,2609S,20261001,HASLK01260905775,WOOSUNG SHIPPING COLTD12TH FL AIA TOWER 16,SKLU2004563,20',22GP,,1,1,26KMTC3292E,2026-09-29 01:42:04
수출,KMTC SHIMIZU,2609S,20261001,HASLK01260906074,GLOBAL MISSION LOGISTICS COLTDOB OF JINU INP CO LTD,HALU2510684,20',22GP,,1,1,26KMTC3292E,2026-09-29 01:42:04
수출,KMTC SHIMIZU,2609S,20261001,HASLK01260906089,WOOJIN GLOBAL LOGISTICS OB OF,SKLU1006793,20',22GP,,1,1,26KMTC3292E,2026-09-29 01:42:04
수출,KMTC SHIMIZU,2609S,20261001,HASLK01260906090,WOOJIN GLOBAL LOGISTICS OB OFDAEYONG TRADING LIMITED,SEKU4980355,40',45GP,,2,1,26KMTC3292E,2026-09-29 01:42:04
수출,KMTC SHIMIZU,2609S,20261001,HASLK01260906095,KUKDO CHEMICAL CO LTD61 GASANDIGITAL 2 RO,HALU2322692,20',22GP,,1,1,26KMTC3292E,2026-09-29 01:42:04
수출,KMTC SHIMIZU,2609S,20261001,HASLK01260906096,KUKDO CHEMICAL CO LTD61 GASANDIGITAL 2 RO,SKLU1105693,20',22GP,,1,1,26KMTC3292E,2026-09-29 01:42:04
수출,KMTC SHIMIZU,2609S,20261001,HASLK01260906188,GS GLOBAL CORPGS TOWER 679 YEOKSAM-DONG,SKLU2320920,20',22GP,,1,1,26KMTC3292E,2026-09-29 01:42:04
수출,KMTC SHIMIZU,2609S,20261001,HASLK01260906464,KAON BROADBAND CO LTD4TH FLOOR884-3 SEONGNAM-DAERO,SKLU1655410,20',22GP,,1,1,26KMTC3292E,2026-09-29 01:42:04
수출,KMTC SHIMIZU,2609S,20261001,HASLK01260906640,YOUNGWIRE,SKLU1589710,20',22GP,,1,1,26KMTC3292E,2026-09-29 01:42:04
수출,KMTC SHIMIZU,2609S,20261001,HASLK01260906652,LX PANTOS CO LTDSAEMUNAN-RO 58 JONGNO-GU,SEKU4967862,40',45GP,,2,1,26KMTC3292E,2026-09-29 01:42:04
수출,KMTC SHIMIZU,2609S,20261001,HASLK01260906791,LX PANTOS CO LTDON BEHALF OF LG ELECTRONICS INC,HALU5642581,40',45GP,,2,1,26KMTC3292E,2026-09-29 01:42:04
수출,KMTC SHIMIZU,2609S,20261001,HASLK01260906791,LX PANTOS CO LTDON BEHALF OF LG ELECTRONICS INC,HALU5683683,40',45GP,,2,1,26KMTC3292E,2026-09-29 01:42:04
수출,KMTC SHIMIZU,2609S,20261001,HASLK01260906791,LX PANTOS CO LTDON BEHALF OF LG ELECTRONICS INC,HLHU8207454,40',45GP,,2,1,26KMTC3292E,2026-09-29 01:42:04
수출,KMTC SHIMIZU,2609S,20261001,HASLK01260906791,LX PANTOS CO LTDON BEHALF OF LG ELECTRONICS INC,HLHU8381255,40',45GP,,2,1,26KMTC3292E,2026-09-29 01:42:04
수출,KMTC SHIMIZU,2609S,20261001,HASLK01260906791,LX PANTOS CO LTDON BEHALF OF LG ELECTRONICS INC,SKHU6341482,40',45GP,,2,1,26KMTC3292E,2026-09-29 01:42:04
수출,KMTC SHIMIZU,2609S,20261001,HASLK01260906791,LX PANTOS CO LTDON BEHALF OF LG ELECTRONICS INC,SKHU6358720,40',45GP,,2,1,26KMTC3292E,2026-09-29 01:42:04
수출,KMTC SHIMIZU,2609S,20261001,HASLK01260906791,LX PANTOS CO LTDON BEHALF OF LG ELECTRONICS INC,SKHU9508486,40',45GP,,2,1,26KMTC3292E,2026-09-29 01:42:04
수출,KMTC SHIMIZU,2609S,20261001,HASLK01260906791,LX PANTOS CO LTDON BEHALF OF LG ELECTRONICS INC,SKHU9517019,40',45GP,,2,1,26KMTC3292E,2026-09-29 01:42:04
수출,KMTC SHIMIZU,2609S,20261001,HASLK01260906791,LX PANTOS CO LTDON BEHALF OF LG ELECTRONICS INC,SKHU9811297,40',45GP,,2,1,26KMTC3292E,2026-09-29 01:42:04
수출,KMTC SHIMIZU,2609S,20261001,HASLK01260906791,LX PANTOS CO LTDON BEHALF OF LG ELECTRONICS INC,SKHU9907980,40',45GP,,2,1,26KMTC3292E,2026-09-29 01:42:04
수출,KMTC SHIMIZU,2609S,20261001,HASLK01260906792,LX PANTOS CO LTD OB OFYOULCHON CHEMICAL COLTD,SKHU6599116,40',45GP,,2,1,26KMTC3292E,2026-09-29 01:42:04
수출,KMTC SHIMIZU,2609S,20261001,HASLK01260906792,LX PANTOS CO LTD OB OFYOULCHON CHEMICAL COLTD,SKHU9924230,40',45GP,,2,1,26KMTC3292E,2026-09-29 01:42:04
수출,KMTC SHIMIZU,2609S,20261001,HASLK01260906794,LX PANTOS CO LTDOB OF HOIMYUNG CORPORATION,SKLU2473236,20',22GP,,1,1,26KMTC3292E,2026-09-29 01:42:04
수출,KMTC SHIMIZU,2609S,20261001,HASLK01260906795,DAECHANG SEAT CO LTDDONGTAN 6 DONGTANSANDAN 10-GIL,SKHU9504731,40',45GP,,2,1,26KMTC3292E,2026-09-29 01:42:04
수출,KMTC SHIMIZU,2609S,20261001,HASLK01260906885,LG HH COLTDLG SEOUL STATION BUILDING,TRHU2192827,20',22GP,,1,1,26KMTC3292E,2026-09-29 01:42:04
수출,KMTC SHIMIZU,2609S,20261001,HASLK01260906930,LX PANTOS CO LTDOB OF HOIMYUNG CORPORATION,TGCU2419443,20',22GP,,1,1,26KMTC3292E,2026-09-29 01:42:04
수출,KMTC SHIMIZU,2609S,20261001,HASLK01260906936,H PLUS INTL FREIGHT AGENCY COLTDOB OF JS CORPORATION,SKHU8926054,40',45GP,,2,1,26KMTC3292E,2026-09-29 01:42:04
수출,KMTC SHIMIZU,2609S,20261001,HASLK01260906962,WOOSUNG SHIPPING COLTD12TH FL AIA TOWER 16,SKHU6417654,40',45GP,,2,1,26KMTC3292E,2026-09-29 01:42:04
수출,KMTC SHIMIZU,2609S,20261001,HASLK01260907014,WOOJIN GLOBAL LOGISTICS OB OFSHINSUNG TONGSANG CO LTD,HLHU8526641,40',45GP,,2,1,26KMTC3292E,2026-09-29 01:42:04
수출,KMTC SHIMIZU,2609S,20261001,HASLK01260907014,WOOJIN GLOBAL LOGISTICS OB OFSHINSUNG TONGSANG CO LTD,HLHU8538215,40',45GP,,2,1,26KMTC3292E,2026-09-29 01:42:04
수출,KMTC SHIMIZU,2609S,20261001,HASLK01260907018,INTERVIS INC CO LTD OB OFGF COMPANY,HLHU8323979,40',45GP,,2,1,26KMTC3292E,2026-09-29 01:42:04
수출,KMTC SHIMIZU,2609S,20261001,HASLK01260907021,WOOJIN GLOBAL LOGISTICS OB OFSHINSUNG TONGSANG CO LTD,SKHU8125121,40',45GP,,2,1,26KMTC3292E,2026-09-29 01:42:04
수출,KMTC SHIMIZU,2609S,20261001,HASLK01260907211,GOLDWAY LOGISTICS SERVICE CO LTDOB OF,HLHU8361583,40',45GP,,2,1,26KMTC3292E,2026-09-29 01:42:04
수출,KMTC SHIMIZU,2609S,20261001,HASLK01260907211,GOLDWAY LOGISTICS SERVICE CO LTDOB OF,SKHU6397603,40',45GP,,2,1,26KMTC3292E,2026-09-29 01:42:04
수출,KMTC SHIMIZU,2609S,20261001,HASLK01260907212,GOLDWAY LOGISTICS SERVICE CO LTDOB OF,SKHU9932600,40',45GP,,2,1,26KMTC3292E,2026-09-29 01:42:04
수출,KMTC SHIMIZU,2609S,20261001,HASLK01260907212,GOLDWAY LOGISTICS SERVICE CO LTDOB OF,SKHU9959453,40',45GP,,2,1,26KMTC3292E,2026-09-29 01:42:04
수출,KMTC SHIMIZU,2609S,20261001,HASLK01260907313,SHINJIN LABEL CO LTD149 BEONGIL 53 JANGYU-RO,SKLU2335659,20',22GP,,1,1,26KMTC3292E,2026-09-29 01:42:04
수출,KMTC SHIMIZU,2609S,20261001,HASLK01260907400,SHIPCO TRANSPORTKOREA COLTDOB OF -AS PER ATTACHED RIDER-,SKLU1590198,20',22GP,,1,1,26KMTC3292E,2026-09-29 01:42:04
수출,KMTC SHIMIZU,2609S,20261001,HASLK01260907548,WOOSUNG SHIPPING COLTD12TH FL AIA TOWER 16,SKHU9635921,40',45GP,,2,1,26KMTC3292E,2026-09-29 01:42:04
수출,KMTC SHIMIZU,2609S,20261001,HASLK01260907684,KAON GROUP CO LTDKAONMEDIA BLDG 884-3 SEONGNAM,SKLU1655410,20',22GP,,1,1,26KMTC3292E,2026-09-29 01:42:04
수출,KMTC SHIMIZU,2609S,20261001,HASLK01260907749,DONGSUE CONSOL CO LTD OB OF- ATTACHED RIDER -,SKHU9526896,40',45GP,,2,1,26KMTC3292E,2026-09-29 01:42:04
수출,KMTC SHIMIZU,2609S,20261001,HASLK01260908042,WOOSUNG SHIPPING COLTD12TH FL AIA TOWER 16,SKLU0314929,20',22GP,,1,1,26KMTC3292E,2026-09-29 01:42:04
수출,KMTC SHIMIZU,2609S,20261001,HASLK01260908151,NAURI LOGISTICS CO LTDRM1001 INNOPLEX BD,SKHU9949856,40',45GP,,2,1,26KMTC3292E,2026-09-29 01:42:04
수출,KMTC SHIMIZU,2609S,20261001,HASLK01260908153,NAURI LOGISTICS CO LTDRM1001 INNOPLEX BD,HALU2528132,20',22GP,,1,1,26KMTC3292E,2026-09-29 01:42:04
수출,KMTC SHIMIZU,2609S,20261001,HASLK01260908168,NAURI LOGISTICS CO LTDRM1001 INNOPLEX BD,HALU2085625,20',22GP,,1,1,26KMTC3292E,2026-09-29 01:42:04
수출,KMTC SHIMIZU,2609S,20261001,HASLK01260908247,ESAN LOGISTIC CO LTD209 ACE GASANFORHU BLDG 225,HALU2467567,20',22GP,,1,1,26KMTC3292E,2026-09-29 01:42:04
수출,KMTC SHIMIZU,2609S,20261001,HASLK01260908451,WOOSUNG SHIPPING COLTD12TH FL AIA TOWER 16,SKLU2040386,20',22GP,,1,1,26KMTC3292E,2026-09-29 01:42:04
수출,KMTC SHIMIZU,2609S,20261001,HASLK01260908455,GOLDWAY LOGISTICS SERVICE CO LTD2-1401 ACE HIGHTECH CITY 54-66,HLHU8424254,40',45GP,,2,1,26KMTC3292E,2026-09-29 01:42:04
수출,KMTC SHIMIZU,2609S,20261001,HASLK02260501643,EUNSAN SHIPPING  AIRCARGO COLTD89TH FL EUNSAN BLDG,HLHU8582120,40',45GP,,2,1,26KMTC3292E,2026-09-29 01:42:04
수출,KMTC SHIMIZU,2609S,20261001,HASLK02260501643,EUNSAN SHIPPING  AIRCARGO COLTD89TH FL EUNSAN BLDG,SKHU9546110,40',45GP,,2,1,26KMTC3292E,2026-09-29 01:42:04
수출,KMTC SHIMIZU,2609S,20261001,HASLK02260501643,EUNSAN SHIPPING  AIRCARGO COLTD89TH FL EUNSAN BLDG,TCKU3967150,20',22GP,,1,1,26KMTC3292E,2026-09-29 01:42:04
수출,KMTC SHIMIZU,2609S,20261001,HASLK02260800054,EUNSAN SHIPPING  AIRCARGO COLTD89TH FL EUNSAN BLDG,HLHU8555151,40',45GP,,2,1,26KMTC3292E,2026-09-29 01:42:04
수출,KMTC SHIMIZU,2609S,20261001,HASLK02260800054,EUNSAN SHIPPING  AIRCARGO COLTD89TH FL EUNSAN BLDG,SKHU6325157,40',45GP,,2,1,26KMTC3292E,2026-09-29 01:42:04
수출,KMTC SHIMIZU,2609S,20261001,HASLK02260800208,WOO NAM LOGISTICS COLTD OB OFHAENGSUNG TECHNOLOGY COLTD,SKHU6622509,40',45GP,,2,1,26KMTC3292E,2026-09-29 01:42:04
수출,KMTC SHIMIZU,2609S,20261001,HASLK02260800736,DIMERCO EXPRESS KOREA CORP,HALU8500512,40',45RE,,2,1,26KMTC3292E,2026-09-29 01:42:04
수출,KMTC SHIMIZU,2609S,20261001,HASLK02260800736,DIMERCO EXPRESS KOREA CORP,HALU8500528,40',45RE,,2,1,26KMTC3292E,2026-09-29 01:42:04
수출,KMTC SHIMIZU,2609S,20261001,HASLK02260800736,DIMERCO EXPRESS KOREA CORP,SEGU9955197,20',22RE,,1,1,26KMTC3292E,2026-09-29 01:42:04
수출,KMTC SHIMIZU,2609S,20261001,HASLK02260801361,HUNG-A COLTDNO100 YUSANDONG YANG SAN CITY,SKLU1112199,20',22GP,,1,1,26KMTC3292E,2026-09-29 01:42:04
수출,KMTC SHIMIZU,2609S,20261001,HASLK02260801505,GOLD MARINE COMMERCE CO LTD320-5 SHINHO-DONG KANGSEO-KU,BEAU2430501,20',22GP,,1,1,26KMTC3292E,2026-09-29 01:42:04
수출,KMTC SHIMIZU,2609S,20261001,HASLK02260901264,EUNSAN SHIPPING  AIRCARGO COLTD89TH FL EUNSAN BLDG,SKLU2006273,20',22GP,,1,1,26KMTC3292E,2026-09-29 01:42:04
수출,KMTC SHIMIZU,2609S,20261001,HASLK02260901359,KMTC LOGISTICS CO LTD OB OFOHSUNG ELECTRONICS CO LTD,HALU2309047,20',22GP,,1,1,26KMTC3292E,2026-09-29 01:42:04
수출,KMTC SHIMIZU,2609S,20261001,HASLK02260901450,MARITIME HUB CO LTD OB OFBEN TECH KOREA COLTD,SKLU1507769,20',22GP,,1,1,26KMTC3292E,2026-09-29 01:42:04
수출,KMTC SHIMIZU,2609S,20261001,HASLK02260901454,SP SHIPPING  AIRCARGO CO LTD506 YOUCHANG BLDG 72 JUNGANG-DAE,SKHU9007015,40',45GP,,2,1,26KMTC3292E,2026-09-29 01:42:04
수출,KMTC SHIMIZU,2609S,20261001,HASLK02260901493,F3 LOGISTICS COLTDOB OF SPE INDUSTRY,HALU2323425,20',22GP,,1,1,26KMTC3292E,2026-09-29 01:42:04
수출,KMTC SHIMIZU,2609S,20261001,HASLK02260901493,F3 LOGISTICS COLTDOB OF SPE INDUSTRY,SKHU6606299,40',45GP,,2,1,26KMTC3292E,2026-09-29 01:42:04
수출,KMTC SHIMIZU,2609S,20261001,HASLK02260901493,F3 LOGISTICS COLTDOB OF SPE INDUSTRY,SKHU8910356,40',45GP,,2,1,26KMTC3292E,2026-09-29 01:42:04
수출,KMTC SHIMIZU,2609S,20261001,HASLK02260901627,SP SHIPPING  AIRCARGO CO LTD506 YOUCHANG BLDG 72 JUNGANG-DAE,SKLU0726103,20',22GP,,1,1,26KMTC3292E,2026-09-29 01:42:04
수출,KMTC SHIMIZU,2609S,20261001,HASLK02260901819,WOO NAM LOGISTICS COLTD OB OFHAENGSUNG TECHNOLOGY COLTD,SKLU1920089,20',22GP,,1,1,26KMTC3292E,2026-09-29 01:42:04
수출,KMTC SHIMIZU,2609S,20261001,HASLR01260800157,AL PLUS GLOBAL FZCOUNIT NO 1901-A UPTOWN TOWER PLOT,BEAU2991760,20',22GP,,1,1,26KMTC3292E,2026-09-29 01:42:04
수출,KMTC SHIMIZU,2609S,20261001,HASLR01260800157,AL PLUS GLOBAL FZCOUNIT NO 1901-A UPTOWN TOWER PLOT,SEGU1909019,20',22GP,,1,1,26KMTC3292E,2026-09-29 01:42:04
수출,KMTC SHIMIZU,2609S,20261001,HASLR01260800157,AL PLUS GLOBAL FZCOUNIT NO 1901-A UPTOWN TOWER PLOT,SKLU1203241,20',22GP,,1,1,26KMTC3292E,2026-09-29 01:42:04
수출,KMTC SHIMIZU,2609S,20261001,HASLR01260800157,AL PLUS GLOBAL FZCOUNIT NO 1901-A UPTOWN TOWER PLOT,SKLU1301398,20',22GP,,1,1,26KMTC3292E,2026-09-29 01:42:04
수출,KMTC SHIMIZU,2609S,20261001,HASLR01260800157,AL PLUS GLOBAL FZCOUNIT NO 1901-A UPTOWN TOWER PLOT,SKLU1440325,20',22GP,,1,1,26KMTC3292E,2026-09-29 01:42:04
수출,KMTC SHIMIZU,2609S,20261001,HASLR01260800157,AL PLUS GLOBAL FZCOUNIT NO 1901-A UPTOWN TOWER PLOT,SKLU1441614,20',22GP,,1,1,26KMTC3292E,2026-09-29 01:42:04
수출,KMTC SHIMIZU,2609S,20261001,HASLR01260800157,AL PLUS GLOBAL FZCOUNIT NO 1901-A UPTOWN TOWER PLOT,SKLU2003079,20',22GP,,1,1,26KMTC3292E,2026-09-29 01:42:04
수출,KMTC SHIMIZU,2609S,20261001,HASLR01260800157,AL PLUS GLOBAL FZCOUNIT NO 1901-A UPTOWN TOWER PLOT,SKLU3506611,20',22GP,,1,1,26KMTC3292E,2026-09-29 01:42:04
수출,LAEM CHABANG VOYAGER,2607W,20261001,HASLK01260702413,MK TRADING314 3F 39 DONGAMNAM-RO 26BEON-,SKHU6509051,40',45GP,,2,1,26SNKO3458E,2026-09-29 01:42:04
수출,LAEM CHABANG VOYAGER,2607W,20261001,HASLK01260702415,MK TRADING314 3F 39 DONGAMNAM-RO 26BEON-,SKHU9941829,40',45GP,,2,1,26SNKO3458E,2026-09-29 01:42:04
수출,LAEM CHABANG VOYAGER,2607W,20261001,HASLK01260703171,TAEWOONG LOGISTICS CO LTDUNI BD 9F 13-6 TEHERAN-RO,KDCU9140559,20',22TN,,1,1,26SNKO3458E,2026-09-29 01:42:04
수출,LAEM CHABANG VOYAGER,2607W,20261001,HASLK01260709306,TAEWOONG LOGISTICS CO LTDUNI BD 9F 13-6 TEHERAN-RO,SEGU8147569,20',22TN,,1,1,26SNKO3458E,2026-09-29 01:42:04
수출,LAEM CHABANG VOYAGER,2607W,20261001,HASLK01260709306,TAEWOONG LOGISTICS CO LTDUNI BD 9F 13-6 TEHERAN-RO,SLZU2916986,20',22TN,,1,1,26SNKO3458E,2026-09-29 01:42:04
수출,LAEM CHABANG VOYAGER,2607W,20261001,HASLK01260709306,TAEWOONG LOGISTICS CO LTDUNI BD 9F 13-6 TEHERAN-RO,TGIU3201400,20',22TN,,1,1,26SNKO3458E,2026-09-29 01:42:04
수출,LAEM CHABANG VOYAGER,2607W,20261001,HASLK01260709306,TAEWOONG LOGISTICS CO LTDUNI BD 9F 13-6 TEHERAN-RO,TLLU9061174,20',22TN,,1,1,26SNKO3458E,2026-09-29 01:42:04
수출,LAEM CHABANG VOYAGER,2607W,20261001,HASLK01260709306,TAEWOONG LOGISTICS CO LTDUNI BD 9F 13-6 TEHERAN-RO,TLLU9062484,20',22TN,,1,1,26SNKO3458E,2026-09-29 01:42:04
수출,LAEM CHABANG VOYAGER,2607W,20261001,HASLK01260709596,DOW CHEMICAL KOREA LTD,SKLU0717987,20',22GP,,1,1,26SNKO3458E,2026-09-29 01:42:04
수출,LAEM CHABANG VOYAGER,2607W,20261001,HASLK01260710251,CHOHAN TRADING CO LTD,PHRU8604506,40',45GP,,2,1,26SNKO3458E,2026-09-29 01:42:04
수출,LAEM CHABANG VOYAGER,2607W,20261001,HASLK01260800513,AANZA BROTHERS1ST FLOOR 21SINSEOL 1-GIL,HLHU8414240,40',45GP,,2,1,26SNKO3458E,2026-09-29 01:42:04
수출,LAEM CHABANG VOYAGER,2607W,20261001,HASLK01260801535,ZOHAIB  TRADING  CO  LTDRM  302  187  HEUNGHEODAE-RO,SKHU6314105,40',45GP,,2,1,26SNKO3458E,2026-09-29 01:42:04
수출,LAEM CHABANG VOYAGER,2607W,20261001,HASLK01260801535,ZOHAIB  TRADING  CO  LTDRM  302  187  HEUNGHEODAE-RO,SKHU9519990,40',45GP,,2,1,26SNKO3458E,2026-09-29 01:42:04
수출,LAEM CHABANG VOYAGER,2607W,20261001,HASLK01260801890,TAEWOONG LOGISTICS CO LTDTAEWOONG BD 5F 95,TGIU3235139,20',22TN,,1,1,26SNKO3458E,2026-09-29 01:42:04
수출,LAEM CHABANG VOYAGER,2607W,20261001,HASLK01260802344,CHATHA  TRADING  CO  LTD37-17  54-GIL  KOOKHOEDAE-RO,GCXU6003340,40',45GP,,2,1,26SNKO3458E,2026-09-29 01:42:04
수출,LAEM CHABANG VOYAGER,2607W,20261001,HASLK01260802344,CHATHA  TRADING  CO  LTD37-17  54-GIL  KOOKHOEDAE-RO,SKHU9529827,40',45GP,,2,1,26SNKO3458E,2026-09-29 01:42:04
수출,LAEM CHABANG VOYAGER,2607W,20261001,HASLK01260804204,ISU SPECIALTY CHEMICAL CO LTD,HALU2547507,20',22GP,,1,1,26SNKO3458E,2026-09-29 01:42:04
수출,LAEM CHABANG VOYAGER,2607W,20261001,HASLK01260804204,ISU SPECIALTY CHEMICAL CO LTD,SKLU2461410,20',22GP,,1,1,26SNKO3458E,2026-09-29 01:42:04
수출,LAEM CHABANG VOYAGER,2607W,20261001,HASLK01260804537,ISU SPECIALTY CHEMICAL CO LTD,HALU2303326,20',22GP,,1,1,26SNKO3458E,2026-09-29 01:42:04
수출,LAEM CHABANG VOYAGER,2607W,20261001,HASLK01260804537,ISU SPECIALTY CHEMICAL CO LTD,SKLU1654395,20',22GP,,1,1,26SNKO3458E,2026-09-29 01:42:04
수출,LAEM CHABANG VOYAGER,2607W,20261001,HASLK01260805424,MK TRADING3143F 39 DONGAMNAM-RO 26BEON-GIL,HLHU8387546,40',45GP,,2,1,26SNKO3458E,2026-09-29 01:42:04
수출,LAEM CHABANG VOYAGER,2607W,20261001,HASLK01260805425,ARFAT INTERNATIONAL TRADING COLTD,SKHU6561830,40',45GP,,2,1,26SNKO3458E,2026-09-29 01:42:04
수출,LAEM CHABANG VOYAGER,2607W,20261001,HASLK01260805996,AKEEL TRADING CO1074-4 JANGDEOK-RI-NAMYANG-EUP,HLHU8590229,40',45GP,,2,1,26SNKO3458E,2026-09-29 01:42:04
수출,LAEM CHABANG VOYAGER,2607W,20261001,HASLK01260806413,AT TRADING CO LTD,PHRU8609154,40',45GP,,2,1,26SNKO3458E,2026-09-29 01:42:04
수출,LAEM CHABANG VOYAGER,2607W,20261001,HASLK01260807894,LG CHEM LTDLG TWIN TOWERS 128 YEOUI-,HLHU8463477,40',45GP,,2,1,26SNKO3458E,2026-09-29 01:42:04
수출,LAEM CHABANG VOYAGER,2607W,20261001,HASLK01260807894,LG CHEM LTDLG TWIN TOWERS 128 YEOUI-,SEKU4974584,40',45GP,,2,1,26SNKO3458E,2026-09-29 01:42:04
수출,LAEM CHABANG VOYAGER,2607W,20261001,HASLK01260807894,LG CHEM LTDLG TWIN TOWERS 128 YEOUI-,SKHU6423636,40',45GP,,2,1,26SNKO3458E,2026-09-29 01:42:04
수출,LAEM CHABANG VOYAGER,2607W,20261001,HASLK01260807894,LG CHEM LTDLG TWIN TOWERS 128 YEOUI-,SKHU9003560,40',45GP,,2,1,26SNKO3458E,2026-09-29 01:42:04
수출,LAEM CHABANG VOYAGER,2607W,20261001,HASLK01260807894,LG CHEM LTDLG TWIN TOWERS 128 YEOUI-,SKHU9945700,40',45GP,,2,1,26SNKO3458E,2026-09-29 01:42:04
수출,LAEM CHABANG VOYAGER,2607W,20261001,HASLK01260808625,SEOJIN POLYTEC COLTDRM NO1008 PUNGLIM VIP BLDG,SKHU9807867,40',45GP,,2,1,26SNKO3458E,2026-09-29 01:42:04
수출,LAEM CHABANG VOYAGER,2607W,20261001,HASLK01260808626,SEOJIN POLYTEC COLTDRM NO1008 PUNGLIM VIP BLDG,SKHU6417612,40',45GP,,2,1,26SNKO3458E,2026-09-29 01:42:04
수출,LAEM CHABANG VOYAGER,2607W,20261001,HASLK01260808626,SEOJIN POLYTEC COLTDRM NO1008 PUNGLIM VIP BLDG,SKHU8406659,40',45GP,,2,1,26SNKO3458E,2026-09-29 01:42:04
수출,LAEM CHABANG VOYAGER,2607W,20261001,HASLK01260808626,SEOJIN POLYTEC COLTDRM NO1008 PUNGLIM VIP BLDG,SKHU9421642,40',45GP,,2,1,26SNKO3458E,2026-09-29 01:42:04
수출,LAEM CHABANG VOYAGER,2607W,20261001,HASLK01260808627,LOTTE CHEMICAL CORPORATIONLOTTE WORLD TOWER 300 OLYMPIC-RO,SKHU6205465,40',45GP,,2,1,26SNKO3458E,2026-09-29 01:42:04
수출,LAEM CHABANG VOYAGER,2607W,20261001,HASLK01260808627,LOTTE CHEMICAL CORPORATIONLOTTE WORLD TOWER 300 OLYMPIC-RO,SKHU8416723,40',45GP,,2,1,26SNKO3458E,2026-09-29 01:42:04
수출,LAEM CHABANG VOYAGER,2607W,20261001,HASLK01260808926,TAEWOONG LOGISTICS CO LTDTAEWOONG BD 5F 95,TGIU3201416,20',22TN,,1,1,26SNKO3458E,2026-09-29 01:42:04
수출,LAEM CHABANG VOYAGER,2607W,20261001,HASLK01260808926,TAEWOONG LOGISTICS CO LTDTAEWOONG BD 5F 95,TGIU3231853,20',22TN,,1,1,26SNKO3458E,2026-09-29 01:42:04
수출,LAEM CHABANG VOYAGER,2607W,20261001,HASLK01260903088,HYUNDAI CORPORATION25 YULGOK-RO 2-GIL JONGNO-GU,BEAU2425233,20',22GP,,1,1,26SNKO3458E,2026-09-29 01:42:04
수출,LAEM CHABANG VOYAGER,2607W,20261001,HASLK01260903088,HYUNDAI CORPORATION25 YULGOK-RO 2-GIL JONGNO-GU,SKLU0590613,20',22GP,,1,1,26SNKO3458E,2026-09-29 01:42:04
수출,LAEM CHABANG VOYAGER,2607W,20261001,HASLK01260903088,HYUNDAI CORPORATION25 YULGOK-RO 2-GIL JONGNO-GU,SKLU0708218,20',22GP,,1,1,26SNKO3458E,2026-09-29 01:42:04
수출,LAEM CHABANG VOYAGER,2607W,20261001,HASLK01260903088,HYUNDAI CORPORATION25 YULGOK-RO 2-GIL JONGNO-GU,SKLU0733313,20',22GP,,1,1,26SNKO3458E,2026-09-29 01:42:04
수출,LAEM CHABANG VOYAGER,2607W,20261001,HASLK01260903088,HYUNDAI CORPORATION25 YULGOK-RO 2-GIL JONGNO-GU,SKLU1413459,20',22GP,,1,1,26SNKO3458E,2026-09-29 01:42:04
수출,LAEM CHABANG VOYAGER,2607W,20261001,HASLK01260903088,HYUNDAI CORPORATION25 YULGOK-RO 2-GIL JONGNO-GU,SKLU1566782,20',22GP,,1,1,26SNKO3458E,2026-09-29 01:42:04
수출,LAEM CHABANG VOYAGER,2607W,20261001,HASLK01260903088,HYUNDAI CORPORATION25 YULGOK-RO 2-GIL JONGNO-GU,SKLU1930554,20',22GP,,1,1,26SNKO3458E,2026-09-29 01:42:04
수출,LAEM CHABANG VOYAGER,2607W,20261001,HASLK01260903088,HYUNDAI CORPORATION25 YULGOK-RO 2-GIL JONGNO-GU,SKLU2009185,20',22GP,,1,1,26SNKO3458E,2026-09-29 01:42:04
수출,LAEM CHABANG VOYAGER,2607W,20261001,HASLK01260903088,HYUNDAI CORPORATION25 YULGOK-RO 2-GIL JONGNO-GU,SKLU2341780,20',22GP,,1,1,26SNKO3458E,2026-09-29 01:42:04
수출,LAEM CHABANG VOYAGER,2607W,20261001,HASLK01260903088,HYUNDAI CORPORATION25 YULGOK-RO 2-GIL JONGNO-GU,TEMU1557697,20',22GP,,1,1,26SNKO3458E,2026-09-29 01:42:04
수출,LAEM CHABANG VOYAGER,2607W,20261001,HASLK01260903297,TAEWOONG LOGISTICS CO LTDTAEWOONG BD 5F 95,GMCU4151391,20',22TN,,1,1,26SNKO3458E,2026-09-29 01:42:04
수출,LAEM CHABANG VOYAGER,2607W,20261001,HASLK01260903297,TAEWOONG LOGISTICS CO LTDTAEWOONG BD 5F 95,TGIU3200507,20',22TN,,1,1,26SNKO3458E,2026-09-29 01:42:04
수출,LAEM CHABANG VOYAGER,2607W,20261001,HASLK01260903297,TAEWOONG LOGISTICS CO LTDTAEWOONG BD 5F 95,TGIU3222569,20',22TN,,1,1,26SNKO3458E,2026-09-29 01:42:04
수출,LAEM CHABANG VOYAGER,2607W,20261001,HASLK01260903297,TAEWOONG LOGISTICS CO LTDTAEWOONG BD 5F 95,TGIU3235308,20',22TN,,1,1,26SNKO3458E,2026-09-29 01:42:04
수출,LAEM CHABANG VOYAGER,2607W,20261001,HASLK01260903707,SAMMOK S-FORM COLTD474-40 ANSEONGMATCHUM-DAERO,HLHU8324743,40',45GP,,2,1,26SNKO3458E,2026-09-29 01:42:04
수출,LAEM CHABANG VOYAGER,2607W,20261001,HASLK01260903707,SAMMOK S-FORM COLTD474-40 ANSEONGMATCHUM-DAERO,HLHU8470970,40',45GP,,2,1,26SNKO3458E,2026-09-29 01:42:04
수출,LAEM CHABANG VOYAGER,2607W,20261001,HASLK01260903707,SAMMOK S-FORM COLTD474-40 ANSEONGMATCHUM-DAERO,SKHU6539190,40',45GP,,2,1,26SNKO3458E,2026-09-29 01:42:04
수출,LAEM CHABANG VOYAGER,2607W,20261001,HASLK01260904145,LG CHEM LTDLG TWIN TOWER 128,SKHU6591809,40',45GP,,2,1,26SNKO3458E,2026-09-29 01:42:04
수출,LAEM CHABANG VOYAGER,2607W,20261001,HASLK01260904145,LG CHEM LTDLG TWIN TOWER 128,TRHU6222848,40',45GP,,2,1,26SNKO3458E,2026-09-29 01:42:04
수출,LAEM CHABANG VOYAGER,2607W,20261001,HASLK01260904177,CANKO MARKETING INCROOM NO 901 26 NOHAE-RO 69 GIL,SKLU1548372,20',22GP,,1,1,26SNKO3458E,2026-09-29 01:42:04
수출,LAEM CHABANG VOYAGER,2607W,20261001,HASLK01260904187,LG CHEM LTDLG TWIN TOWER 128 YEOUI-DAERO,BMOU5791586,40',45GP,,2,1,26SNKO3458E,2026-09-29 01:42:04
수출,LAEM CHABANG VOYAGER,2607W,20261001,HASLK01260904187,LG CHEM LTDLG TWIN TOWER 128 YEOUI-DAERO,HLHU8571147,40',45GP,,2,1,26SNKO3458E,2026-09-29 01:42:04
수출,LAEM CHABANG VOYAGER,2607W,20261001,HASLK01260904214,LG CHEM LTDLG TWIN TOWERS 128 YEOUI DAERO,HALU2056550,20',22GP,,1,1,26SNKO3458E,2026-09-29 01:42:04
수출,LAEM CHABANG VOYAGER,2607W,20261001,HASLK01260904376,WINUS LOGICO COLTD OB OFPOSCO FUTURE M CO LTD,BEAU2344337,20',22GP,,1,1,26SNKO3458E,2026-09-29 01:42:04
수출,LAEM CHABANG VOYAGER,2607W,20261001,HASLK01260904376,WINUS LOGICO COLTD OB OFPOSCO FUTURE M CO LTD,DFSU3099776,20',22GP,,1,1,26SNKO3458E,2026-09-29 01:42:04
수출,LAEM CHABANG VOYAGER,2607W,20261001,HASLK01260904376,WINUS LOGICO COLTD OB OFPOSCO FUTURE M CO LTD,HALU2314887,20',22GP,,1,1,26SNKO3458E,2026-09-29 01:42:04
수출,LAEM CHABANG VOYAGER,2607W,20261001,HASLK01260904376,WINUS LOGICO COLTD OB OFPOSCO FUTURE M CO LTD,HALU2454370,20',22GP,,1,1,26SNKO3458E,2026-09-29 01:42:04
수출,LAEM CHABANG VOYAGER,2607W,20261001,HASLK01260904376,WINUS LOGICO COLTD OB OFPOSCO FUTURE M CO LTD,HALU2456705,20',22GP,,1,1,26SNKO3458E,2026-09-29 01:42:04
수출,LAEM CHABANG VOYAGER,2607W,20261001,HASLK01260904376,WINUS LOGICO COLTD OB OFPOSCO FUTURE M CO LTD,HALU2554825,20',22GP,,1,1,26SNKO3458E,2026-09-29 01:42:04
수출,LAEM CHABANG VOYAGER,2607W,20261001,HASLK01260904376,WINUS LOGICO COLTD OB OFPOSCO FUTURE M CO LTD,HALU2574210,20',22GP,,1,1,26SNKO3458E,2026-09-29 01:42:04
수출,LAEM CHABANG VOYAGER,2607W,20261001,HASLK01260904376,WINUS LOGICO COLTD OB OFPOSCO FUTURE M CO LTD,KMLU2800486,20',22GP,,1,1,26SNKO3458E,2026-09-29 01:42:04
수출,LAEM CHABANG VOYAGER,2607W,20261001,HASLK01260904376,WINUS LOGICO COLTD OB OFPOSCO FUTURE M CO LTD,SKLU0726398,20',22GP,,1,1,26SNKO3458E,2026-09-29 01:42:04
수출,LAEM CHABANG VOYAGER,2607W,20261001,HASLK01260904376,WINUS LOGICO COLTD OB OFPOSCO FUTURE M CO LTD,SKLU0742104,20',22GP,,1,1,26SNKO3458E,2026-09-29 01:42:04
수출,LAEM CHABANG VOYAGER,2607W,20261001,HASLK01260904376,WINUS LOGICO COLTD OB OFPOSCO FUTURE M CO LTD,SKLU0743950,20',22GP,,1,1,26SNKO3458E,2026-09-29 01:42:04
수출,LAEM CHABANG VOYAGER,2607W,20261001,HASLK01260904376,WINUS LOGICO COLTD OB OFPOSCO FUTURE M CO LTD,SKLU0744787,20',22GP,,1,1,26SNKO3458E,2026-09-29 01:42:04
수출,LAEM CHABANG VOYAGER,2607W,20261001,HASLK01260904376,WINUS LOGICO COLTD OB OFPOSCO FUTURE M CO LTD,SKLU1118140,20',22GP,,1,1,26SNKO3458E,2026-09-29 01:42:04
수출,LAEM CHABANG VOYAGER,2607W,20261001,HASLK01260904376,WINUS LOGICO COLTD OB OFPOSCO FUTURE M CO LTD,SKLU1301654,20',22GP,,1,1,26SNKO3458E,2026-09-29 01:42:04
수출,LAEM CHABANG VOYAGER,2607W,20261001,HASLK01260904376,WINUS LOGICO COLTD OB OFPOSCO FUTURE M CO LTD,SKLU1403635,20',22GP,,1,1,26SNKO3458E,2026-09-29 01:42:04
수출,LAEM CHABANG VOYAGER,2607W,20261001,HASLK01260904376,WINUS LOGICO COLTD OB OFPOSCO FUTURE M CO LTD,SKLU1430100,20',22GP,,1,1,26SNKO3458E,2026-09-29 01:42:04
수출,LAEM CHABANG VOYAGER,2607W,20261001,HASLK01260904376,WINUS LOGICO COLTD OB OFPOSCO FUTURE M CO LTD,SKLU1992746,20',22GP,,1,1,26SNKO3458E,2026-09-29 01:42:04
수출,LAEM CHABANG VOYAGER,2607W,20261001,HASLK01260904376,WINUS LOGICO COLTD OB OFPOSCO FUTURE M CO LTD,SKLU1994754,20',22GP,,1,1,26SNKO3458E,2026-09-29 01:42:04
수출,LAEM CHABANG VOYAGER,2607W,20261001,HASLK01260904376,WINUS LOGICO COLTD OB OFPOSCO FUTURE M CO LTD,SKLU2304468,20',22GP,,1,1,26SNKO3458E,2026-09-29 01:42:04
수출,LAEM CHABANG VOYAGER,2607W,20261001,HASLK01260904376,WINUS LOGICO COLTD OB OFPOSCO FUTURE M CO LTD,UETU2211513,20',22GP,,1,1,26SNKO3458E,2026-09-29 01:42:04
수출,LAEM CHABANG VOYAGER,2607W,20261001,HASLK01260904380,LOTTE CHEMICAL CORPORATIONLOTTE WORLD TOWER 300 OLYMPIC-RO,HLHU8333956,40',45GP,,2,1,26SNKO3458E,2026-09-29 01:42:04
수출,LAEM CHABANG VOYAGER,2607W,20261001,HASLK01260904380,LOTTE CHEMICAL CORPORATIONLOTTE WORLD TOWER 300 OLYMPIC-RO,HLHU8544840,40',45GP,,2,1,26SNKO3458E,2026-09-29 01:42:04
수출,LAEM CHABANG VOYAGER,2607W,20261001,HASLK01260904380,LOTTE CHEMICAL CORPORATIONLOTTE WORLD TOWER 300 OLYMPIC-RO,SKHU6539117,40',45GP,,2,1,26SNKO3458E,2026-09-29 01:42:04
수출,LAEM CHABANG VOYAGER,2607W,20261001,HASLK01260904380,LOTTE CHEMICAL CORPORATIONLOTTE WORLD TOWER 300 OLYMPIC-RO,SKHU9916322,40',45GP,,2,1,26SNKO3458E,2026-09-29 01:42:04
수출,LAEM CHABANG VOYAGER,2607W,20261001,HASLK01260904385,LOTTE CHEMICAL CORPORATIONLOTTE WORLD TOWER 300,FCIU9719274,40',45GP,,2,1,26SNKO3458E,2026-09-29 01:42:04
수출,LAEM CHABANG VOYAGER,2607W,20261001,HASLK01260904386,LOTTE CHEMICAL CORPORATIONLOTTE WORLD TOWER 300,HALU5630765,40',45GP,,2,1,26SNKO3458E,2026-09-29 01:42:04
수출,LAEM CHABANG VOYAGER,2607W,20261001,HASLK01260904386,LOTTE CHEMICAL CORPORATIONLOTTE WORLD TOWER 300,HLHU8554495,40',45GP,,2,1,26SNKO3458E,2026-09-29 01:42:04
수출,LAEM CHABANG VOYAGER,2607W,20261001,HASLK01260904387,LOTTE CHEMICAL CORPORATIONLOTTE WORLD TOWER300,SKHU9539086,40',45GP,,2,1,26SNKO3458E,2026-09-29 01:42:04
수출,LAEM CHABANG VOYAGER,2607W,20261001,HASLK01260904387,LOTTE CHEMICAL CORPORATIONLOTTE WORLD TOWER300,SKHU9624059,40',45GP,,2,1,26SNKO3458E,2026-09-29 01:42:04
수출,LAEM CHABANG VOYAGER,2607W,20261001,HASLK01260904515,LG CHEM LTD128 YEOUI-DAERO YEONGDEUNGPO-GU,BEAU2088908,20',22GP,,1,1,26SNKO3458E,2026-09-29 01:42:04
수출,LAEM CHABANG VOYAGER,2607W,20261001,HASLK01260904515,LG CHEM LTD128 YEOUI-DAERO YEONGDEUNGPO-GU,HALU2460984,20',22GP,,1,1,26SNKO3458E,2026-09-29 01:42:04
수출,LAEM CHABANG VOYAGER,2607W,20261001,HASLK01260904515,LG CHEM LTD128 YEOUI-DAERO YEONGDEUNGPO-GU,SKLU1808968,20',22GP,,1,1,26SNKO3458E,2026-09-29 01:42:04
수출,LAEM CHABANG VOYAGER,2607W,20261001,HASLK01260904515,LG CHEM LTD128 YEOUI-DAERO YEONGDEUNGPO-GU,SKLU1812459,20',22GP,,1,1,26SNKO3458E,2026-09-29 01:42:04
수출,LAEM CHABANG VOYAGER,2607W,20261001,HASLK01260904517,LG CHEM LTDLG TWIN TOWERS128 YEOUI-DAERO,DFSU1455311,20',22GP,,1,1,26SNKO3458E,2026-09-29 01:42:04
수출,LAEM CHABANG VOYAGER,2607W,20261001,HASLK01260904517,LG CHEM LTDLG TWIN TOWERS128 YEOUI-DAERO,HALU2025436,20',22GP,,1,1,26SNKO3458E,2026-09-29 01:42:04
수출,LAEM CHABANG VOYAGER,2607W,20261001,HASLK01260904517,LG CHEM LTDLG TWIN TOWERS128 YEOUI-DAERO,SKLU0413665,20',22GP,,1,1,26SNKO3458E,2026-09-29 01:42:04
수출,LAEM CHABANG VOYAGER,2607W,20261001,HASLK01260904517,LG CHEM LTDLG TWIN TOWERS128 YEOUI-DAERO,SKLU1941245,20',22GP,,1,1,26SNKO3458E,2026-09-29 01:42:04
수출,LAEM CHABANG VOYAGER,2607W,20261001,HASLK01260904519,LG CHEM LTD128 YEOUI-DAERO YEONGDEUNGPO-GU,BEAU2448814,20',22GP,,1,1,26SNKO3458E,2026-09-29 01:42:04
수출,LAEM CHABANG VOYAGER,2607W,20261001,HASLK01260904519,LG CHEM LTD128 YEOUI-DAERO YEONGDEUNGPO-GU,SKLU2028673,20',22GP,,1,1,26SNKO3458E,2026-09-29 01:42:04
수출,LAEM CHABANG VOYAGER,2607W,20261001,HASLK01260904519,LG CHEM LTD128 YEOUI-DAERO YEONGDEUNGPO-GU,SKLU2430743,20',22GP,,1,1,26SNKO3458E,2026-09-29 01:42:04
수출,LAEM CHABANG VOYAGER,2607W,20261001,HASLK01260904519,LG CHEM LTD128 YEOUI-DAERO YEONGDEUNGPO-GU,SKLU3503870,20',22GP,,1,1,26SNKO3458E,2026-09-29 01:42:04
수출,LAEM CHABANG VOYAGER,2607W,20261001,HASLK01260904526,LG CHEM LTD16F EAST TOWER LG TWIN TOWERS,BEAU2346849,20',22GP,,1,1,26SNKO3458E,2026-09-29 01:42:04
수출,LAEM CHABANG VOYAGER,2607W,20261001,HASLK01260904526,LG CHEM LTD16F EAST TOWER LG TWIN TOWERS,BEAU2861005,20',22GP,,1,1,26SNKO3458E,2026-09-29 01:42:04
수출,LAEM CHABANG VOYAGER,2607W,20261001,HASLK01260904526,LG CHEM LTD16F EAST TOWER LG TWIN TOWERS,DFSU1987588,20',22GP,,1,1,26SNKO3458E,2026-09-29 01:42:04
수출,LAEM CHABANG VOYAGER,2607W,20261001,HASLK01260904526,LG CHEM LTD16F EAST TOWER LG TWIN TOWERS,HALU2354663,20',22GP,,1,1,26SNKO3458E,2026-09-29 01:42:04
수출,LAEM CHABANG VOYAGER,2607W,20261001,HASLK01260904526,LG CHEM LTD16F EAST TOWER LG TWIN TOWERS,HALU2567530,20',22GP,,1,1,26SNKO3458E,2026-09-29 01:42:04
수출,LAEM CHABANG VOYAGER,2607W,20261001,HASLK01260904526,LG CHEM LTD16F EAST TOWER LG TWIN TOWERS,SKLU0717924,20',22GP,,1,1,26SNKO3458E,2026-09-29 01:42:04
수출,LAEM CHABANG VOYAGER,2607W,20261001,HASLK01260904526,LG CHEM LTD16F EAST TOWER LG TWIN TOWERS,SKLU1116276,20',22GP,,1,1,26SNKO3458E,2026-09-29 01:42:04
수출,LAEM CHABANG VOYAGER,2607W,20261001,HASLK01260904526,LG CHEM LTD16F EAST TOWER LG TWIN TOWERS,SKLU1533900,20',22GP,,1,1,26SNKO3458E,2026-09-29 01:42:04
수출,LAEM CHABANG VOYAGER,2607W,20261001,HASLK01260904526,LG CHEM LTD16F EAST TOWER LG TWIN TOWERS,SKLU1957940,20',22GP,,1,1,26SNKO3458E,2026-09-29 01:42:04
수출,LAEM CHABANG VOYAGER,2607W,20261001,HASLK01260904526,LG CHEM LTD16F EAST TOWER LG TWIN TOWERS,SKLU1978901,20',22GP,,1,1,26SNKO3458E,2026-09-29 01:42:04
수출,LAEM CHABANG VOYAGER,2607W,20261001,HASLK01260904526,LG CHEM LTD16F EAST TOWER LG TWIN TOWERS,SKLU2033371,20',22GP,,1,1,26SNKO3458E,2026-09-29 01:42:04
수출,LAEM CHABANG VOYAGER,2607W,20261001,HASLK01260904526,LG CHEM LTD16F EAST TOWER LG TWIN TOWERS,SKLU2038727,20',22GP,,1,1,26SNKO3458E,2026-09-29 01:42:04
수출,LAEM CHABANG VOYAGER,2607W,20261001,HASLK01260904526,LG CHEM LTD16F EAST TOWER LG TWIN TOWERS,SKLU2117929,20',22GP,,1,1,26SNKO3458E,2026-09-29 01:42:04
수출,LAEM CHABANG VOYAGER,2607W,20261001,HASLK01260904526,LG CHEM LTD16F EAST TOWER LG TWIN TOWERS,SKLU3516688,20',22GP,,1,1,26SNKO3458E,2026-09-29 01:42:04
수출,LAEM CHABANG VOYAGER,2607W,20261001,HASLK01260904526,LG CHEM LTD16F EAST TOWER LG TWIN TOWERS,TGCU2382540,20',22GP,,1,1,26SNKO3458E,2026-09-29 01:42:04
수출,LAEM CHABANG VOYAGER,2607W,20261001,HASLK01260904528,LG CHEM LTDLG TWIN TOWERS 20 YEOUIDO-DONG,HALU2041484,20',22GP,,1,1,26SNKO3458E,2026-09-29 01:42:04
수출,LAEM CHABANG VOYAGER,2607W,20261001,HASLK01260904528,LG CHEM LTDLG TWIN TOWERS 20 YEOUIDO-DONG,HALU2303162,20',22GP,,1,1,26SNKO3458E,2026-09-29 01:42:04
수출,LAEM CHABANG VOYAGER,2607W,20261001,HASLK01260904528,LG CHEM LTDLG TWIN TOWERS 20 YEOUIDO-DONG,HALU2344937,20',22GP,,1,1,26SNKO3458E,2026-09-29 01:42:04
수출,LAEM CHABANG VOYAGER,2607W,20261001,HASLK01260904528,LG CHEM LTDLG TWIN TOWERS 20 YEOUIDO-DONG,HALU2426399,20',22GP,,1,1,26SNKO3458E,2026-09-29 01:42:04
수출,LAEM CHABANG VOYAGER,2607W,20261001,HASLK01260904528,LG CHEM LTDLG TWIN TOWERS 20 YEOUIDO-DONG,SKLU1947900,20',22GP,,1,1,26SNKO3458E,2026-09-29 01:42:04
수출,LAEM CHABANG VOYAGER,2607W,20261001,HASLK01260904530,LG CHEMLTD16FEAST TOWERLG TWIN TOWER20,HALU2552587,20',22GP,,1,1,26SNKO3458E,2026-09-29 01:42:04
수출,LAEM CHABANG VOYAGER,2607W,20261001,HASLK01260904530,LG CHEMLTD16FEAST TOWERLG TWIN TOWER20,SKLU1103155,20',22GP,,1,1,26SNKO3458E,2026-09-29 01:42:04
수출,LAEM CHABANG VOYAGER,2607W,20261001,HASLK01260904530,LG CHEMLTD16FEAST TOWERLG TWIN TOWER20,SKLU1448706,20',22GP,,1,1,26SNKO3458E,2026-09-29 01:42:04
수출,LAEM CHABANG VOYAGER,2607W,20261001,HASLK01260904530,LG CHEMLTD16FEAST TOWERLG TWIN TOWER20,SKLU2307620,20',22GP,,1,1,26SNKO3458E,2026-09-29 01:42:04
수출,LAEM CHABANG VOYAGER,2607W,20261001,HASLK01260904532,LG CHEMLTDLG TWIN TOWERS128 YEOUI-DAERO,FCIU9718160,40',45GP,,2,1,26SNKO3458E,2026-09-29 01:42:04
수출,LAEM CHABANG VOYAGER,2607W,20261001,HASLK01260904532,LG CHEMLTDLG TWIN TOWERS128 YEOUI-DAERO,HLHU8365824,40',45GP,,2,1,26SNKO3458E,2026-09-29 01:42:04
수출,LAEM CHABANG VOYAGER,2607W,20261001,HASLK01260904532,LG CHEMLTDLG TWIN TOWERS128 YEOUI-DAERO,HLHU8367452,40',45GP,,2,1,26SNKO3458E,2026-09-29 01:42:04
수출,LAEM CHABANG VOYAGER,2607W,20261001,HASLK01260904532,LG CHEMLTDLG TWIN TOWERS128 YEOUI-DAERO,HLHU8371350,40',45GP,,2,1,26SNKO3458E,2026-09-29 01:42:04
수출,LAEM CHABANG VOYAGER,2607W,20261001,HASLK01260904532,LG CHEMLTDLG TWIN TOWERS128 YEOUI-DAERO,SKHU6379153,40',45GP,,2,1,26SNKO3458E,2026-09-29 01:42:04
수출,LAEM CHABANG VOYAGER,2607W,20261001,HASLK01260904532,LG CHEMLTDLG TWIN TOWERS128 YEOUI-DAERO,SKHU6431483,40',45GP,,2,1,26SNKO3458E,2026-09-29 01:42:04
수출,LAEM CHABANG VOYAGER,2607W,20261001,HASLK01260904532,LG CHEMLTDLG TWIN TOWERS128 YEOUI-DAERO,SKHU6447181,40',45GP,,2,1,26SNKO3458E,2026-09-29 01:42:04
수출,LAEM CHABANG VOYAGER,2607W,20261001,HASLK01260904532,LG CHEMLTDLG TWIN TOWERS128 YEOUI-DAERO,SKHU8410140,40',45GP,,2,1,26SNKO3458E,2026-09-29 01:42:04
수출,LAEM CHABANG VOYAGER,2607W,20261001,HASLK01260904532,LG CHEMLTDLG TWIN TOWERS128 YEOUI-DAERO,SKHU8706790,40',45GP,,2,1,26SNKO3458E,2026-09-29 01:42:04
수출,LAEM CHABANG VOYAGER,2607W,20261001,HASLK01260904532,LG CHEMLTDLG TWIN TOWERS128 YEOUI-DAERO,SKHU9607262,40',45GP,,2,1,26SNKO3458E,2026-09-29 01:42:04
수출,LAEM CHABANG VOYAGER,2607W,20261001,HASLK01260904532,LG CHEMLTDLG TWIN TOWERS128 YEOUI-DAERO,TCNU9645027,40',45GP,,2,1,26SNKO3458E,2026-09-29 01:42:04
수출,LAEM CHABANG VOYAGER,2607W,20261001,HASLK01260904532,LG CHEMLTDLG TWIN TOWERS128 YEOUI-DAERO,TRHU5286730,40',45GP,,2,1,26SNKO3458E,2026-09-29 01:42:04
수출,LAEM CHABANG VOYAGER,2607W,20261001,HASLK01260904533,LG CHEM LTD16F EAST TOWER LG TWIN TOWERS,SKLU0405079,20',22GP,,1,1,26SNKO3458E,2026-09-29 01:42:04
수출,LAEM CHABANG VOYAGER,2607W,20261001,HASLK01260904533,LG CHEM LTD16F EAST TOWER LG TWIN TOWERS,SKLU0722725,20',22GP,,1,1,26SNKO3458E,2026-09-29 01:42:04
수출,LAEM CHABANG VOYAGER,2607W,20261001,HASLK01260904533,LG CHEM LTD16F EAST TOWER LG TWIN TOWERS,SKLU1559675,20',22GP,,1,1,26SNKO3458E,2026-09-29 01:42:04
수출,LAEM CHABANG VOYAGER,2607W,20261001,HASLK01260904533,LG CHEM LTD16F EAST TOWER LG TWIN TOWERS,SKLU1626475,20',22GP,,1,1,26SNKO3458E,2026-09-29 01:42:04
수출,LAEM CHABANG VOYAGER,2607W,20261001,HASLK01260904533,LG CHEM LTD16F EAST TOWER LG TWIN TOWERS,SKLU1639220,20',22GP,,1,1,26SNKO3458E,2026-09-29 01:42:04
수출,LAEM CHABANG VOYAGER,2607W,20261001,HASLK01260904533,LG CHEM LTD16F EAST TOWER LG TWIN TOWERS,SKLU2047056,20',22GP,,1,1,26SNKO3458E,2026-09-29 01:42:04
수출,LAEM CHABANG VOYAGER,2607W,20261001,HASLK01260904533,LG CHEM LTD16F EAST TOWER LG TWIN TOWERS,SKLU2125312,20',22GP,,1,1,26SNKO3458E,2026-09-29 01:42:04
수출,LAEM CHABANG VOYAGER,2607W,20261001,HASLK01260904533,LG CHEM LTD16F EAST TOWER LG TWIN TOWERS,SKLU2424437,20',22GP,,1,1,26SNKO3458E,2026-09-29 01:42:04
수출,LAEM CHABANG VOYAGER,2607W,20261001,HASLK01260904533,LG CHEM LTD16F EAST TOWER LG TWIN TOWERS,SKLU3512996,20',22GP,,1,1,26SNKO3458E,2026-09-29 01:42:04
수출,LAEM CHABANG VOYAGER,2607W,20261001,HASLK01260904533,LG CHEM LTD16F EAST TOWER LG TWIN TOWERS,TEMU1549114,20',22GP,,1,1,26SNKO3458E,2026-09-29 01:42:04
수출,LAEM CHABANG VOYAGER,2607W,20261001,HASLK01260904751,LG CHEMLTD16FEAST TOWERLG TWIN TOWER,CAIU2945610,20',22GP,,1,1,26SNKO3458E,2026-09-29 01:42:04
수출,LAEM CHABANG VOYAGER,2607W,20261001,HASLK01260904751,LG CHEMLTD16FEAST TOWERLG TWIN TOWER,HALU2074981,20',22GP,,1,1,26SNKO3458E,2026-09-29 01:42:04
수출,LAEM CHABANG VOYAGER,2607W,20261001,HASLK01260904751,LG CHEMLTD16FEAST TOWERLG TWIN TOWER,HALU2079094,20',22GP,,1,1,26SNKO3458E,2026-09-29 01:42:04
수출,LAEM CHABANG VOYAGER,2607W,20261001,HASLK01260904751,LG CHEMLTD16FEAST TOWERLG TWIN TOWER,SKLU0732425,20',22GP,,1,1,26SNKO3458E,2026-09-29 01:42:04
수출,LAEM CHABANG VOYAGER,2607W,20261001,HASLK01260904751,LG CHEMLTD16FEAST TOWERLG TWIN TOWER,SKLU1813012,20',22GP,,1,1,26SNKO3458E,2026-09-29 01:42:04
수출,LAEM CHABANG VOYAGER,2607W,20261001,HASLK01260904751,LG CHEMLTD16FEAST TOWERLG TWIN TOWER,SKLU1966011,20',22GP,,1,1,26SNKO3458E,2026-09-29 01:42:04
수출,LAEM CHABANG VOYAGER,2607W,20261001,HASLK01260904753,JK INCORPORATED LTD4F SOOYOUNG BUILDING13 HANNAM,DFSU1924044,20',22GP,,1,1,26SNKO3458E,2026-09-29 01:42:04
수출,LAEM CHABANG VOYAGER,2607W,20261001,HASLK01260904753,JK INCORPORATED LTD4F SOOYOUNG BUILDING13 HANNAM,HALU2304636,20',22GP,,1,1,26SNKO3458E,2026-09-29 01:42:04
수출,LAEM CHABANG VOYAGER,2607W,20261001,HASLK01260904753,JK INCORPORATED LTD4F SOOYOUNG BUILDING13 HANNAM,HALU2444983,20',22GP,,1,1,26SNKO3458E,2026-09-29 01:42:04
수출,LAEM CHABANG VOYAGER,2607W,20261001,HASLK01260904753,JK INCORPORATED LTD4F SOOYOUNG BUILDING13 HANNAM,HALU2563405,20',22GP,,1,1,26SNKO3458E,2026-09-29 01:42:04
수출,LAEM CHABANG VOYAGER,2607W,20261001,HASLK01260904753,JK INCORPORATED LTD4F SOOYOUNG BUILDING13 HANNAM,SKLU0518265,20',22GP,,1,1,26SNKO3458E,2026-09-29 01:42:04
수출,LAEM CHABANG VOYAGER,2607W,20261001,HASLK01260904753,JK INCORPORATED LTD4F SOOYOUNG BUILDING13 HANNAM,SKLU0523805,20',22GP,,1,1,26SNKO3458E,2026-09-29 01:42:04
수출,LAEM CHABANG VOYAGER,2607W,20261001,HASLK01260904753,JK INCORPORATED LTD4F SOOYOUNG BUILDING13 HANNAM,SKLU0704465,20',22GP,,1,1,26SNKO3458E,2026-09-29 01:42:04
수출,LAEM CHABANG VOYAGER,2607W,20261001,HASLK01260904753,JK INCORPORATED LTD4F SOOYOUNG BUILDING13 HANNAM,SKLU1300426,20',22GP,,1,1,26SNKO3458E,2026-09-29 01:42:04
수출,LAEM CHABANG VOYAGER,2607W,20261001,HASLK01260904753,JK INCORPORATED LTD4F SOOYOUNG BUILDING13 HANNAM,SKLU1426029,20',22GP,,1,1,26SNKO3458E,2026-09-29 01:42:04
수출,LAEM CHABANG VOYAGER,2607W,20261001,HASLK01260904753,JK INCORPORATED LTD4F SOOYOUNG BUILDING13 HANNAM,SKLU1540685,20',22GP,,1,1,26SNKO3458E,2026-09-29 01:42:04
수출,LAEM CHABANG VOYAGER,2607W,20261001,HASLK01260904753,JK INCORPORATED LTD4F SOOYOUNG BUILDING13 HANNAM,SKLU1549640,20',22GP,,1,1,26SNKO3458E,2026-09-29 01:42:04
수출,LAEM CHABANG VOYAGER,2607W,20261001,HASLK01260904753,JK INCORPORATED LTD4F SOOYOUNG BUILDING13 HANNAM,SKLU1974017,20',22GP,,1,1,26SNKO3458E,2026-09-29 01:42:04
수출,LAEM CHABANG VOYAGER,2607W,20261001,HASLK01260904753,JK INCORPORATED LTD4F SOOYOUNG BUILDING13 HANNAM,SKLU2022464,20',22GP,,1,1,26SNKO3458E,2026-09-29 01:42:04
수출,LAEM CHABANG VOYAGER,2607W,20261001,HASLK01260904753,JK INCORPORATED LTD4F SOOYOUNG BUILDING13 HANNAM,SKLU2067432,20',22GP,,1,1,26SNKO3458E,2026-09-29 01:42:04
수출,LAEM CHABANG VOYAGER,2607W,20261001,HASLK01260904753,JK INCORPORATED LTD4F SOOYOUNG BUILDING13 HANNAM,SKLU2119428,20',22GP,,1,1,26SNKO3458E,2026-09-29 01:42:04
수출,LAEM CHABANG VOYAGER,2607W,20261001,HASLK01260904753,JK INCORPORATED LTD4F SOOYOUNG BUILDING13 HANNAM,SKLU2324377,20',22GP,,1,1,26SNKO3458E,2026-09-29 01:42:04
수출,LAEM CHABANG VOYAGER,2607W,20261001,HASLK01260904753,JK INCORPORATED LTD4F SOOYOUNG BUILDING13 HANNAM,SKLU2344352,20',22GP,,1,1,26SNKO3458E,2026-09-29 01:42:04
수출,LAEM CHABANG VOYAGER,2607W,20261001,HASLK01260904754,LG CHEM LTD128 YEOUI-DAERO YEONGDEUNGPO-GU,SKHU6461960,40',45GP,,2,1,26SNKO3458E,2026-09-29 01:42:04
수출,LAEM CHABANG VOYAGER,2607W,20261001,HASLK01260904754,LG CHEM LTD128 YEOUI-DAERO YEONGDEUNGPO-GU,SKHU9815311,40',45GP,,2,1,26SNKO3458E,2026-09-29 01:42:04
수출,LAEM CHABANG VOYAGER,2607W,20261001,HASLK01260904754,LG CHEM LTD128 YEOUI-DAERO YEONGDEUNGPO-GU,SKLU1112183,20',22GP,,1,1,26SNKO3458E,2026-09-29 01:42:04
수출,LAEM CHABANG VOYAGER,2607W,20261001,HASLK01260904827,LG CHEMLTDLG TWIN TOWER 20YEOUIDO-DONG,BEAU2427909,20',22GP,,1,1,26SNKO3458E,2026-09-29 01:42:04
수출,LAEM CHABANG VOYAGER,2607W,20261001,HASLK01260904827,LG CHEMLTDLG TWIN TOWER 20YEOUIDO-DONG,DFSU1453387,20',22GP,,1,1,26SNKO3458E,2026-09-29 01:42:04
수출,LAEM CHABANG VOYAGER,2607W,20261001,HASLK01260904827,LG CHEMLTDLG TWIN TOWER 20YEOUIDO-DONG,HALU2447806,20',22GP,,1,1,26SNKO3458E,2026-09-29 01:42:04
수출,LAEM CHABANG VOYAGER,2607W,20261001,HASLK01260904827,LG CHEMLTDLG TWIN TOWER 20YEOUIDO-DONG,HALU2559088,20',22GP,,1,1,26SNKO3458E,2026-09-29 01:42:04
수출,LAEM CHABANG VOYAGER,2607W,20261001,HASLK01260904827,LG CHEMLTDLG TWIN TOWER 20YEOUIDO-DONG,HALU2560005,20',22GP,,1,1,26SNKO3458E,2026-09-29 01:42:04
수출,LAEM CHABANG VOYAGER,2607W,20261001,HASLK01260904827,LG CHEMLTDLG TWIN TOWER 20YEOUIDO-DONG,SKLU0731223,20',22GP,,1,1,26SNKO3458E,2026-09-29 01:42:04
수출,LAEM CHABANG VOYAGER,2607W,20261001,HASLK01260904827,LG CHEMLTDLG TWIN TOWER 20YEOUIDO-DONG,SKLU1317970,20',22GP,,1,1,26SNKO3458E,2026-09-29 01:42:04
수출,LAEM CHABANG VOYAGER,2607W,20261001,HASLK01260904827,LG CHEMLTDLG TWIN TOWER 20YEOUIDO-DONG,SKLU2429594,20',22GP,,1,1,26SNKO3458E,2026-09-29 01:42:04
수출,LAEM CHABANG VOYAGER,2607W,20261001,HASLK01260904827,LG CHEMLTDLG TWIN TOWER 20YEOUIDO-DONG,SKLU2474063,20',22GP,,1,1,26SNKO3458E,2026-09-29 01:42:04
수출,LAEM CHABANG VOYAGER,2607W,20261001,HASLK01260904827,LG CHEMLTDLG TWIN TOWER 20YEOUIDO-DONG,SKLU2489335,20',22GP,,1,1,26SNKO3458E,2026-09-29 01:42:04
수출,LAEM CHABANG VOYAGER,2607W,20261001,HASLK01260904829,LG CHEMLTDLG TWIN TOWER 20YEOUIDO-DONG,BEAU2183700,20',22GP,,1,1,26SNKO3458E,2026-09-29 01:42:04
수출,LAEM CHABANG VOYAGER,2607W,20261001,HASLK01260904829,LG CHEMLTDLG TWIN TOWER 20YEOUIDO-DONG,HALU2080032,20',22GP,,1,1,26SNKO3458E,2026-09-29 01:42:04
수출,LAEM CHABANG VOYAGER,2607W,20261001,HASLK01260904829,LG CHEMLTDLG TWIN TOWER 20YEOUIDO-DONG,HALU2520511,20',22GP,,1,1,26SNKO3458E,2026-09-29 01:42:04
수출,LAEM CHABANG VOYAGER,2607W,20261001,HASLK01260904829,LG CHEMLTDLG TWIN TOWER 20YEOUIDO-DONG,SKLU0718263,20',22GP,,1,1,26SNKO3458E,2026-09-29 01:42:04
수출,LAEM CHABANG VOYAGER,2607W,20261001,HASLK01260904829,LG CHEMLTDLG TWIN TOWER 20YEOUIDO-DONG,SKLU2021935,20',22GP,,1,1,26SNKO3458E,2026-09-29 01:42:04
수출,LAEM CHABANG VOYAGER,2607W,20261001,HASLK01260904829,LG CHEMLTDLG TWIN TOWER 20YEOUIDO-DONG,TEMU1225780,20',22GP,,1,1,26SNKO3458E,2026-09-29 01:42:04
수출,LAEM CHABANG VOYAGER,2607W,20261001,HASLK01260904855,LG CHEM LTDLG TWIN TOWER 128 YEOUI-DAERO,CXDU2382454,20',22GP,,1,1,26SNKO3458E,2026-09-29 01:42:04
수출,LAEM CHABANG VOYAGER,2607W,20261001,HASLK01260904858,LG CHEM LTDLG TWIN TOWER 128 YEOUI-DAERO,HALU2505482,20',22GP,,1,1,26SNKO3458E,2026-09-29 01:42:04
수출,LAEM CHABANG VOYAGER,2607W,20261001,HASLK01260904858,LG CHEM LTDLG TWIN TOWER 128 YEOUI-DAERO,SKLU1116893,20',22GP,,1,1,26SNKO3458E,2026-09-29 01:42:04
수출,LAEM CHABANG VOYAGER,2607W,20261001,HASLK01260905142,HANWHA CHEMICALSHANGHAICO LTD20F TOWER A NEW CAOHEJING,SEGU6396407,40',45GP,,2,1,26SNKO3458E,2026-09-29 01:42:04
수출,LAEM CHABANG VOYAGER,2607W,20261001,HASLK01260905142,HANWHA CHEMICALSHANGHAICO LTD20F TOWER A NEW CAOHEJING,SKHU6471655,40',45GP,,2,1,26SNKO3458E,2026-09-29 01:42:04
수출,LAEM CHABANG VOYAGER,2607W,20261001,HASLK01260905142,HANWHA CHEMICALSHANGHAICO LTD20F TOWER A NEW CAOHEJING,SKHU9933910,40',45GP,,2,1,26SNKO3458E,2026-09-29 01:42:04
수출,LAEM CHABANG VOYAGER,2607W,20261001,HASLK01260905308,ORION KOREA COLTD310-88 JINDALLAE-GIL YEOSU-SI,HLHU8352724,40',45GP,,2,1,26SNKO3458E,2026-09-29 01:42:04
수출,LAEM CHABANG VOYAGER,2607W,20261001,HASLK01260905404,SEOJIN POLYTEC COLTDRM NO1008 PUNGLIM VIP BLDG,HLHU8456919,40',45GP,,2,1,26SNKO3458E,2026-09-29 01:42:04
수출,LAEM CHABANG VOYAGER,2607W,20261001,HASLK01260905404,SEOJIN POLYTEC COLTDRM NO1008 PUNGLIM VIP BLDG,SKHU8103858,40',45GP,,2,1,26SNKO3458E,2026-09-29 01:42:04
수출,LAEM CHABANG VOYAGER,2607W,20261001,HASLK01260905404,SEOJIN POLYTEC COLTDRM NO1008 PUNGLIM VIP BLDG,SKHU8705114,40',45GP,,2,1,26SNKO3458E,2026-09-29 01:42:04
수출,LAEM CHABANG VOYAGER,2607W,20261001,HASLK01260905404,SEOJIN POLYTEC COLTDRM NO1008 PUNGLIM VIP BLDG,SKHU8923203,40',45GP,,2,1,26SNKO3458E,2026-09-29 01:42:04
수출,LAEM CHABANG VOYAGER,2607W,20261001,HASLK01260905404,SEOJIN POLYTEC COLTDRM NO1008 PUNGLIM VIP BLDG,SKHU9503397,40',45GP,,2,1,26SNKO3458E,2026-09-29 01:42:04
수출,LAEM CHABANG VOYAGER,2607W,20261001,HASLK01260905404,SEOJIN POLYTEC COLTDRM NO1008 PUNGLIM VIP BLDG,SKHU9516054,40',45GP,,2,1,26SNKO3458E,2026-09-29 01:42:04
수출,LAEM CHABANG VOYAGER,2607W,20261001,HASLK01260905404,SEOJIN POLYTEC COLTDRM NO1008 PUNGLIM VIP BLDG,TRHU4870841,40',45GP,,2,1,26SNKO3458E,2026-09-29 01:42:04
수출,LAEM CHABANG VOYAGER,2607W,20261001,HASLK01260905832,LG CHEM LTDLG TWIN TOWER 128,HALU2558142,20',22GP,,1,1,26SNKO3458E,2026-09-29 01:42:04
수출,LAEM CHABANG VOYAGER,2607W,20261001,HASLK01260906353,TAEWOONG LOGISTICS CO LTDTAEWOONG BD 5F 95 SEOCHO-,KDCU9150161,20',22TN,,1,1,26SNKO3458E,2026-09-29 01:42:04
수출,LAEM CHABANG VOYAGER,2607W,20261001,HASLK01260906353,TAEWOONG LOGISTICS CO LTDTAEWOONG BD 5F 95 SEOCHO-,KDCU9160869,20',22TN,,1,1,26SNKO3458E,2026-09-29 01:42:04
수출,LAEM CHABANG VOYAGER,2607W,20261001,HASLK01260906353,TAEWOONG LOGISTICS CO LTDTAEWOONG BD 5F 95 SEOCHO-,TGIU3221264,20',22TN,,1,1,26SNKO3458E,2026-09-29 01:42:04
수출,LAEM CHABANG VOYAGER,2607W,20261001,HASLK01260906353,TAEWOONG LOGISTICS CO LTDTAEWOONG BD 5F 95 SEOCHO-,TGIU3221705,20',22TN,,1,1,26SNKO3458E,2026-09-29 01:42:04
수출,LAEM CHABANG VOYAGER,2607W,20261001,HASLK01260906353,TAEWOONG LOGISTICS CO LTDTAEWOONG BD 5F 95 SEOCHO-,TGIU3235437,20',22TN,,1,1,26SNKO3458E,2026-09-29 01:42:04
수출,LAEM CHABANG VOYAGER,2607W,20261001,HASLK01260906362,TAEWOONG LOGISTICS CO LTDTAEWOONG BD 5F 95 SEOCHO-DAERO,TGIU3248239,20',22TN,,1,1,26SNKO3458E,2026-09-29 01:42:04
수출,LAEM CHABANG VOYAGER,2607W,20261001,HASLK01260906451,LG CHEM LTDLG TWIN TOWERS 128 YEOUI-DAERO,SKLU2114200,20',22GP,,1,1,26SNKO3458E,2026-09-29 01:42:04
수출,LAEM CHABANG VOYAGER,2607W,20261001,HASLK01260906455,LG CHEM LTDLG TWIN TOWERS 128 YEOUI-DAERO,SKLU1329311,20',22GP,,1,1,26SNKO3458E,2026-09-29 01:42:04
수출,LAEM CHABANG VOYAGER,2607W,20261001,HASLK01260906531,MTS LOGISTICS CO LTD OB OFMIWON SPECIALTY CHEMICAL CO LTD,SKLU1441527,20',22GP,,1,1,26SNKO3458E,2026-09-29 01:42:04
수출,LAEM CHABANG VOYAGER,2607W,20261001,HASLK01260907159,LG CHEM LTDLG TWIN TOWER 128 YEOUI-DAERO,HALU2523017,20',22GP,,1,1,26SNKO3458E,2026-09-29 01:42:04
수출,LAEM CHABANG VOYAGER,2607W,20261001,HASLK01260907159,LG CHEM LTDLG TWIN TOWER 128 YEOUI-DAERO,SKLU1554713,20',22GP,,1,1,26SNKO3458E,2026-09-29 01:42:04
수출,LAEM CHABANG VOYAGER,2607W,20261001,HASLK01260907160,LG CHEM LTDLG TWIN TOWERS 128 YEOUI-DAERO,HALU2560561,20',22GP,,1,1,26SNKO3458E,2026-09-29 01:42:04
수출,LAEM CHABANG VOYAGER,2607W,20261001,HASLK01260907162,LG CHEM LTDLG TWIN TOWERS 128 YEOUI-DAERO,SKLU1549023,20',22GP,,1,1,26SNKO3458E,2026-09-29 01:42:04
수출,LAEM CHABANG VOYAGER,2607W,20261001,HASLK01260907162,LG CHEM LTDLG TWIN TOWERS 128 YEOUI-DAERO,TGCU2399223,20',22GP,,1,1,26SNKO3458E,2026-09-29 01:42:04
수출,LAEM CHABANG VOYAGER,2607W,20261001,HASLK01260907772,HS HYOSUNG CORPORATION3F HYOSUNG HARRINGTON SQUARE A,SKLU1560819,20',22GP,,1,1,26SNKO3458E,2026-09-29 01:42:04
수출,LAEM CHABANG VOYAGER,2607W,20261001,HASLK01260908127,UNID GLOBAL CORP16FL FERRUM TOWER NO19,SKLU2047626,20',22GP,,1,1,26SNKO3458E,2026-09-29 01:42:04
수출,LAEM CHABANG VOYAGER,2607W,20261001,HASLJ01260701398,MARUBENI FOREST LINX CO LTDMARUBENI BUILDING 4-2 OHTEMACHI,HLHU8370899,40',45GP,,2,1,26SNKO3578E,2026-09-29 01:42:04
수출,LAEM CHABANG VOYAGER,2607W,20261001,HASLJ01260701398,MARUBENI FOREST LINX CO LTDMARUBENI BUILDING 4-2 OHTEMACHI,SKHU6502442,40',45GP,,2,1,26SNKO3578E,2026-09-29 01:42:04
수출,LAEM CHABANG VOYAGER,2607W,20261001,HASLJ01260701398,MARUBENI FOREST LINX CO LTDMARUBENI BUILDING 4-2 OHTEMACHI,SKHU9900584,40',45GP,,2,1,26SNKO3578E,2026-09-29 01:42:04
수출,LAEM CHABANG VOYAGER,2607W,20261001,HASLJ01260701398,MARUBENI FOREST LINX CO LTDMARUBENI BUILDING 4-2 OHTEMACHI,SKHU9959200,40',45GP,,2,1,26SNKO3578E,2026-09-29 01:42:04
수출,LAEM CHABANG VOYAGER,2607W,20261001,HASLJ01260800141,MARUBENI FOREST LINX CO LTDMARUBENI BUILDING 4-2 OHTEMACHI,GCXU6015130,40',45GP,,2,1,26SNKO3578E,2026-09-29 01:42:04
수출,LAEM CHABANG VOYAGER,2607W,20261001,HASLJ01260800141,MARUBENI FOREST LINX CO LTDMARUBENI BUILDING 4-2 OHTEMACHI,HLHU8505660,40',45GP,,2,1,26SNKO3578E,2026-09-29 01:42:04
수출,LAEM CHABANG VOYAGER,2607W,20261001,HASLJ01260800141,MARUBENI FOREST LINX CO LTDMARUBENI BUILDING 4-2 OHTEMACHI,HLHU8537841,40',45GP,,2,1,26SNKO3578E,2026-09-29 01:42:04
수출,LAEM CHABANG VOYAGER,2607W,20261001,HASLJ01260800141,MARUBENI FOREST LINX CO LTDMARUBENI BUILDING 4-2 OHTEMACHI,SKHU6395370,40',45GP,,2,1,26SNKO3578E,2026-09-29 01:42:04
수출,LAEM CHABANG VOYAGER,2607W,20261001,HASLJ01260800141,MARUBENI FOREST LINX CO LTDMARUBENI BUILDING 4-2 OHTEMACHI,SKHU6415498,40',45GP,,2,1,26SNKO3578E,2026-09-29 01:42:04
수출,LAEM CHABANG VOYAGER,2607W,20261001,HASLJ01260800321,KOKUSAI PULPPAPER COLTD,BMOU6427964,40',45GP,,2,1,26SNKO3578E,2026-09-29 01:42:04
수출,LAEM CHABANG VOYAGER,2607W,20261001,HASLJ01260800321,KOKUSAI PULPPAPER COLTD,GCXU6010020,40',45GP,,2,1,26SNKO3578E,2026-09-29 01:42:04
수출,LAEM CHABANG VOYAGER,2607W,20261001,HASLJ01260800321,KOKUSAI PULPPAPER COLTD,HLHU6417791,40',45GP,,2,1,26SNKO3578E,2026-09-29 01:42:04
수출,LAEM CHABANG VOYAGER,2607W,20261001,HASLJ01260800321,KOKUSAI PULPPAPER COLTD,HLHU6423346,40',45GP,,2,1,26SNKO3578E,2026-09-29 01:42:04
수출,LAEM CHABANG VOYAGER,2607W,20261001,HASLJ01260800321,KOKUSAI PULPPAPER COLTD,HLHU8328815,40',45GP,,2,1,26SNKO3578E,2026-09-29 01:42:04
수출,LAEM CHABANG VOYAGER,2607W,20261001,HASLJ01260800321,KOKUSAI PULPPAPER COLTD,HLHU8368192,40',45GP,,2,1,26SNKO3578E,2026-09-29 01:42:04
수출,LAEM CHABANG VOYAGER,2607W,20261001,HASLJ01260800321,KOKUSAI PULPPAPER COLTD,HLHU8484042,40',45GP,,2,1,26SNKO3578E,2026-09-29 01:42:04
수출,LAEM CHABANG VOYAGER,2607W,20261001,HASLJ01260800321,KOKUSAI PULPPAPER COLTD,HLHU8573160,40',45GP,,2,1,26SNKO3578E,2026-09-29 01:42:04
수출,LAEM CHABANG VOYAGER,2607W,20261001,HASLJ01260800321,KOKUSAI PULPPAPER COLTD,SKHU6200416,40',45GP,,2,1,26SNKO3578E,2026-09-29 01:42:04
수출,LAEM CHABANG VOYAGER,2607W,20261001,HASLJ01260800321,KOKUSAI PULPPAPER COLTD,SKHU6307430,40',45GP,,2,1,26SNKO3578E,2026-09-29 01:42:04
수출,LAEM CHABANG VOYAGER,2607W,20261001,HASLJ01260800321,KOKUSAI PULPPAPER COLTD,SKHU6377931,40',45GP,,2,1,26SNKO3578E,2026-09-29 01:42:04
수출,LAEM CHABANG VOYAGER,2607W,20261001,HASLJ01260800321,KOKUSAI PULPPAPER COLTD,SKHU6427354,40',45GP,,2,1,26SNKO3578E,2026-09-29 01:42:04
수출,LAEM CHABANG VOYAGER,2607W,20261001,HASLJ01260800321,KOKUSAI PULPPAPER COLTD,SKHU6444710,40',45GP,,2,1,26SNKO3578E,2026-09-29 01:42:04
수출,LAEM CHABANG VOYAGER,2607W,20261001,HASLJ01260800321,KOKUSAI PULPPAPER COLTD,SKHU6464770,40',45GP,,2,1,26SNKO3578E,2026-09-29 01:42:04
수출,LAEM CHABANG VOYAGER,2607W,20261001,HASLJ01260800321,KOKUSAI PULPPAPER COLTD,SKHU6598146,40',45GP,,2,1,26SNKO3578E,2026-09-29 01:42:04
수출,LAEM CHABANG VOYAGER,2607W,20261001,HASLJ01260800321,KOKUSAI PULPPAPER COLTD,SKHU8104406,40',45GP,,2,1,26SNKO3578E,2026-09-29 01:42:04
수출,LAEM CHABANG VOYAGER,2607W,20261001,HASLJ01260800321,KOKUSAI PULPPAPER COLTD,SKHU8917685,40',45GP,,2,1,26SNKO3578E,2026-09-29 01:42:04
수출,LAEM CHABANG VOYAGER,2607W,20261001,HASLJ01260800321,KOKUSAI PULPPAPER COLTD,SKHU9517934,40',45GP,,2,1,26SNKO3578E,2026-09-29 01:42:04
수출,LAEM CHABANG VOYAGER,2607W,20261001,HASLJ01260800321,KOKUSAI PULPPAPER COLTD,SKHU9537993,40',45GP,,2,1,26SNKO3578E,2026-09-29 01:42:04
수출,LAEM CHABANG VOYAGER,2607W,20261001,HASLJ01260800321,KOKUSAI PULPPAPER COLTD,SKHU9835832,40',45GP,,2,1,26SNKO3578E,2026-09-29 01:42:04
수출,LAEM CHABANG VOYAGER,2607W,20261001,HASLJ01260800321,KOKUSAI PULPPAPER COLTD,SKHU9907486,40',45GP,,2,1,26SNKO3578E,2026-09-29 01:42:04
수출,LAEM CHABANG VOYAGER,2607W,20261001,HASLJ01260800322,KOKUSAI PULPPAPER COLTD,DFSU7714831,40',45GP,,2,1,26SNKO3578E,2026-09-29 01:42:04
수출,LAEM CHABANG VOYAGER,2607W,20261001,HASLJ01260800322,KOKUSAI PULPPAPER COLTD,GCXU5995507,40',45GP,,2,1,26SNKO3578E,2026-09-29 01:42:04
수출,LAEM CHABANG VOYAGER,2607W,20261001,HASLJ01260800322,KOKUSAI PULPPAPER COLTD,GCXU6008085,40',45GP,,2,1,26SNKO3578E,2026-09-29 01:42:04
수출,LAEM CHABANG VOYAGER,2607W,20261001,HASLJ01260800322,KOKUSAI PULPPAPER COLTD,HLHU8311941,40',45GP,,2,1,26SNKO3578E,2026-09-29 01:42:04
수출,LAEM CHABANG VOYAGER,2607W,20261001,HASLJ01260800322,KOKUSAI PULPPAPER COLTD,HLHU8312402,40',45GP,,2,1,26SNKO3578E,2026-09-29 01:42:04
수출,LAEM CHABANG VOYAGER,2607W,20261001,HASLJ01260800322,KOKUSAI PULPPAPER COLTD,HLHU8331038,40',45GP,,2,1,26SNKO3578E,2026-09-29 01:42:04
수출,LAEM CHABANG VOYAGER,2607W,20261001,HASLJ01260800322,KOKUSAI PULPPAPER COLTD,HLHU8371724,40',45GP,,2,1,26SNKO3578E,2026-09-29 01:42:04
수출,LAEM CHABANG VOYAGER,2607W,20261001,HASLJ01260800322,KOKUSAI PULPPAPER COLTD,HLHU8451769,40',45GP,,2,1,26SNKO3578E,2026-09-29 01:42:04
수출,LAEM CHABANG VOYAGER,2607W,20261001,HASLJ01260800322,KOKUSAI PULPPAPER COLTD,HLHU8527170,40',45GP,,2,1,26SNKO3578E,2026-09-29 01:42:04
수출,LAEM CHABANG VOYAGER,2607W,20261001,HASLJ01260800322,KOKUSAI PULPPAPER COLTD,HLHU8574681,40',45GP,,2,1,26SNKO3578E,2026-09-29 01:42:04
수출,LAEM CHABANG VOYAGER,2607W,20261001,HASLJ01260800322,KOKUSAI PULPPAPER COLTD,SKHU6472456,40',45GP,,2,1,26SNKO3578E,2026-09-29 01:42:04
수출,LAEM CHABANG VOYAGER,2607W,20261001,HASLJ01260800322,KOKUSAI PULPPAPER COLTD,SKHU6504912,40',45GP,,2,1,26SNKO3578E,2026-09-29 01:42:04
수출,LAEM CHABANG VOYAGER,2607W,20261001,HASLJ01260800322,KOKUSAI PULPPAPER COLTD,SKHU6550137,40',45GP,,2,1,26SNKO3578E,2026-09-29 01:42:04
수출,LAEM CHABANG VOYAGER,2607W,20261001,HASLJ01260800322,KOKUSAI PULPPAPER COLTD,SKHU8412522,40',45GP,,2,1,26SNKO3578E,2026-09-29 01:42:04
수출,LAEM CHABANG VOYAGER,2607W,20261001,HASLJ01260800322,KOKUSAI PULPPAPER COLTD,SKHU8423002,40',45GP,,2,1,26SNKO3578E,2026-09-29 01:42:04
수출,LAEM CHABANG VOYAGER,2607W,20261001,HASLJ01260800322,KOKUSAI PULPPAPER COLTD,SKHU9515037,40',45GP,,2,1,26SNKO3578E,2026-09-29 01:42:04
수출,LAEM CHABANG VOYAGER,2607W,20261001,HASLJ01260800322,KOKUSAI PULPPAPER COLTD,SKHU9527552,40',45GP,,2,1,26SNKO3578E,2026-09-29 01:42:04
수출,LAEM CHABANG VOYAGER,2607W,20261001,HASLJ01260800322,KOKUSAI PULPPAPER COLTD,SKHU9540981,40',45GP,,2,1,26SNKO3578E,2026-09-29 01:42:04
수출,LAEM CHABANG VOYAGER,2607W,20261001,HASLJ01260800322,KOKUSAI PULPPAPER COLTD,SKHU9556777,40',45GP,,2,1,26SNKO3578E,2026-09-29 01:42:04
수출,LAEM CHABANG VOYAGER,2607W,20261001,HASLJ01260800345,MITSUBISHI CHEMICAL CORPORATION,SKHU8720314,40',45GP,,2,1,26SNKO3578E,2026-09-29 01:42:04
수출,LAEM CHABANG VOYAGER,2607W,20261001,HASLJ01260800345,MITSUBISHI CHEMICAL CORPORATION,SKHU9608248,40',45GP,,2,1,26SNKO3578E,2026-09-29 01:42:04
수출,LAEM CHABANG VOYAGER,2607W,20261001,HASLJ01260800540,KINTETSU WORLD EXPRESS INC,BMOU6426530,40',45GP,,2,1,26SNKO3578E,2026-09-29 01:42:04
수출,LAEM CHABANG VOYAGER,2607W,20261001,HASLJ01260800540,KINTETSU WORLD EXPRESS INC,DFSU7510669,40',45GP,,2,1,26SNKO3578E,2026-09-29 01:42:04
수출,LAEM CHABANG VOYAGER,2607W,20261001,HASLJ01260800540,KINTETSU WORLD EXPRESS INC,HALU5631864,40',45GP,,2,1,26SNKO3578E,2026-09-29 01:42:04
수출,LAEM CHABANG VOYAGER,2607W,20261001,HASLJ01260800540,KINTETSU WORLD EXPRESS INC,HALU5665139,40',45GP,,2,1,26SNKO3578E,2026-09-29 01:42:04
수출,LAEM CHABANG VOYAGER,2607W,20261001,HASLJ01260800540,KINTETSU WORLD EXPRESS INC,HALU5669598,40',45GP,,2,1,26SNKO3578E,2026-09-29 01:42:04
수출,LAEM CHABANG VOYAGER,2607W,20261001,HASLJ01260800540,KINTETSU WORLD EXPRESS INC,HLHU8302256,40',45GP,,2,1,26SNKO3578E,2026-09-29 01:42:04
수출,LAEM CHABANG VOYAGER,2607W,20261001,HASLJ01260800540,KINTETSU WORLD EXPRESS INC,HLHU8370878,40',45GP,,2,1,26SNKO3578E,2026-09-29 01:42:04
수출,LAEM CHABANG VOYAGER,2607W,20261001,HASLJ01260800540,KINTETSU WORLD EXPRESS INC,HLHU8385590,40',45GP,,2,1,26SNKO3578E,2026-09-29 01:42:04
수출,LAEM CHABANG VOYAGER,2607W,20261001,HASLJ01260800540,KINTETSU WORLD EXPRESS INC,HLHU8426895,40',45GP,,2,1,26SNKO3578E,2026-09-29 01:42:04
수출,LAEM CHABANG VOYAGER,2607W,20261001,HASLJ01260800540,KINTETSU WORLD EXPRESS INC,HLHU8488217,40',45GP,,2,1,26SNKO3578E,2026-09-29 01:42:04
수출,LAEM CHABANG VOYAGER,2607W,20261001,HASLJ01260800540,KINTETSU WORLD EXPRESS INC,HLHU8572396,40',45GP,,2,1,26SNKO3578E,2026-09-29 01:42:04
수출,LAEM CHABANG VOYAGER,2607W,20261001,HASLJ01260800540,KINTETSU WORLD EXPRESS INC,HLHU8593188,40',45GP,,2,1,26SNKO3578E,2026-09-29 01:42:04
수출,LAEM CHABANG VOYAGER,2607W,20261001,HASLJ01260800540,KINTETSU WORLD EXPRESS INC,SEKU4985341,40',45GP,,2,1,26SNKO3578E,2026-09-29 01:42:04
수출,LAEM CHABANG VOYAGER,2607W,20261001,HASLJ01260800540,KINTETSU WORLD EXPRESS INC,SKHU6365695,40',45GP,,2,1,26SNKO3578E,2026-09-29 01:42:04
수출,LAEM CHABANG VOYAGER,2607W,20261001,HASLJ01260800540,KINTETSU WORLD EXPRESS INC,SKHU6385496,40',45GP,,2,1,26SNKO3578E,2026-09-29 01:42:04
수출,LAEM CHABANG VOYAGER,2607W,20261001,HASLJ01260800540,KINTETSU WORLD EXPRESS INC,SKHU6386912,40',45GP,,2,1,26SNKO3578E,2026-09-29 01:42:04
수출,LAEM CHABANG VOYAGER,2607W,20261001,HASLJ01260800540,KINTETSU WORLD EXPRESS INC,SKHU6446539,40',45GP,,2,1,26SNKO3578E,2026-09-29 01:42:04
수출,LAEM CHABANG VOYAGER,2607W,20261001,HASLJ01260800540,KINTETSU WORLD EXPRESS INC,SKHU8929794,40',45GP,,2,1,26SNKO3578E,2026-09-29 01:42:04
수출,LAEM CHABANG VOYAGER,2607W,20261001,HASLJ01260800540,KINTETSU WORLD EXPRESS INC,SKHU9512470,40',45GP,,2,1,26SNKO3578E,2026-09-29 01:42:04
수출,LAEM CHABANG VOYAGER,2607W,20261001,HASLJ01260800540,KINTETSU WORLD EXPRESS INC,SKHU9532970,40',45GP,,2,1,26SNKO3578E,2026-09-29 01:42:04
수출,LAEM CHABANG VOYAGER,2607W,20261001,HASLJ01260800540,KINTETSU WORLD EXPRESS INC,TCNU5175795,40',45GP,,2,1,26SNKO3578E,2026-09-29 01:42:04
수출,LAEM CHABANG VOYAGER,2607W,20261001,HASLJ01260800540,KINTETSU WORLD EXPRESS INC,TRHU6257269,40',45GP,,2,1,26SNKO3578E,2026-09-29 01:42:04
수출,LAEM CHABANG VOYAGER,2607W,20261001,HASLJ01260800670,RESORA GLOBAL LIMITEDUNIT B 22FARTHUR COMM BUILDING,HALU2350550,20',22GP,,1,1,26SNKO3578E,2026-09-29 01:42:04
수출,LAEM CHABANG VOYAGER,2607W,20261001,HASLJ01260800670,RESORA GLOBAL LIMITEDUNIT B 22FARTHUR COMM BUILDING,SKLU1968694,20',22GP,,1,1,26SNKO3578E,2026-09-29 01:42:04
수출,LAEM CHABANG VOYAGER,2607W,20261001,HASLJ01260800897,HAKUA TRADING COLTD822OSAKA EKIMAE NO3 BLDG  1-1-3,HALU2429340,20',22GP,,1,1,26SNKO3578E,2026-09-29 01:42:04
수출,LAEM CHABANG VOYAGER,2607W,20261001,HASLJ01260800897,HAKUA TRADING COLTD822OSAKA EKIMAE NO3 BLDG  1-1-3,HALU2583952,20',22GP,,1,1,26SNKO3578E,2026-09-29 01:42:04
수출,LAEM CHABANG VOYAGER,2607W,20261001,HASLJ01260800897,HAKUA TRADING COLTD822OSAKA EKIMAE NO3 BLDG  1-1-3,SKLU0553271,20',22GP,,1,1,26SNKO3578E,2026-09-29 01:42:04
수출,LAEM CHABANG VOYAGER,2607W,20261001,HASLJ01260800897,HAKUA TRADING COLTD822OSAKA EKIMAE NO3 BLDG  1-1-3,SKLU2345024,20',22GP,,1,1,26SNKO3578E,2026-09-29 01:42:04
수출,LAEM CHABANG VOYAGER,2607W,20261001,HASLJ01260900183,ITOCHU LOGISTICS CORP13TH FLOOR SHIODOME CITY CENTER,DKOU2405135,20',22TN,,1,1,26SNKO3578E,2026-09-29 01:42:04
수출,LAEM CHABANG VOYAGER,2607W,20261001,HASLJ02260600799,KYOWA CHEMICAL INDUSTRY CO LTD,SKHU6482747,40',45GP,,2,1,26SNKO3578E,2026-09-29 01:42:04
수출,LAEM CHABANG VOYAGER,2607W,20261001,HASLJ02260700831,AL YOUSRA GENERAL TRADING LLC,HLHU8359122,40',45GP,,2,1,26SNKO3578E,2026-09-29 01:42:04
수출,LAEM CHABANG VOYAGER,2607W,20261001,HASLJ02260700831,AL YOUSRA GENERAL TRADING LLC,HLHU8472838,40',45GP,,2,1,26SNKO3578E,2026-09-29 01:42:04
수출,LAEM CHABANG VOYAGER,2607W,20261001,HASLJ02260700831,AL YOUSRA GENERAL TRADING LLC,SKHU6431816,40',45GP,,2,1,26SNKO3578E,2026-09-29 01:42:04
수출,LAEM CHABANG VOYAGER,2607W,20261001,HASLJ02260700831,AL YOUSRA GENERAL TRADING LLC,SKHU8923420,40',45GP,,2,1,26SNKO3578E,2026-09-29 01:42:04
수출,LAEM CHABANG VOYAGER,2607W,20261001,HASLJ02260700831,AL YOUSRA GENERAL TRADING LLC,SKHU9307157,40',45GP,,2,1,26SNKO3578E,2026-09-29 01:42:04
수출,LAEM CHABANG VOYAGER,2607W,20261001,HASLJ03260700025,PG PAPER COMPANY LTD,BEAU2343120,20',22GP,,1,1,26SNKO3578E,2026-09-29 01:42:04
수출,LAEM CHABANG VOYAGER,2607W,20261001,HASLJ03260700025,PG PAPER COMPANY LTD,BEAU2515126,20',22GP,,1,1,26SNKO3578E,2026-09-29 01:42:04
수출,LAEM CHABANG VOYAGER,2607W,20261001,HASLJ03260700025,PG PAPER COMPANY LTD,HALU2326912,20',22GP,,1,1,26SNKO3578E,2026-09-29 01:42:04
수출,LAEM CHABANG VOYAGER,2607W,20261001,HASLJ03260700025,PG PAPER COMPANY LTD,HALU2533490,20',22GP,,1,1,26SNKO3578E,2026-09-29 01:42:04
수출,LAEM CHABANG VOYAGER,2607W,20261001,HASLJ03260700025,PG PAPER COMPANY LTD,SEGU1428883,20',22GP,,1,1,26SNKO3578E,2026-09-29 01:42:04
수출,LAEM CHABANG VOYAGER,2607W,20261001,HASLJ03260700025,PG PAPER COMPANY LTD,SKLU0554410,20',22GP,,1,1,26SNKO3578E,2026-09-29 01:42:04
수출,LAEM CHABANG VOYAGER,2607W,20261001,HASLJ03260700025,PG PAPER COMPANY LTD,SKLU2419683,20',22GP,,1,1,26SNKO3578E,2026-09-29 01:42:04
수출,LAEM CHABANG VOYAGER,2607W,20261001,HASLK01260605539,EVONIK KOREA LIMITED3F NONGSHIM SUNGMOOKWAN BD 112,SKLU1994522,20',22GP,,1,1,26SNKO3578E,2026-09-29 01:42:04
수출,LAEM CHABANG VOYAGER,2607W,20261001,HASLK01260605539,EVONIK KOREA LIMITED3F NONGSHIM SUNGMOOKWAN BD 112,SKLU2002215,20',22GP,,1,1,26SNKO3578E,2026-09-29 01:42:04
수출,LAEM CHABANG VOYAGER,2607W,20261001,HASLK01260605540,EVONIK KOREA LIMITED,HALU2504819,20',22GP,,1,1,26SNKO3578E,2026-09-29 01:42:04
수출,LAEM CHABANG VOYAGER,2607W,20261001,HASLK01260605540,EVONIK KOREA LIMITED,SKLU1008986,20',22GP,,1,1,26SNKO3578E,2026-09-29 01:42:04
수출,LAEM CHABANG VOYAGER,2607W,20261001,HASLK01260708141,DALI TRADE CORPORATIONA-1206 RAEMIAN YONGSAN 95,HALU2560598,20',22GP,,1,1,26SNKO3578E,2026-09-29 01:42:04
수출,LAEM CHABANG VOYAGER,2607W,20261001,HASLK01260805009,NOOR TRADING COLTD409 4F 2 INGWON-RO YEONSU-GU,SKHU8103225,40',45GP,,2,1,26SNKO3578E,2026-09-29 01:42:04
수출,LAEM CHABANG VOYAGER,2607W,20261001,HASLK01260807085,TAEWOONG LOGISTICS CO LTDTAEWOONG BD 5F 95,TGIU3249148,20',22TN,,1,1,26SNKO3578E,2026-09-29 01:42:04
수출,LAEM CHABANG VOYAGER,2607W,20261001,HASLK01260807086,TAEWOONG LOGISTICS CO LTDTAEWOONG BD 5F 95,RLTU2126563,20',22TN,,1,1,26SNKO3578E,2026-09-29 01:42:04
수출,LAEM CHABANG VOYAGER,2607W,20261001,HASLK01260807087,TAEWOONG LOGISTICS CO LTDTAEWOONG BD 5F 95,TGIU3234940,20',22TN,,1,1,26SNKO3578E,2026-09-29 01:42:04
수출,LAEM CHABANG VOYAGER,2607W,20261001,HASLK01260807087,TAEWOONG LOGISTICS CO LTDTAEWOONG BD 5F 95,TGIU3240979,20',22TN,,1,1,26SNKO3578E,2026-09-29 01:42:04
수출,LAEM CHABANG VOYAGER,2607W,20261001,HASLK01260807964,HANWHA SOLUTIONS CORPORATION,HLHU8101462,40',45GP,,2,1,26SNKO3578E,2026-09-29 01:42:04
수출,LAEM CHABANG VOYAGER,2607W,20261001,HASLK01260900053,KCC SILICONE CORPORATION344 SAPYEONG-DAERO SEOCHO-GU,EXFU1758572,20',22TN,,1,1,26SNKO3578E,2026-09-29 01:42:04
수출,LAEM CHABANG VOYAGER,2607W,20261001,HASLK01260900053,KCC SILICONE CORPORATION344 SAPYEONG-DAERO SEOCHO-GU,EXFU1758654,20',22TN,,1,1,26SNKO3578E,2026-09-29 01:42:04
수출,LAEM CHABANG VOYAGER,2607W,20261001,HASLK01260900053,KCC SILICONE CORPORATION344 SAPYEONG-DAERO SEOCHO-GU,EXFU1758696,20',22TN,,1,1,26SNKO3578E,2026-09-29 01:42:04
수출,LAEM CHABANG VOYAGER,2607W,20261001,HASLK01260902662,WACKER CHEMICALS KOREA INCS-3F 231 PANGYOYEOK-RO,BEAU2357015,20',22GP,,1,1,26SNKO3578E,2026-09-29 01:42:04
수출,LAEM CHABANG VOYAGER,2607W,20261001,HASLK01260902666,WACKER CHEMICALS KOREA INCS-3F 231PANGYOYEOK-RO,HALU2569390,20',22GP,,1,1,26SNKO3578E,2026-09-29 01:42:04
수출,LAEM CHABANG VOYAGER,2607W,20261001,HASLK01260902666,WACKER CHEMICALS KOREA INCS-3F 231PANGYOYEOK-RO,SKLU1544696,20',22GP,,1,1,26SNKO3578E,2026-09-29 01:42:04
수출,LAEM CHABANG VOYAGER,2607W,20261001,HASLK01260902669,SAMYANG LOGISTICS INC4F 104 OPAESAN-RO 3-GIL,HALU2576402,20',22GP,,1,1,26SNKO3578E,2026-09-29 01:42:04
수출,LAEM CHABANG VOYAGER,2607W,20261001,HASLK01260902669,SAMYANG LOGISTICS INC4F 104 OPAESAN-RO 3-GIL,SKLU0575500,20',22GP,,1,1,26SNKO3578E,2026-09-29 01:42:04
수출,LAEM CHABANG VOYAGER,2607W,20261001,HASLK01260902669,SAMYANG LOGISTICS INC4F 104 OPAESAN-RO 3-GIL,SKLU1105040,20',22GP,,1,1,26SNKO3578E,2026-09-29 01:42:04
수출,LAEM CHABANG VOYAGER,2607W,20261001,HASLK01260902669,SAMYANG LOGISTICS INC4F 104 OPAESAN-RO 3-GIL,SKLU1202950,20',22GP,,1,1,26SNKO3578E,2026-09-29 01:42:04
수출,LAEM CHABANG VOYAGER,2607W,20261001,HASLK01260902669,SAMYANG LOGISTICS INC4F 104 OPAESAN-RO 3-GIL,SKLU2128559,20',22GP,,1,1,26SNKO3578E,2026-09-29 01:42:04
수출,LAEM CHABANG VOYAGER,2607W,20261001,HASLK01260902669,SAMYANG LOGISTICS INC4F 104 OPAESAN-RO 3-GIL,SKLU2418795,20',22GP,,1,1,26SNKO3578E,2026-09-29 01:42:04
수출,LAEM CHABANG VOYAGER,2607W,20261001,HASLK01260902669,SAMYANG LOGISTICS INC4F 104 OPAESAN-RO 3-GIL,SKLU2433737,20',22GP,,1,1,26SNKO3578E,2026-09-29 01:42:04
수출,LAEM CHABANG VOYAGER,2607W,20261001,HASLK01260902669,SAMYANG LOGISTICS INC4F 104 OPAESAN-RO 3-GIL,TEMU5335316,20',22GP,,1,1,26SNKO3578E,2026-09-29 01:42:04
수출,LAEM CHABANG VOYAGER,2607W,20261001,HASLK01260902669,SAMYANG LOGISTICS INC4F 104 OPAESAN-RO 3-GIL,TGCU2383274,20',22GP,,1,1,26SNKO3578E,2026-09-29 01:42:04
수출,LAEM CHABANG VOYAGER,2607W,20261001,HASLK01260902669,SAMYANG LOGISTICS INC4F 104 OPAESAN-RO 3-GIL,UETU2423359,20',22GP,,1,1,26SNKO3578E,2026-09-29 01:42:04
수출,LAEM CHABANG VOYAGER,2607W,20261001,HASLK01260902674,WACKER CHEMICALS KOREA INCS-3F 231PANGYOYEOK-RO,SKLU1340434,20',22GP,,1,1,26SNKO3578E,2026-09-29 01:42:04
수출,LAEM CHABANG VOYAGER,2607W,20261001,HASLK01260902674,WACKER CHEMICALS KOREA INCS-3F 231PANGYOYEOK-RO,SKLU2402016,20',22GP,,1,1,26SNKO3578E,2026-09-29 01:42:04
수출,LAEM CHABANG VOYAGER,2607W,20261001,HASLK01260902684,GOLDWAY LOGISTICS SERVICECO LTD OB OF,HLHU8113627,40',45GP,,2,1,26SNKO3578E,2026-09-29 01:42:04
수출,LAEM CHABANG VOYAGER,2607W,20261001,HASLK01260902684,GOLDWAY LOGISTICS SERVICECO LTD OB OF,HLHU8578389,40',45GP,,2,1,26SNKO3578E,2026-09-29 01:42:04
수출,LAEM CHABANG VOYAGER,2607W,20261001,HASLK01260902684,GOLDWAY LOGISTICS SERVICECO LTD OB OF,SKHU9959303,40',45GP,,2,1,26SNKO3578E,2026-09-29 01:42:04
수출,LAEM CHABANG VOYAGER,2607W,20261001,HASLK01260902685,MAXONE ASIA,HLHU8555716,40',45GP,,2,1,26SNKO3578E,2026-09-29 01:42:04
수출,LAEM CHABANG VOYAGER,2607W,20261001,HASLK01260902687,MAXONE ASIA,HALU2531840,20',22GP,,1,1,26SNKO3578E,2026-09-29 01:42:04
수출,LAEM CHABANG VOYAGER,2607W,20261001,HASLK01260902691,ISA COMPANY LIMITED OB OFSNC LIMITED,GRMU9200986,20',22TN,,1,1,26SNKO3578E,2026-09-29 01:42:04
수출,LAEM CHABANG VOYAGER,2607W,20261001,HASLK01260902716,HS HYOSUNG CORPORATION3F HYOSUNG HARRINGTON SQUARE A,HALU2521375,20',22GP,,1,1,26SNKO3578E,2026-09-29 01:42:04
수출,LAEM CHABANG VOYAGER,2607W,20261001,HASLK01260902770,DOW CHEMICAL SILICONES KOREA LTD,SKRU1900253,20',22RE,,1,1,26SNKO3578E,2026-09-29 01:42:04
수출,LAEM CHABANG VOYAGER,2607W,20261001,HASLK01260902770,DOW CHEMICAL SILICONES KOREA LTD,SZLU3639955,20',22RE,,1,1,26SNKO3578E,2026-09-29 01:42:04
수출,LAEM CHABANG VOYAGER,2607W,20261001,HASLK01260902771,DOW CHEMICAL SILICONES KOREA LTD520 YEONGDONG-DAERO GANGNAM-GU,SEKU9003072,20',22RE,,1,1,26SNKO3578E,2026-09-29 01:42:04
수출,LAEM CHABANG VOYAGER,2607W,20261001,HASLK01260902771,DOW CHEMICAL SILICONES KOREA LTD520 YEONGDONG-DAERO GANGNAM-GU,SKRU1900361,20',22RE,,1,1,26SNKO3578E,2026-09-29 01:42:04
수출,LAEM CHABANG VOYAGER,2607W,20261001,HASLK01260902771,DOW CHEMICAL SILICONES KOREA LTD520 YEONGDONG-DAERO GANGNAM-GU,SZLU3640093,20',22RE,,1,1,26SNKO3578E,2026-09-29 01:42:04
수출,LAEM CHABANG VOYAGER,2607W,20261001,HASLK01260902772,DOW CHEMICAL SILICONES KOREA LTD520 YEONGDONG-DAERO GANGNAM-GU,HALU2422496,20',22GP,,1,1,26SNKO3578E,2026-09-29 01:42:04
수출,LAEM CHABANG VOYAGER,2607W,20261001,HASLK01260902772,DOW CHEMICAL SILICONES KOREA LTD520 YEONGDONG-DAERO GANGNAM-GU,SKLU0579471,20',22GP,,1,1,26SNKO3578E,2026-09-29 01:42:04
수출,LAEM CHABANG VOYAGER,2607W,20261001,HASLK01260902772,DOW CHEMICAL SILICONES KOREA LTD520 YEONGDONG-DAERO GANGNAM-GU,SKLU1606247,20',22GP,,1,1,26SNKO3578E,2026-09-29 01:42:04
수출,LAEM CHABANG VOYAGER,2607W,20261001,HASLK01260902773,DOW CHEMICAL SILICONES KOREA LTD520 YEONGDONG-DAERO GANGNAM-GU,TCLU7173393,20',22GP,,1,1,26SNKO3578E,2026-09-29 01:42:04
수출,LAEM CHABANG VOYAGER,2607W,20261001,HASLK01260902813,COSMO CHEMICAL CO LTD55 WONBONG-RO ONSAN-EUP,HALU2351514,20',22GP,,1,1,26SNKO3578E,2026-09-29 01:42:04
수출,LAEM CHABANG VOYAGER,2607W,20261001,HASLK01260902865,WACKER CHEMICALS KOREA INCS-3F 231PANGYOYEOK-RO,HALU2536708,20',22GP,,1,1,26SNKO3578E,2026-09-29 01:42:04
수출,LAEM CHABANG VOYAGER,2607W,20261001,HASLK01260902865,WACKER CHEMICALS KOREA INCS-3F 231PANGYOYEOK-RO,SKLU1649830,20',22GP,,1,1,26SNKO3578E,2026-09-29 01:42:04
수출,LAEM CHABANG VOYAGER,2607W,20261001,HASLK01260902865,WACKER CHEMICALS KOREA INCS-3F 231PANGYOYEOK-RO,SKLU1979298,20',22GP,,1,1,26SNKO3578E,2026-09-29 01:42:04
수출,LAEM CHABANG VOYAGER,2607W,20261001,HASLK01260902865,WACKER CHEMICALS KOREA INCS-3F 231PANGYOYEOK-RO,SKLU2464975,20',22GP,,1,1,26SNKO3578E,2026-09-29 01:42:04
수출,LAEM CHABANG VOYAGER,2607W,20261001,HASLK01260902866,WACKER CHEMICALS KOREA INCS-3F 231 PANGYOYEOK-RO,HALU2412965,20',22GP,,1,1,26SNKO3578E,2026-09-29 01:42:04
수출,LAEM CHABANG VOYAGER,2607W,20261001,HASLK01260902867,WACKER CHEMICALS KOREA INCS-3F 231PANGYOYEOK-RO,HALU2438759,20',22GP,,1,1,26SNKO3578E,2026-09-29 01:42:04
수출,LAEM CHABANG VOYAGER,2607W,20261001,HASLK01260902867,WACKER CHEMICALS KOREA INCS-3F 231PANGYOYEOK-RO,HALU2528702,20',22GP,,1,1,26SNKO3578E,2026-09-29 01:42:04
수출,LAEM CHABANG VOYAGER,2607W,20261001,HASLK01260902867,WACKER CHEMICALS KOREA INCS-3F 231PANGYOYEOK-RO,SKLU2014704,20',22GP,,1,1,26SNKO3578E,2026-09-29 01:42:04
수출,LAEM CHABANG VOYAGER,2607W,20261001,HASLK01260902868,WACKER CHEMICALS KOREA INCS-3F 231 PANGYOYEOK-RO,SKLU1628420,20',22GP,,1,1,26SNKO3578E,2026-09-29 01:42:04
수출,LAEM CHABANG VOYAGER,2607W,20261001,HASLK01260902881,JS CORPORATIONRM 708 LG TWINTEL 2 508,HALU2531516,20',22GP,,1,1,26SNKO3578E,2026-09-29 01:42:04
수출,LAEM CHABANG VOYAGER,2607W,20261001,HASLK01260902881,JS CORPORATIONRM 708 LG TWINTEL 2 508,SKLU1610329,20',22GP,,1,1,26SNKO3578E,2026-09-29 01:42:04
수출,LAEM CHABANG VOYAGER,2607W,20261001,HASLK01260902881,JS CORPORATIONRM 708 LG TWINTEL 2 508,SKLU2433927,20',22GP,,1,1,26SNKO3578E,2026-09-29 01:42:04
수출,LAEM CHABANG VOYAGER,2607W,20261001,HASLK01260902895,WACKER CHEMICALS KOREA INCS-3F 231 PANGYOYEOK-RO,SKLU2000439,20',22GP,,1,1,26SNKO3578E,2026-09-29 01:42:04
수출,LAEM CHABANG VOYAGER,2607W,20261001,HASLK01260902896,WACKER CHEMICALS KOREA INCS-3F 231PANGYOYEOK-RO,BEAU2356770,20',22GP,,1,1,26SNKO3578E,2026-09-29 01:42:04
수출,LAEM CHABANG VOYAGER,2607W,20261001,HASLK01260902897,WACKER CHEMICALS KOREA INCS-3F 231PANGYOYEOK-RO,SKLU2080244,20',22GP,,1,1,26SNKO3578E,2026-09-29 01:42:04
수출,LAEM CHABANG VOYAGER,2607W,20261001,HASLK01260902898,WACKER CHEMICALS KOREA INCS-3F 231PANGYOYEOK-RO,BEAU2429727,20',22GP,,1,1,26SNKO3578E,2026-09-29 01:42:04
수출,LAEM CHABANG VOYAGER,2607W,20261001,HASLK01260902914,WACKER CHEMICALS KOREA INCS-3F 231PANGYOYEOK-RO,HALU2052581,20',22GP,,1,1,26SNKO3578E,2026-09-29 01:42:04
수출,LAEM CHABANG VOYAGER,2607W,20261001,HASLK01260902918,WACKER CHEMICALS KOREA INCS-3F 231PANGYOYEOK-RO,HALU2042900,20',22GP,,1,1,26SNKO3578E,2026-09-29 01:42:04
수출,LAEM CHABANG VOYAGER,2607W,20261001,HASLK01260902918,WACKER CHEMICALS KOREA INCS-3F 231PANGYOYEOK-RO,SKLU0704779,20',22GP,,1,1,26SNKO3578E,2026-09-29 01:42:04
수출,LAEM CHABANG VOYAGER,2607W,20261001,HASLK01260902919,WACKER CHEMICALS KOREA INCS-3F 231PANGYOYEOK-RO,HALU2580531,20',22GP,,1,1,26SNKO3578E,2026-09-29 01:42:04
수출,LAEM CHABANG VOYAGER,2607W,20261001,HASLK01260902919,WACKER CHEMICALS KOREA INCS-3F 231PANGYOYEOK-RO,SKLU1802189,20',22GP,,1,1,26SNKO3578E,2026-09-29 01:42:04
수출,LAEM CHABANG VOYAGER,2607W,20261001,HASLK01260902927,BDP LOGISTICS KOREA13TH FLOOR ILJIN BUILDING 45,SKHU6372863,40',45GP,,2,1,26SNKO3578E,2026-09-29 01:42:04
수출,LAEM CHABANG VOYAGER,2607W,20261001,HASLK01260902931,WACKER CHEMICALS KOREA INCS-3F 231PANGYOYEOK-RO,HALU2063483,20',22GP,,1,1,26SNKO3578E,2026-09-29 01:42:04
수출,LAEM CHABANG VOYAGER,2607W,20261001,HASLK01260902931,WACKER CHEMICALS KOREA INCS-3F 231PANGYOYEOK-RO,SKLU0590697,20',22GP,,1,1,26SNKO3578E,2026-09-29 01:42:04
수출,LAEM CHABANG VOYAGER,2607W,20261001,HASLK01260902932,WACKER CHEMICALS KOREA INCS-3F 231PANGYOYEOK-RO,HALU2567479,20',22GP,,1,1,26SNKO3578E,2026-09-29 01:42:04
수출,LAEM CHABANG VOYAGER,2607W,20261001,HASLK01260902932,WACKER CHEMICALS KOREA INCS-3F 231PANGYOYEOK-RO,SKLU1618823,20',22GP,,1,1,26SNKO3578E,2026-09-29 01:42:04
수출,LAEM CHABANG VOYAGER,2607W,20261001,HASLK01260902932,WACKER CHEMICALS KOREA INCS-3F 231PANGYOYEOK-RO,SKLU2104623,20',22GP,,1,1,26SNKO3578E,2026-09-29 01:42:04
수출,LAEM CHABANG VOYAGER,2607W,20261001,HASLK01260902933,WACKER CHEMICALS KOREA INCS-3F 231PANGYOYEOK-RO,HALU2562646,20',22GP,,1,1,26SNKO3578E,2026-09-29 01:42:04
수출,LAEM CHABANG VOYAGER,2607W,20261001,HASLK01260902933,WACKER CHEMICALS KOREA INCS-3F 231PANGYOYEOK-RO,SKLU2019394,20',22GP,,1,1,26SNKO3578E,2026-09-29 01:42:04
수출,LAEM CHABANG VOYAGER,2607W,20261001,HASLK01260902933,WACKER CHEMICALS KOREA INCS-3F 231PANGYOYEOK-RO,SKLU2328963,20',22GP,,1,1,26SNKO3578E,2026-09-29 01:42:04
수출,LAEM CHABANG VOYAGER,2607W,20261001,HASLK01260902954,TAEWOONG LOGISTICS CO LTDTAEWOONG BD 5F 95,CXTU1041584,20',22TN,,1,1,26SNKO3578E,2026-09-29 01:42:04
수출,LAEM CHABANG VOYAGER,2607W,20261001,HASLK01260902971,SK ON CO LTD51JONG-RO JONGNO-GU,KDCU8180351,20',22TN,,1,1,26SNKO3578E,2026-09-29 01:42:04
수출,LAEM CHABANG VOYAGER,2607W,20261001,HASLK01260902971,SK ON CO LTD51JONG-RO JONGNO-GU,KDCU9160581,20',22TN,,1,1,26SNKO3578E,2026-09-29 01:42:04
수출,LAEM CHABANG VOYAGER,2607W,20261001,HASLK01260902979,TAEWOONG LOGISTICS CO LTDTAEWOONG BD 5F 95,SEGU8140543,20',22TN,,1,1,26SNKO3578E,2026-09-29 01:42:04
수출,LAEM CHABANG VOYAGER,2607W,20261001,HASLK01260902979,TAEWOONG LOGISTICS CO LTDTAEWOONG BD 5F 95,TLLU9015311,20',22TN,,1,1,26SNKO3578E,2026-09-29 01:42:04
수출,LAEM CHABANG VOYAGER,2607W,20261001,HASLK01260902982,LONG DREAM COMPANY1ST FLOOR 196 SUNGSEODONG-RO,PHRU8605647,40',45GP,,2,1,26SNKO3578E,2026-09-29 01:42:04
수출,LAEM CHABANG VOYAGER,2607W,20261001,HASLK01260902984,KHAS TRADING CO LTD105-DONG 202-HO JANGGI-RO 160,SKHU6465143,40',45GP,,2,1,26SNKO3578E,2026-09-29 01:42:04
수출,LAEM CHABANG VOYAGER,2607W,20261001,HASLK01260902984,KHAS TRADING CO LTD105-DONG 202-HO JANGGI-RO 160,SKHU9501100,40',45GP,,2,1,26SNKO3578E,2026-09-29 01:42:04
수출,LAEM CHABANG VOYAGER,2607W,20261001,HASLK01260903019,TAEWOONG LOGISTICS CO LTDTAEWOONG BD 5F 95,SEGU8147466,20',22TN,,1,1,26SNKO3578E,2026-09-29 01:42:04
수출,LAEM CHABANG VOYAGER,2607W,20261001,HASLK01260903019,TAEWOONG LOGISTICS CO LTDTAEWOONG BD 5F 95,TGIU3241276,20',22TN,,1,1,26SNKO3578E,2026-09-29 01:42:04
수출,LAEM CHABANG VOYAGER,2607W,20261001,HASLK01260903025,DSV AIR  SEA LTD10F ONEGROVE OFFICE D,HALU5651897,40',45GP,,2,1,26SNKO3578E,2026-09-29 01:42:04
수출,LAEM CHABANG VOYAGER,2607W,20261001,HASLK01260903025,DSV AIR  SEA LTD10F ONEGROVE OFFICE D,HLHU8573411,40',45GP,,2,1,26SNKO3578E,2026-09-29 01:42:04
수출,LAEM CHABANG VOYAGER,2607W,20261001,HASLK01260903025,DSV AIR  SEA LTD10F ONEGROVE OFFICE D,SKHU8430640,40',45GP,,2,1,26SNKO3578E,2026-09-29 01:42:04
수출,LAEM CHABANG VOYAGER,2607W,20261001,HASLK01260903061,DSV AIR  SEA LTD10F ONEGROVE OFFICE D 165 GONGHAN,HALU2534140,20',22GP,,1,1,26SNKO3578E,2026-09-29 01:42:04
수출,LAEM CHABANG VOYAGER,2607W,20261001,HASLK01260903061,DSV AIR  SEA LTD10F ONEGROVE OFFICE D 165 GONGHAN,SKHU8939494,40',45GP,,2,1,26SNKO3578E,2026-09-29 01:42:04
수출,LAEM CHABANG VOYAGER,2607W,20261001,HASLK01260903061,DSV AIR  SEA LTD10F ONEGROVE OFFICE D 165 GONGHAN,SKHU9623900,40',45GP,,2,1,26SNKO3578E,2026-09-29 01:42:04
수출,LAEM CHABANG VOYAGER,2607W,20261001,HASLK01260903064,DSV AIR  SEA LTD10F ONEGROVE OFFICE D 165 GONGHAN,GCXU5998980,40',45GP,,2,1,26SNKO3578E,2026-09-29 01:42:04
수출,LAEM CHABANG VOYAGER,2607W,20261001,HASLK01260903064,DSV AIR  SEA LTD10F ONEGROVE OFFICE D 165 GONGHAN,HALU5642940,40',45GP,,2,1,26SNKO3578E,2026-09-29 01:42:04
수출,LAEM CHABANG VOYAGER,2607W,20261001,HASLK01260903064,DSV AIR  SEA LTD10F ONEGROVE OFFICE D 165 GONGHAN,SKHU8424117,40',45GP,,2,1,26SNKO3578E,2026-09-29 01:42:04
수출,LAEM CHABANG VOYAGER,2607W,20261001,HASLK01260903073,DOW CHEMICAL SILICONES KOREA LTD520 YEONGDONG-DAERO,SKLU1970752,20',22GP,,1,1,26SNKO3578E,2026-09-29 01:42:04
수출,LAEM CHABANG VOYAGER,2607W,20261001,HASLK01260903090,KOLON INDUSTRIES INC,SKLU0723280,20',22GP,,1,1,26SNKO3578E,2026-09-29 01:42:04
수출,LAEM CHABANG VOYAGER,2607W,20261001,HASLK01260903109,MSCNB CORPORATION,HALU2355340,20',22GP,,1,1,26SNKO3578E,2026-09-29 01:42:04
수출,LAEM CHABANG VOYAGER,2607W,20261001,HASLK01260903269,DOW CHEMICAL SILICONES KOREA LTD520 YEONGDONG-DAERO,SKHU9317833,40',45GP,,2,1,26SNKO3578E,2026-09-29 01:42:04
수출,LAEM CHABANG VOYAGER,2607W,20261001,HASLK01260903306,HYUNDAI STEEL COMPANY12 HEOLLEUNG-RO SEOCHO-GU,FBIU0057895,20',22GP,,1,1,26SNKO3578E,2026-09-29 01:42:04
수출,LAEM CHABANG VOYAGER,2607W,20261001,HASLK01260903306,HYUNDAI STEEL COMPANY12 HEOLLEUNG-RO SEOCHO-GU,SKLU3504687,20',22GP,,1,1,26SNKO3578E,2026-09-29 01:42:04
수출,LAEM CHABANG VOYAGER,2607W,20261001,HASLK01260903320,WACKER CHEMICALS KOREA INCS-3F 231PANGYOYEOK-RO,SKLU2063062,20',22GP,,1,1,26SNKO3578E,2026-09-29 01:42:04
수출,LAEM CHABANG VOYAGER,2607W,20261001,HASLK01260903417,HICHEM CO LTD31-23 CHEONGWON-RO MADO-MYEON,SKLU0510372,20',22GP,,1,1,26SNKO3578E,2026-09-29 01:42:04
수출,LAEM CHABANG VOYAGER,2607W,20261001,HASLK01260903468,WACKER CHEMICALS KOREA INCS-3F 231PANGYOYEOK-RO,HALU2315646,20',22GP,,1,1,26SNKO3578E,2026-09-29 01:42:04
수출,LAEM CHABANG VOYAGER,2607W,20261001,HASLK01260903468,WACKER CHEMICALS KOREA INCS-3F 231PANGYOYEOK-RO,SKLU1407543,20',22GP,,1,1,26SNKO3578E,2026-09-29 01:42:04
수출,LAEM CHABANG VOYAGER,2607W,20261001,HASLK01260903468,WACKER CHEMICALS KOREA INCS-3F 231PANGYOYEOK-RO,SKLU3508173,20',22GP,,1,1,26SNKO3578E,2026-09-29 01:42:04
수출,LAEM CHABANG VOYAGER,2607W,20261001,HASLK01260903515,KOLON INDUSTRIES INC110 MAGOKDONG-RO GANGSEO-GU,HLHU8367468,40',45GP,,2,1,26SNKO3578E,2026-09-29 01:42:04
수출,LAEM CHABANG VOYAGER,2607W,20261001,HASLK01260903524,TAEWOONG LOGISTICS CO LTDUNI BD 9F 13-6 TEHERAN-RO,RLTU2104923,20',22TN,,1,1,26SNKO3578E,2026-09-29 01:42:04
수출,LAEM CHABANG VOYAGER,2607W,20261001,HASLK01260903524,TAEWOONG LOGISTICS CO LTDUNI BD 9F 13-6 TEHERAN-RO,TGIU3222851,20',22TN,,1,1,26SNKO3578E,2026-09-29 01:42:04
수출,LAEM CHABANG VOYAGER,2607W,20261001,HASLK01260903586,MIWON SPECIALTY CHEMICAL CO LTD20 POEUN-DAERO 59BEON-GIL SUJI-GU,SKLU2045963,20',22GP,,1,1,26SNKO3578E,2026-09-29 01:42:04
수출,LAEM CHABANG VOYAGER,2607W,20261001,HASLK01260903587,TAEWOONG LOGISTICS CO LTDUNI BD 9F 13-6 TEHERAN-RO,HALU2039506,20',22GP,,1,1,26SNKO3578E,2026-09-29 01:42:04
수출,LAEM CHABANG VOYAGER,2607W,20261001,HASLK01260903587,TAEWOONG LOGISTICS CO LTDUNI BD 9F 13-6 TEHERAN-RO,HALU2514885,20',22GP,,1,1,26SNKO3578E,2026-09-29 01:42:04
수출,LAEM CHABANG VOYAGER,2607W,20261001,HASLK01260903587,TAEWOONG LOGISTICS CO LTDUNI BD 9F 13-6 TEHERAN-RO,SKLU1321706,20',22GP,,1,1,26SNKO3578E,2026-09-29 01:42:04
수출,LAEM CHABANG VOYAGER,2607W,20261001,HASLK01260903589,TAEWOONG LOGISTICS CO LTDUNI BD 9F 13-6 TEHERAN-RO,HALU2093195,20',22GP,,1,1,26SNKO3578E,2026-09-29 01:42:04
수출,LAEM CHABANG VOYAGER,2607W,20261001,HASLK01260903590,TAEWOONG LOGISTICS CO LTDUNI BD 9F 13-6 TEHERAN-RO,SKLU2461282,20',22GP,,1,1,26SNKO3578E,2026-09-29 01:42:04
수출,LAEM CHABANG VOYAGER,2607W,20261001,HASLK01260903591,MIWON SPECIALTY CHEMICAL CO LTD20 POEUN-DAERO 59BEON-GIL SUJI-GU,HALU2419039,20',22GP,,1,1,26SNKO3578E,2026-09-29 01:42:04
수출,LAEM CHABANG VOYAGER,2607W,20261001,HASLK01260903592,SK PICGLOBAL CO LTD,SKLU1642305,20',22GP,,1,1,26SNKO3578E,2026-09-29 01:42:04
수출,LAEM CHABANG VOYAGER,2607W,20261001,HASLK01260903592,SK PICGLOBAL CO LTD,SKLU2337116,20',22GP,,1,1,26SNKO3578E,2026-09-29 01:42:04
수출,LAEM CHABANG VOYAGER,2607W,20261001,HASLK01260903592,SK PICGLOBAL CO LTD,SKLU2417696,20',22GP,,1,1,26SNKO3578E,2026-09-29 01:42:04
수출,LAEM CHABANG VOYAGER,2607W,20261001,HASLK01260903593,IMS CORPORATIONNO2210 JANGKYO BLDG,SKLU2102636,20',22GP,,1,1,26SNKO3578E,2026-09-29 01:42:04
수출,LAEM CHABANG VOYAGER,2607W,20261001,HASLK01260903594,S AND C CORPORATION CO LTD,SKLU1646928,20',22GP,,1,1,26SNKO3578E,2026-09-29 01:42:04
수출,LAEM CHABANG VOYAGER,2607W,20261001,HASLK01260903595,CANKO MARKETING INCROOM NO 901 26 NOHAE-RO 69 GIL,HALU2463406,20',22GP,,1,1,26SNKO3578E,2026-09-29 01:42:04
수출,LAEM CHABANG VOYAGER,2607W,20261001,HASLK01260903595,CANKO MARKETING INCROOM NO 901 26 NOHAE-RO 69 GIL,SKLU1982012,20',22GP,,1,1,26SNKO3578E,2026-09-29 01:42:04
수출,LAEM CHABANG VOYAGER,2607W,20261001,HASLK01260903596,MIWON SPECIALTY CHEMICAL COLTD20 POEUN-DAERO 59BEON-GIL SUJI-GU,SKLU1309341,20',22GP,,1,1,26SNKO3578E,2026-09-29 01:42:04
수출,LAEM CHABANG VOYAGER,2607W,20261001,HASLK01260903605,DOW CHEMICAL SILICONES KOREA LTD520 YEONGDONG-DAERO,HALU2563961,20',22GP,,1,1,26SNKO3578E,2026-09-29 01:42:04
수출,LAEM CHABANG VOYAGER,2607W,20261001,HASLK01260903606,DOW CHEMICAL SILICONES KOREA LTD520 YEONGDONG-DAERO,SKLU2463602,20',22GP,,1,1,26SNKO3578E,2026-09-29 01:42:04
수출,LAEM CHABANG VOYAGER,2607W,20261001,HASLK01260903607,DOW CHEMICAL SILICONES KOREA LTD520 YEONGDONG-DAERO,SKLU2317974,20',22GP,,1,1,26SNKO3578E,2026-09-29 01:42:04
수출,LAEM CHABANG VOYAGER,2607W,20261001,HASLK01260903609,ICEI WOOBANG CO LTD28 YUSANGONGDAN 4-GIL YANGSAN-SI,SKLU1646810,20',22GP,,1,1,26SNKO3578E,2026-09-29 01:42:04
수출,LAEM CHABANG VOYAGER,2607W,20261001,HASLK01260903623,YOUNG CHANG TECH CO LTD167-45 JANGYU-RO,SKHU9909391,40',45GP,,2,1,26SNKO3578E,2026-09-29 01:42:04
수출,LAEM CHABANG VOYAGER,2607W,20261001,HASLK01260903668,DOW CHEMICAL SILICONES KOREA LTD520 YEONGDONG-DAERO,SKLU1592518,20',22GP,,1,1,26SNKO3578E,2026-09-29 01:42:04
수출,LAEM CHABANG VOYAGER,2607W,20261001,HASLK01260903669,DOW CHEMICAL SILICONES KOREA LTD520 YEONGDONG-DAERO,SKLU3500892,20',22GP,,1,1,26SNKO3578E,2026-09-29 01:42:04
수출,LAEM CHABANG VOYAGER,2607W,20261001,HASLK01260903670,DOW CHEMICAL SILICONES KOREA LTD520 YEONGDONG-DAERO,SKLU1909285,20',22GP,,1,1,26SNKO3578E,2026-09-29 01:42:04
수출,LAEM CHABANG VOYAGER,2607W,20261001,HASLK01260903671,DOW CHEMICAL SILICONES KOREA LTD520 YEONGDONG-DAERO,SKLU2334436,20',22GP,,1,1,26SNKO3578E,2026-09-29 01:42:04
수출,LAEM CHABANG VOYAGER,2607W,20261001,HASLK01260903672,DOW CHEMICAL SILICONES KOREA LTD520 YEONGDONG-DAERO,SKLU0745248,20',22GP,,1,1,26SNKO3578E,2026-09-29 01:42:04
수출,LAEM CHABANG VOYAGER,2607W,20261001,HASLK01260903673,DOW CHEMICAL SILICONES KOREA LTD520 YEONGDONG-DAERO,HALU2094000,20',22GP,,1,1,26SNKO3578E,2026-09-29 01:42:04
수출,LAEM CHABANG VOYAGER,2607W,20261001,HASLK01260903674,DOW CHEMICAL SILICONES KOREA LTD520 YEONGDONG-DAERO,SKHU9923487,40',45GP,,2,1,26SNKO3578E,2026-09-29 01:42:04
수출,LAEM CHABANG VOYAGER,2607W,20261001,HASLK01260903686,DOW CHEMICAL SILICONES KOREA LTD520 YEONGDONG-DAERO,HALU2414680,20',22GP,,1,1,26SNKO3578E,2026-09-29 01:42:04
수출,LAEM CHABANG VOYAGER,2607W,20261001,HASLK01260903687,QATAR GAS TRANSPORT COMPANY LTD NAKILAT QPSC,SEKU4985845,40',45GP,,2,1,26SNKO3578E,2026-09-29 01:42:04
수출,LAEM CHABANG VOYAGER,2607W,20261001,HASLK01260903741,TAEWOONG LOGISTICS CO LTDUNI BD 9F 13-6 TEHERAN-RO,SEGU8148122,20',22TN,,1,1,26SNKO3578E,2026-09-29 01:42:04
수출,LAEM CHABANG VOYAGER,2607W,20261001,HASLK01260903770,DONG SUN SYNTHETIC FIBER CO LTD404 BAEGWON-RO BAEGAM MYEON,SKHU9204307,40',45GP,,2,1,26SNKO3578E,2026-09-29 01:42:04
수출,LAEM CHABANG VOYAGER,2607W,20261001,HASLK01260903772,ANAYA TRADERSNO202 196 SUNGSEODONG-RO,SKHU6357581,40',45GP,,2,1,26SNKO3578E,2026-09-29 01:42:04
수출,LAEM CHABANG VOYAGER,2607W,20261001,HASLK01260903772,ANAYA TRADERSNO202 196 SUNGSEODONG-RO,SKHU9204117,40',45GP,,2,1,26SNKO3578E,2026-09-29 01:42:04
수출,LAEM CHABANG VOYAGER,2607W,20261001,HASLK01260903772,ANAYA TRADERSNO202 196 SUNGSEODONG-RO,SKHU9504557,40',45GP,,2,1,26SNKO3578E,2026-09-29 01:42:04
수출,LAEM CHABANG VOYAGER,2607W,20261001,HASLK01260903780,GILL TRADERS402HO 20 OIDO 6-GIL SIHEUNG-SI,EITU0293828,20',22GP,,1,1,26SNKO3578E,2026-09-29 01:42:04
수출,LAEM CHABANG VOYAGER,2607W,20261001,HASLK01260903781,NOOR TRADING COLTD409 4F 2 INGWON-RO YEONSU-GU,HLHU6416270,40',45GP,,2,1,26SNKO3578E,2026-09-29 01:42:04
수출,LAEM CHABANG VOYAGER,2607W,20261001,HASLK01260903781,NOOR TRADING COLTD409 4F 2 INGWON-RO YEONSU-GU,HLHU8447820,40',45GP,,2,1,26SNKO3578E,2026-09-29 01:42:04
수출,LAEM CHABANG VOYAGER,2607W,20261001,HASLK01260903781,NOOR TRADING COLTD409 4F 2 INGWON-RO YEONSU-GU,TCNU4063701,40',45GP,,2,1,26SNKO3578E,2026-09-29 01:42:04
수출,LAEM CHABANG VOYAGER,2607W,20261001,HASLK01260903782,NOOR TRADING COLTD409 4F 2 INGWON-RO YEONSU-GU,SKHU6356604,40',45GP,,2,1,26SNKO3578E,2026-09-29 01:42:04
수출,LAEM CHABANG VOYAGER,2607W,20261001,HASLK01260903782,NOOR TRADING COLTD409 4F 2 INGWON-RO YEONSU-GU,SKHU8922721,40',45GP,,2,1,26SNKO3578E,2026-09-29 01:42:04
수출,LAEM CHABANG VOYAGER,2607W,20261001,HASLK01260903782,NOOR TRADING COLTD409 4F 2 INGWON-RO YEONSU-GU,SKHU9925068,40',45GP,,2,1,26SNKO3578E,2026-09-29 01:42:04
수출,LAEM CHABANG VOYAGER,2607W,20261001,HASLK01260903842,TRENDY PRODUCTS CO LTD,SKLU2042060,20',22GP,,1,1,26SNKO3578E,2026-09-29 01:42:04
수출,LAEM CHABANG VOYAGER,2607W,20261001,HASLK01260903870,ALI TRADERS CO  LTDCHUNGCHEONGBUK-DO CHEONGJU-SI,PHRU8607969,40',45GP,,2,1,26SNKO3578E,2026-09-29 01:42:04
수출,LAEM CHABANG VOYAGER,2607W,20261001,HASLK01260903880,SAMYANG LOGISTICS INC4F 104 OPAESAN-RO 3-GIL,GCXU2423072,20',22GP,,1,1,26SNKO3578E,2026-09-29 01:42:04
수출,LAEM CHABANG VOYAGER,2607W,20261001,HASLK01260903880,SAMYANG LOGISTICS INC4F 104 OPAESAN-RO 3-GIL,HALU2337054,20',22GP,,1,1,26SNKO3578E,2026-09-29 01:42:04
수출,LAEM CHABANG VOYAGER,2607W,20261001,HASLK01260903880,SAMYANG LOGISTICS INC4F 104 OPAESAN-RO 3-GIL,HALU2524327,20',22GP,,1,1,26SNKO3578E,2026-09-29 01:42:04
수출,LAEM CHABANG VOYAGER,2607W,20261001,HASLK01260903880,SAMYANG LOGISTICS INC4F 104 OPAESAN-RO 3-GIL,SKLU0413520,20',22GP,,1,1,26SNKO3578E,2026-09-29 01:42:04
수출,LAEM CHABANG VOYAGER,2607W,20261001,HASLK01260903880,SAMYANG LOGISTICS INC4F 104 OPAESAN-RO 3-GIL,SKLU0531800,20',22GP,,1,1,26SNKO3578E,2026-09-29 01:42:04
수출,LAEM CHABANG VOYAGER,2607W,20261001,HASLK01260903880,SAMYANG LOGISTICS INC4F 104 OPAESAN-RO 3-GIL,SKLU1940531,20',22GP,,1,1,26SNKO3578E,2026-09-29 01:42:04
수출,LAEM CHABANG VOYAGER,2607W,20261001,HASLK01260903880,SAMYANG LOGISTICS INC4F 104 OPAESAN-RO 3-GIL,SKLU2070101,20',22GP,,1,1,26SNKO3578E,2026-09-29 01:42:04
수출,LAEM CHABANG VOYAGER,2607W,20261001,HASLK01260903880,SAMYANG LOGISTICS INC4F 104 OPAESAN-RO 3-GIL,SKLU2407105,20',22GP,,1,1,26SNKO3578E,2026-09-29 01:42:04
수출,LAEM CHABANG VOYAGER,2607W,20261001,HASLK01260903880,SAMYANG LOGISTICS INC4F 104 OPAESAN-RO 3-GIL,SKLU3512173,20',22GP,,1,1,26SNKO3578E,2026-09-29 01:42:04
수출,LAEM CHABANG VOYAGER,2607W,20261001,HASLK01260903888,TAEWOONG LOGISTICS CO LTDTAEWOONG BD 5F 95,SLZU2870015,20',22TN,,1,1,26SNKO3578E,2026-09-29 01:42:04
수출,LAEM CHABANG VOYAGER,2607W,20261001,HASLK01260903888,TAEWOONG LOGISTICS CO LTDTAEWOONG BD 5F 95,SLZU2870951,20',22TN,,1,1,26SNKO3578E,2026-09-29 01:42:04
수출,LAEM CHABANG VOYAGER,2607W,20261001,HASLK01260903891,NOROO AUTOMOTIVE COATINGS COLTD28JANGANGONGDAN 7CHIL-GIL JANGAN,FSCU5910527,40',45RE,,2,1,26SNKO3578E,2026-09-29 01:42:04
수출,LAEM CHABANG VOYAGER,2607W,20261001,HASLK01260903905,KOLON INDUSTRIES INC,SKLU2301793,20',22GP,,1,1,26SNKO3578E,2026-09-29 01:42:04
수출,LAEM CHABANG VOYAGER,2607W,20261001,HASLK01260903908,KOLON INDUSTRIES INC,SEKU4976870,40',45GP,,2,1,26SNKO3578E,2026-09-29 01:42:04
수출,LAEM CHABANG VOYAGER,2607W,20261001,HASLK01260903908,KOLON INDUSTRIES INC,SKHU9941270,40',45GP,,2,1,26SNKO3578E,2026-09-29 01:42:04
수출,LAEM CHABANG VOYAGER,2607W,20261001,HASLK01260903957,IMS CORPORATION,BEAU2526630,20',22GP,,1,1,26SNKO3578E,2026-09-29 01:42:04
수출,LAEM CHABANG VOYAGER,2607W,20261001,HASLK01260903957,IMS CORPORATION,SKLU1520159,20',22GP,,1,1,26SNKO3578E,2026-09-29 01:42:04
수출,LAEM CHABANG VOYAGER,2607W,20261001,HASLK01260903957,IMS CORPORATION,SKLU1532503,20',22GP,,1,1,26SNKO3578E,2026-09-29 01:42:04
수출,LAEM CHABANG VOYAGER,2607W,20261001,HASLK01260903974,KUKDO CHEMICAL CO LTD61-GASANDIGITAL 2-RO,SKLU1660931,20',22GP,,1,1,26SNKO3578E,2026-09-29 01:42:04
수출,LAEM CHABANG VOYAGER,2607W,20261001,HASLK01260904011,TAEWOONG LOGISTICS CO LTDUNI BD 9F 13-6 TEHERAN-RO,KDCU8160308,20',22TN,,1,1,26SNKO3578E,2026-09-29 01:42:04
수출,LAEM CHABANG VOYAGER,2607W,20261001,HASLK01260904011,TAEWOONG LOGISTICS CO LTDUNI BD 9F 13-6 TEHERAN-RO,SLZU2916733,20',22TN,,1,1,26SNKO3578E,2026-09-29 01:42:04
수출,LAEM CHABANG VOYAGER,2607W,20261001,HASLK01260904031,HANWHA SOLUTIONS CORPORATION86 CHEONGGYECHEON-RO JUNG-GU,HALU2577538,20',22GP,,1,1,26SNKO3578E,2026-09-29 01:42:04
수출,LAEM CHABANG VOYAGER,2607W,20261001,HASLK01260904031,HANWHA SOLUTIONS CORPORATION86 CHEONGGYECHEON-RO JUNG-GU,SKLU1638223,20',22GP,,1,1,26SNKO3578E,2026-09-29 01:42:04
수출,LAEM CHABANG VOYAGER,2607W,20261001,HASLK01260904069,MAXONE ASIA,BMOU5886830,40',45GP,,2,1,26SNKO3578E,2026-09-29 01:42:04
수출,LAEM CHABANG VOYAGER,2607W,20261001,HASLK01260904085,TRUSTWISE CORPORATION318 62 DIGITAL-RO 31 GIL,HALU2529653,20',22GP,,1,1,26SNKO3578E,2026-09-29 01:42:04
수출,LAEM CHABANG VOYAGER,2607W,20261001,HASLK01260904085,TRUSTWISE CORPORATION318 62 DIGITAL-RO 31 GIL,HALU2546413,20',22GP,,1,1,26SNKO3578E,2026-09-29 01:42:04
수출,LAEM CHABANG VOYAGER,2607W,20261001,HASLK01260904085,TRUSTWISE CORPORATION318 62 DIGITAL-RO 31 GIL,SKLU1320401,20',22GP,,1,1,26SNKO3578E,2026-09-29 01:42:04
수출,LAEM CHABANG VOYAGER,2607W,20261001,HASLK01260904086,JS CORPORATIONRM 708 LG TWINTEL 2 508,DFSU3122412,20',22GP,,1,1,26SNKO3578E,2026-09-29 01:42:04
수출,LAEM CHABANG VOYAGER,2607W,20261001,HASLK01260904086,JS CORPORATIONRM 708 LG TWINTEL 2 508,HALU2056078,20',22GP,,1,1,26SNKO3578E,2026-09-29 01:42:04
수출,LAEM CHABANG VOYAGER,2607W,20261001,HASLK01260904087,DAVID CORPORATIONRM708 LG TWNTEL 2 508 SAMSUNG-RO,SKLU1305109,20',22GP,,1,1,26SNKO3578E,2026-09-29 01:42:04
수출,LAEM CHABANG VOYAGER,2607W,20261001,HASLK01260904132,DB INCGLOBAL BUSINESS DIVISION,HLHU8427525,40',45GP,,2,1,26SNKO3578E,2026-09-29 01:42:04
수출,LAEM CHABANG VOYAGER,2607W,20261001,HASLK01260904132,DB INCGLOBAL BUSINESS DIVISION,SKHU6437671,40',45GP,,2,1,26SNKO3578E,2026-09-29 01:42:04
수출,LAEM CHABANG VOYAGER,2607W,20261001,HASLK01260904132,DB INCGLOBAL BUSINESS DIVISION,SKHU9532749,40',45GP,,2,1,26SNKO3578E,2026-09-29 01:42:04
수출,LAEM CHABANG VOYAGER,2607W,20261001,HASLK01260904142,LG CHEM LTDLG TWIN TOWER 128 YEOUI-DAERO,BMOU6974299,40',45GP,,2,1,26SNKO3578E,2026-09-29 01:42:04
수출,LAEM CHABANG VOYAGER,2607W,20261001,HASLK01260904142,LG CHEM LTDLG TWIN TOWER 128 YEOUI-DAERO,SKHU6422840,40',45GP,,2,1,26SNKO3578E,2026-09-29 01:42:04
수출,LAEM CHABANG VOYAGER,2607W,20261001,HASLK01260904143,LG CHEM LTDLG TWIN TOWERS 128 YEOUI-DAERO,SKHU9817232,40',45GP,,2,1,26SNKO3578E,2026-09-29 01:42:04
수출,LAEM CHABANG VOYAGER,2607W,20261001,HASLK01260904143,LG CHEM LTDLG TWIN TOWERS 128 YEOUI-DAERO,TCNU6493168,40',45GP,,2,1,26SNKO3578E,2026-09-29 01:42:04
수출,LAEM CHABANG VOYAGER,2607W,20261001,HASLK01260904143,LG CHEM LTDLG TWIN TOWERS 128 YEOUI-DAERO,TRHU6244180,40',45GP,,2,1,26SNKO3578E,2026-09-29 01:42:04
수출,LAEM CHABANG VOYAGER,2607W,20261001,HASLK01260904147,LG CHEM LTDLG TWIN TOWER 128 YEOUI-DAERO,SKHU6435473,40',45GP,,2,1,26SNKO3578E,2026-09-29 01:42:04
수출,LAEM CHABANG VOYAGER,2607W,20261001,HASLK01260904148,KJTT COLTD  OB OF,HALU2548782,20',22GP,,1,1,26SNKO3578E,2026-09-29 01:42:04
수출,LAEM CHABANG VOYAGER,2607W,20261001,HASLK01260904150,LG CHEM LTDLG TWIN TOWER 128 YEOUL-DAERO,SKLU1652495,20',22GP,,1,1,26SNKO3578E,2026-09-29 01:42:04
수출,LAEM CHABANG VOYAGER,2607W,20261001,HASLK01260904151,MITSUI  CO KOREA LTD33F EAST TOWER CENTER 1 26,HALU2319533,20',22GP,,1,1,26SNKO3578E,2026-09-29 01:42:04
수출,LAEM CHABANG VOYAGER,2607W,20261001,HASLK01260904151,MITSUI  CO KOREA LTD33F EAST TOWER CENTER 1 26,HALU2417951,20',22GP,,1,1,26SNKO3578E,2026-09-29 01:42:04
수출,LAEM CHABANG VOYAGER,2607W,20261001,HASLK01260904151,MITSUI  CO KOREA LTD33F EAST TOWER CENTER 1 26,HALU2428299,20',22GP,,1,1,26SNKO3578E,2026-09-29 01:42:04
수출,LAEM CHABANG VOYAGER,2607W,20261001,HASLK01260904151,MITSUI  CO KOREA LTD33F EAST TOWER CENTER 1 26,SKLU0725616,20',22GP,,1,1,26SNKO3578E,2026-09-29 01:42:04
수출,LAEM CHABANG VOYAGER,2607W,20261001,HASLK01260904151,MITSUI  CO KOREA LTD33F EAST TOWER CENTER 1 26,SKLU2407701,20',22GP,,1,1,26SNKO3578E,2026-09-29 01:42:04
수출,LAEM CHABANG VOYAGER,2607W,20261001,HASLK01260904155,LG CHEM LTDLG TWIN TOWERS 128 YEOUI-DAERO,HLHU6408151,40',45GP,,2,1,26SNKO3578E,2026-09-29 01:42:04
수출,LAEM CHABANG VOYAGER,2607W,20261001,HASLK01260904155,LG CHEM LTDLG TWIN TOWERS 128 YEOUI-DAERO,SKHU8127037,40',45GP,,2,1,26SNKO3578E,2026-09-29 01:42:04
수출,LAEM CHABANG VOYAGER,2607W,20261001,HASLK01260904155,LG CHEM LTDLG TWIN TOWERS 128 YEOUI-DAERO,SKHU9424657,40',45GP,,2,1,26SNKO3578E,2026-09-29 01:42:04
수출,LAEM CHABANG VOYAGER,2607W,20261001,HASLK01260904155,LG CHEM LTDLG TWIN TOWERS 128 YEOUI-DAERO,SKHU9554310,40',45GP,,2,1,26SNKO3578E,2026-09-29 01:42:04
수출,LAEM CHABANG VOYAGER,2607W,20261001,HASLK01260904159,DOW CHEMICAL SILICONES KOREA LTD520 YEONGDONG-DAERO GANGNAM-GU,SKLU1807431,20',22GP,,1,1,26SNKO3578E,2026-09-29 01:42:04
수출,LAEM CHABANG VOYAGER,2607W,20261001,HASLK01260904163,LG ENERGY SOLUTION LTDTOWER 1 108 YEOUI-DAERO,BMOU5412390,40',45GP,,2,1,26SNKO3578E,2026-09-29 01:42:04
수출,LAEM CHABANG VOYAGER,2607W,20261001,HASLK01260904163,LG ENERGY SOLUTION LTDTOWER 1 108 YEOUI-DAERO,BMOU5935410,40',45GP,,2,1,26SNKO3578E,2026-09-29 01:42:04
수출,LAEM CHABANG VOYAGER,2607W,20261001,HASLK01260904163,LG ENERGY SOLUTION LTDTOWER 1 108 YEOUI-DAERO,HALU5642010,40',45GP,,2,1,26SNKO3578E,2026-09-29 01:42:04
수출,LAEM CHABANG VOYAGER,2607W,20261001,HASLK01260904163,LG ENERGY SOLUTION LTDTOWER 1 108 YEOUI-DAERO,HLHU8493640,40',45GP,,2,1,26SNKO3578E,2026-09-29 01:42:04
수출,LAEM CHABANG VOYAGER,2607W,20261001,HASLK01260904163,LG ENERGY SOLUTION LTDTOWER 1 108 YEOUI-DAERO,SKHU8101900,40',45GP,,2,1,26SNKO3578E,2026-09-29 01:42:04
수출,LAEM CHABANG VOYAGER,2607W,20261001,HASLK01260904163,LG ENERGY SOLUTION LTDTOWER 1 108 YEOUI-DAERO,SKHU8104849,40',45GP,,2,1,26SNKO3578E,2026-09-29 01:42:04
수출,LAEM CHABANG VOYAGER,2607W,20261001,HASLK01260904163,LG ENERGY SOLUTION LTDTOWER 1 108 YEOUI-DAERO,SKHU8112211,40',45GP,,2,1,26SNKO3578E,2026-09-29 01:42:04
수출,LAEM CHABANG VOYAGER,2607W,20261001,HASLK01260904163,LG ENERGY SOLUTION LTDTOWER 1 108 YEOUI-DAERO,SKHU9001146,40',45GP,,2,1,26SNKO3578E,2026-09-29 01:42:04
수출,LAEM CHABANG VOYAGER,2607W,20261001,HASLK01260904163,LG ENERGY SOLUTION LTDTOWER 1 108 YEOUI-DAERO,SKHU9524975,40',45GP,,2,1,26SNKO3578E,2026-09-29 01:42:04
수출,LAEM CHABANG VOYAGER,2607W,20261001,HASLK01260904163,LG ENERGY SOLUTION LTDTOWER 1 108 YEOUI-DAERO,SKHU9829070,40',45GP,,2,1,26SNKO3578E,2026-09-29 01:42:04
수출,LAEM CHABANG VOYAGER,2607W,20261001,HASLK01260904163,LG ENERGY SOLUTION LTDTOWER 1 108 YEOUI-DAERO,TGBU4382674,40',45GP,,2,1,26SNKO3578E,2026-09-29 01:42:04
수출,LAEM CHABANG VOYAGER,2607W,20261001,HASLK01260904163,LG ENERGY SOLUTION LTDTOWER 1 108 YEOUI-DAERO,TRHU5279957,40',45GP,,2,1,26SNKO3578E,2026-09-29 01:42:04
수출,LAEM CHABANG VOYAGER,2607W,20261001,HASLK01260904169,JAEURO SA CO LTD,EOLU8276836,20',22TN,,1,1,26SNKO3578E,2026-09-29 01:42:04
수출,LAEM CHABANG VOYAGER,2607W,20261001,HASLK01260904183,KOSPOL CO LTD5F 16 TEHERAN-RO,SKHU6446117,40',45GP,,2,1,26SNKO3578E,2026-09-29 01:42:04
수출,LAEM CHABANG VOYAGER,2607W,20261001,HASLK01260904189,LG CHEM LTDLG TWIN TOWER128YEOUI-DAERO,SKHU9300023,40',45GP,,2,1,26SNKO3578E,2026-09-29 01:42:04
수출,LAEM CHABANG VOYAGER,2607W,20261001,HASLK01260904191,LG CHEM LTDLG TWIN TOWER128YEOUI-DAERO,SEGU5481084,40',45GP,,2,1,26SNKO3578E,2026-09-29 01:42:04
수출,LAEM CHABANG VOYAGER,2607W,20261001,HASLK01260904191,LG CHEM LTDLG TWIN TOWER128YEOUI-DAERO,SKHU6206380,40',45GP,,2,1,26SNKO3578E,2026-09-29 01:42:04
수출,LAEM CHABANG VOYAGER,2607W,20261001,HASLK01260904196,MAXONE ASIA,HLHU8432666,40',45GP,,2,1,26SNKO3578E,2026-09-29 01:42:04
수출,LAEM CHABANG VOYAGER,2607W,20261001,HASLK01260904197,MAXONE ASIA,HALU2346441,20',22GP,,1,1,26SNKO3578E,2026-09-29 01:42:04
수출,LAEM CHABANG VOYAGER,2607W,20261001,HASLK01260904199,JAEURO SA CO LTD OB OFLOTTE CHEMICAL CORPORATION,CXTU1153028,20',22TN,,1,1,26SNKO3578E,2026-09-29 01:42:04
수출,LAEM CHABANG VOYAGER,2607W,20261001,HASLK01260904199,JAEURO SA CO LTD OB OFLOTTE CHEMICAL CORPORATION,GRMU9181171,20',22TN,,1,1,26SNKO3578E,2026-09-29 01:42:04
수출,LAEM CHABANG VOYAGER,2607W,20261001,HASLK01260904199,JAEURO SA CO LTD OB OFLOTTE CHEMICAL CORPORATION,GRMU9192031,20',22TN,,1,1,26SNKO3578E,2026-09-29 01:42:04
수출,LAEM CHABANG VOYAGER,2607W,20261001,HASLK01260904199,JAEURO SA CO LTD OB OFLOTTE CHEMICAL CORPORATION,GRMU9201262,20',22TN,,1,1,26SNKO3578E,2026-09-29 01:42:04
수출,LAEM CHABANG VOYAGER,2607W,20261001,HASLK01260904199,JAEURO SA CO LTD OB OFLOTTE CHEMICAL CORPORATION,SEGU8048695,20',22TN,,1,1,26SNKO3578E,2026-09-29 01:42:04
수출,LAEM CHABANG VOYAGER,2607W,20261001,HASLK01260904202,INEOS STYROLUTION KOREA LTD5F LANDMARK TOWER 308,SKLU1816710,20',22GP,,1,1,26SNKO3578E,2026-09-29 01:42:04
수출,LAEM CHABANG VOYAGER,2607W,20261001,HASLK01260904203,INEOS STYROLUTION KOREA LTD5F LANDMARK TOWER 308,SKLU0532366,20',22GP,,1,1,26SNKO3578E,2026-09-29 01:42:04
수출,LAEM CHABANG VOYAGER,2607W,20261001,HASLK01260904203,INEOS STYROLUTION KOREA LTD5F LANDMARK TOWER 308,SKLU2061563,20',22GP,,1,1,26SNKO3578E,2026-09-29 01:42:04
수출,LAEM CHABANG VOYAGER,2607W,20261001,HASLK01260904204,INEOS STYROLUTION KOREA LTD5TH FLOORLANDMARK TOWER308,HALU2404363,20',22GP,,1,1,26SNKO3578E,2026-09-29 01:42:04
수출,LAEM CHABANG VOYAGER,2607W,20261001,HASLK01260904204,INEOS STYROLUTION KOREA LTD5TH FLOORLANDMARK TOWER308,SKLU1426970,20',22GP,,1,1,26SNKO3578E,2026-09-29 01:42:04
수출,LAEM CHABANG VOYAGER,2607W,20261001,HASLK01260904206,INEOS STYROLUTION KOREA LTD5F LANDMARK TOWER 308,UETU2422943,20',22GP,,1,1,26SNKO3578E,2026-09-29 01:42:04
수출,LAEM CHABANG VOYAGER,2607W,20261001,HASLK01260904207,INEOS STYROLUTION KOREA LTD5F LANDMARK TOWER 308,SKLU1427880,20',22GP,,1,1,26SNKO3578E,2026-09-29 01:42:04
수출,LAEM CHABANG VOYAGER,2607W,20261001,HASLK01260904207,INEOS STYROLUTION KOREA LTD5F LANDMARK TOWER 308,TGCU2381271,20',22GP,,1,1,26SNKO3578E,2026-09-29 01:42:04
수출,LAEM CHABANG VOYAGER,2607W,20261001,HASLK01260904207,INEOS STYROLUTION KOREA LTD5F LANDMARK TOWER 308,TTNU1666643,20',22GP,,1,1,26SNKO3578E,2026-09-29 01:42:04
수출,LAEM CHABANG VOYAGER,2607W,20261001,HASLK01260904208,INEOS STYROLUTION KOREA LTD5F LANDMARK TOWER 308,SKLU1808510,20',22GP,,1,1,26SNKO3578E,2026-09-29 01:42:04
수출,LAEM CHABANG VOYAGER,2607W,20261001,HASLK01260904208,INEOS STYROLUTION KOREA LTD5F LANDMARK TOWER 308,SKLU2412101,20',22GP,,1,1,26SNKO3578E,2026-09-29 01:42:04
수출,LAEM CHABANG VOYAGER,2607W,20261001,HASLK01260904247,DOW CHEMICAL SILICONES KOREA LTD520 YEONGDONG-DAERO GANGNAM-GU,SKLU1826956,20',22GP,,1,1,26SNKO3578E,2026-09-29 01:42:04
수출,LAEM CHABANG VOYAGER,2607W,20261001,HASLK01260904250,MAXONE ASIA,HALU5666238,40',45GP,,2,1,26SNKO3578E,2026-09-29 01:42:04
수출,LAEM CHABANG VOYAGER,2607W,20261001,HASLK01260904257,DSV AIR  SEA LTD10F ONEGROVE OFFICE D,SKHU8926049,40',45GP,,2,1,26SNKO3578E,2026-09-29 01:42:04
수출,LAEM CHABANG VOYAGER,2607W,20261001,HASLK01260904257,DSV AIR  SEA LTD10F ONEGROVE OFFICE D,TGBU4383388,40',45GP,,2,1,26SNKO3578E,2026-09-29 01:42:04
수출,LAEM CHABANG VOYAGER,2607W,20261001,HASLK01260904375,CHANGWOO GREEN CO LTD,JDYU2021370,20',22TN,,1,1,26SNKO3578E,2026-09-29 01:42:04
수출,LAEM CHABANG VOYAGER,2607W,20261001,HASLK01260904375,CHANGWOO GREEN CO LTD,JDYU2023011,20',22TN,,1,1,26SNKO3578E,2026-09-29 01:42:04
수출,LAEM CHABANG VOYAGER,2607W,20261001,HASLK01260904375,CHANGWOO GREEN CO LTD,JDYU2023048,20',22TN,,1,1,26SNKO3578E,2026-09-29 01:42:04
수출,LAEM CHABANG VOYAGER,2607W,20261001,HASLK01260904375,CHANGWOO GREEN CO LTD,JDYU2023053,20',22TN,,1,1,26SNKO3578E,2026-09-29 01:42:04
수출,LAEM CHABANG VOYAGER,2607W,20261001,HASLK01260904375,CHANGWOO GREEN CO LTD,JDYU2023074,20',22TN,,1,1,26SNKO3578E,2026-09-29 01:42:04
수출,LAEM CHABANG VOYAGER,2607W,20261001,HASLK01260904382,POONGSAN CORPORATION,HALU2551512,20',22GP,,1,1,26SNKO3578E,2026-09-29 01:42:04
수출,LAEM CHABANG VOYAGER,2607W,20261001,HASLK01260904382,POONGSAN CORPORATION,SKLU1000389,20',22GP,,1,1,26SNKO3578E,2026-09-29 01:42:04
수출,LAEM CHABANG VOYAGER,2607W,20261001,HASLK01260904382,POONGSAN CORPORATION,SKLU1925780,20',22GP,,1,1,26SNKO3578E,2026-09-29 01:42:04
수출,LAEM CHABANG VOYAGER,2607W,20261001,HASLK01260904406,FOOSUNG CORPORATION CO LTD7FL FOOSUNG BLDG,JDYU2021282,20',22TN,,1,1,26SNKO3578E,2026-09-29 01:42:04
수출,LAEM CHABANG VOYAGER,2607W,20261001,HASLK01260904406,FOOSUNG CORPORATION CO LTD7FL FOOSUNG BLDG,JDYU2021298,20',22TN,,1,1,26SNKO3578E,2026-09-29 01:42:04
수출,LAEM CHABANG VOYAGER,2607W,20261001,HASLK01260904406,FOOSUNG CORPORATION CO LTD7FL FOOSUNG BLDG,JDYU2021317,20',22TN,,1,1,26SNKO3578E,2026-09-29 01:42:04
수출,LAEM CHABANG VOYAGER,2607W,20261001,HASLK01260904406,FOOSUNG CORPORATION CO LTD7FL FOOSUNG BLDG,JDYU2021322,20',22TN,,1,1,26SNKO3578E,2026-09-29 01:42:04
수출,LAEM CHABANG VOYAGER,2607W,20261001,HASLK01260904406,FOOSUNG CORPORATION CO LTD7FL FOOSUNG BLDG,JDYU2021338,20',22TN,,1,1,26SNKO3578E,2026-09-29 01:42:04
수출,LAEM CHABANG VOYAGER,2607W,20261001,HASLK01260904406,FOOSUNG CORPORATION CO LTD7FL FOOSUNG BLDG,JDYU2021390,20',22TN,,1,1,26SNKO3578E,2026-09-29 01:42:04
수출,LAEM CHABANG VOYAGER,2607W,20261001,HASLK01260904406,FOOSUNG CORPORATION CO LTD7FL FOOSUNG BLDG,JDYU2021404,20',22TN,,1,1,26SNKO3578E,2026-09-29 01:42:04
수출,LAEM CHABANG VOYAGER,2607W,20261001,HASLK01260904406,FOOSUNG CORPORATION CO LTD7FL FOOSUNG BLDG,JDYU2023027,20',22TN,,1,1,26SNKO3578E,2026-09-29 01:42:04
수출,LAEM CHABANG VOYAGER,2607W,20261001,HASLK01260904406,FOOSUNG CORPORATION CO LTD7FL FOOSUNG BLDG,JDYU2023032,20',22TN,,1,1,26SNKO3578E,2026-09-29 01:42:04
수출,LAEM CHABANG VOYAGER,2607W,20261001,HASLK01260904406,FOOSUNG CORPORATION CO LTD7FL FOOSUNG BLDG,JDYU2023069,20',22TN,,1,1,26SNKO3578E,2026-09-29 01:42:04
수출,LAEM CHABANG VOYAGER,2607W,20261001,HASLK01260904406,FOOSUNG CORPORATION CO LTD7FL FOOSUNG BLDG,JDYU2023095,20',22TN,,1,1,26SNKO3578E,2026-09-29 01:42:04
수출,LAEM CHABANG VOYAGER,2607W,20261001,HASLK01260904406,FOOSUNG CORPORATION CO LTD7FL FOOSUNG BLDG,JDYU2023120,20',22TN,,1,1,26SNKO3578E,2026-09-29 01:42:04
수출,LAEM CHABANG VOYAGER,2607W,20261001,HASLK01260904417,KUMHO PETROCHEMICAL CO LTDEAST WING 10-14TH FLOOR SIGNATURE,HALU2562348,20',22GP,,1,1,26SNKO3578E,2026-09-29 01:42:04
수출,LAEM CHABANG VOYAGER,2607W,20261001,HASLK01260904417,KUMHO PETROCHEMICAL CO LTDEAST WING 10-14TH FLOOR SIGNATURE,HALU2566750,20',22GP,,1,1,26SNKO3578E,2026-09-29 01:42:04
수출,LAEM CHABANG VOYAGER,2607W,20261001,HASLK01260904417,KUMHO PETROCHEMICAL CO LTDEAST WING 10-14TH FLOOR SIGNATURE,SKLU0728338,20',22GP,,1,1,26SNKO3578E,2026-09-29 01:42:04
수출,LAEM CHABANG VOYAGER,2607W,20261001,HASLK01260904417,KUMHO PETROCHEMICAL CO LTDEAST WING 10-14TH FLOOR SIGNATURE,SKLU1430121,20',22GP,,1,1,26SNKO3578E,2026-09-29 01:42:04
수출,LAEM CHABANG VOYAGER,2607W,20261001,HASLK01260904499,HANWHA TOTALENERGIESPETROCHEMICAL CO LTD,HALU5649246,40',45GP,,2,1,26SNKO3578E,2026-09-29 01:42:04
수출,LAEM CHABANG VOYAGER,2607W,20261001,HASLK01260904499,HANWHA TOTALENERGIESPETROCHEMICAL CO LTD,SKHU6469909,40',45GP,,2,1,26SNKO3578E,2026-09-29 01:42:04
수출,LAEM CHABANG VOYAGER,2607W,20261001,HASLK01260904499,HANWHA TOTALENERGIESPETROCHEMICAL CO LTD,SKHU9314243,40',45GP,,2,1,26SNKO3578E,2026-09-29 01:42:04
수출,LAEM CHABANG VOYAGER,2607W,20261001,HASLK01260904513,DOW CHEMICAL SILICONES KOREA LTD520 YEONGDONG-DAERO GANGNAM-GU,SKLU2112779,20',22GP,,1,1,26SNKO3578E,2026-09-29 01:42:04
수출,LAEM CHABANG VOYAGER,2607W,20261001,HASLK01260904644,MAXONE ASIA17 SEOBINGGI-RO YONGSAN-GU,SKHU6443334,40',45GP,,2,1,26SNKO3578E,2026-09-29 01:42:04
수출,LAEM CHABANG VOYAGER,2607W,20261001,HASLK01260904655,HANWHA TOTALENERGIESPETROCHEMICAL CO LTD,SKLU0709528,20',22GP,,1,1,26SNKO3578E,2026-09-29 01:42:04
수출,LAEM CHABANG VOYAGER,2607W,20261001,HASLK01260904655,HANWHA TOTALENERGIESPETROCHEMICAL CO LTD,TEMU3674476,20',22GP,,1,1,26SNKO3578E,2026-09-29 01:42:04
수출,LAEM CHABANG VOYAGER,2607W,20261001,HASLK01260904684,DOW CHEMICAL SILICONES KOREA LTD,SEKU9002097,20',22RE,,1,1,26SNKO3578E,2026-09-29 01:42:04
수출,LAEM CHABANG VOYAGER,2607W,20261001,HASLK01260904716,LG CHEM LTDLG TWIN TOWERS 128 YEOUI-DAERO,SKLU3517827,20',22GP,,1,1,26SNKO3578E,2026-09-29 01:42:04
수출,LAEM CHABANG VOYAGER,2607W,20261001,HASLK01260904717,LG CHEM LTDLG TWIN TOWER BUILDING,SKLU1823617,20',22GP,,1,1,26SNKO3578E,2026-09-29 01:42:04
수출,LAEM CHABANG VOYAGER,2607W,20261001,HASLK01260904717,LG CHEM LTDLG TWIN TOWER BUILDING,SKLU2489675,20',22GP,,1,1,26SNKO3578E,2026-09-29 01:42:04
수출,LAEM CHABANG VOYAGER,2607W,20261001,HASLK01260904720,KOLON INDUSTRIES INC,SKLU1436813,20',22GP,,1,1,26SNKO3578E,2026-09-29 01:42:04
수출,LAEM CHABANG VOYAGER,2607W,20261001,HASLK01260904721,KOLON INDUSTRIES INC,SKLU1527678,20',22GP,,1,1,26SNKO3578E,2026-09-29 01:42:04
수출,LAEM CHABANG VOYAGER,2607W,20261001,HASLK01260904722,KOLON INDUSTRIES INC,SKLU1971297,20',22GP,,1,1,26SNKO3578E,2026-09-29 01:42:04
수출,LAEM CHABANG VOYAGER,2607W,20261001,HASLK01260904723,KOLON INDUSTRIES INC,HALU2317802,20',22GP,,1,1,26SNKO3578E,2026-09-29 01:42:04
수출,LAEM CHABANG VOYAGER,2607W,20261001,HASLK01260904724,KOLON INDUSTRIES INC,FCIU6107172,20',22GP,,1,1,26SNKO3578E,2026-09-29 01:42:04
수출,LAEM CHABANG VOYAGER,2607W,20261001,HASLK01260904725,KOLON INDUSTRIES INC,SKLU2341841,20',22GP,,1,1,26SNKO3578E,2026-09-29 01:42:04
수출,LAEM CHABANG VOYAGER,2607W,20261001,HASLK01260904726,KOLON INDUSTRIES INC,SKLU1806327,20',22GP,,1,1,26SNKO3578E,2026-09-29 01:42:04
수출,LAEM CHABANG VOYAGER,2607W,20261001,HASLK01260904727,KOLON INDUSTRIES INC,SKLU3508620,20',22GP,,1,1,26SNKO3578E,2026-09-29 01:42:04
수출,LAEM CHABANG VOYAGER,2607W,20261001,HASLK01260904729,KOLON INDUSTRIES INC,SKHU9606950,40',45GP,,2,1,26SNKO3578E,2026-09-29 01:42:04
수출,LAEM CHABANG VOYAGER,2607W,20261001,HASLK01260904729,KOLON INDUSTRIES INC,SKHU9623026,40',45GP,,2,1,26SNKO3578E,2026-09-29 01:42:04
수출,LAEM CHABANG VOYAGER,2607W,20261001,HASLK01260904732,MIWON SPECIALTY CHEMICAL COLTD20 POEUN-DAERO 59BEON-GIL SUJI-GU,SKLU1953950,20',22GP,,1,1,26SNKO3578E,2026-09-29 01:42:04
수출,LAEM CHABANG VOYAGER,2607W,20261001,HASLK01260904739,LG CHEM LTD,HLHU6418102,40',45GP,,2,1,26SNKO3578E,2026-09-29 01:42:04
수출,LAEM CHABANG VOYAGER,2607W,20261001,HASLK01260904809,HS HYOSUNG ADVANCED MATERIALS CORPORATION,HLHU8379582,40',45GP,,2,1,26SNKO3578E,2026-09-29 01:42:04
수출,LAEM CHABANG VOYAGER,2607W,20261001,HASLK01260904816,SEA AIR LAND BRIDGE CO LTDRM806 56 MAGOKJUNGANG-RO,DFSU6306584,40',45GP,,2,1,26SNKO3578E,2026-09-29 01:42:04
수출,LAEM CHABANG VOYAGER,2607W,20261001,HASLK01260904954,DALI TRADE CORPA 1206 RAEMAIN YONGSAN 95,SKLU2073292,20',22GP,,1,1,26SNKO3578E,2026-09-29 01:42:04
수출,LAEM CHABANG VOYAGER,2607W,20261001,HASLK01260905047,LG CHEM LTDLG TWIN TOWER 128 YEO,DFSU1993019,20',22GP,,1,1,26SNKO3578E,2026-09-29 01:42:04
수출,LAEM CHABANG VOYAGER,2607W,20261001,HASLK01260905047,LG CHEM LTDLG TWIN TOWER 128 YEO,SKLU2469004,20',22GP,,1,1,26SNKO3578E,2026-09-29 01:42:04
수출,LAEM CHABANG VOYAGER,2607W,20261001,HASLK01260905049,LG CHEM LTDLG TWIN TOWER 128 YEOUI-DAERO,HALU2034470,20',22GP,,1,1,26SNKO3578E,2026-09-29 01:42:04
수출,LAEM CHABANG VOYAGER,2607W,20261001,HASLK01260905049,LG CHEM LTDLG TWIN TOWER 128 YEOUI-DAERO,HALU2558944,20',22GP,,1,1,26SNKO3578E,2026-09-29 01:42:04
수출,LAEM CHABANG VOYAGER,2607W,20261001,HASLK01260905196,DOW CHEMICAL SILICONES KOREA LTD520 YEONGDONG-DAERO GANGNAM-GU,HALU2362801,20',22GP,,1,1,26SNKO3578E,2026-09-29 01:42:04
수출,LAEM CHABANG VOYAGER,2607W,20261001,HASLK01260905298,KUMHO PETROCHEMICAL COLTDEAST WING 10-14TH FLOORSIGNATURE,BEAU2359189,20',22GP,,1,1,26SNKO3578E,2026-09-29 01:42:04
수출,LAEM CHABANG VOYAGER,2607W,20261001,HASLK01260905298,KUMHO PETROCHEMICAL COLTDEAST WING 10-14TH FLOORSIGNATURE,HALU2461759,20',22GP,,1,1,26SNKO3578E,2026-09-29 01:42:04
수출,LAEM CHABANG VOYAGER,2607W,20261001,HASLK01260905298,KUMHO PETROCHEMICAL COLTDEAST WING 10-14TH FLOORSIGNATURE,SKLU1301103,20',22GP,,1,1,26SNKO3578E,2026-09-29 01:42:04
수출,LAEM CHABANG VOYAGER,2607W,20261001,HASLK01260905298,KUMHO PETROCHEMICAL COLTDEAST WING 10-14TH FLOORSIGNATURE,SKLU1414558,20',22GP,,1,1,26SNKO3578E,2026-09-29 01:42:04
수출,LAEM CHABANG VOYAGER,2607W,20261001,HASLK01260905301,KUMHO PETROCHEMICAL CO LTDEAST WING 10-14TH FLOOR SIGNATURE,HALU2079495,20',22GP,,1,1,26SNKO3578E,2026-09-29 01:42:04
수출,LAEM CHABANG VOYAGER,2607W,20261001,HASLK01260905301,KUMHO PETROCHEMICAL CO LTDEAST WING 10-14TH FLOOR SIGNATURE,HALU2464640,20',22GP,,1,1,26SNKO3578E,2026-09-29 01:42:04
수출,LAEM CHABANG VOYAGER,2607W,20261001,HASLK01260905301,KUMHO PETROCHEMICAL CO LTDEAST WING 10-14TH FLOOR SIGNATURE,SKLU0703216,20',22GP,,1,1,26SNKO3578E,2026-09-29 01:42:04
수출,LAEM CHABANG VOYAGER,2607W,20261001,HASLK01260905301,KUMHO PETROCHEMICAL CO LTDEAST WING 10-14TH FLOOR SIGNATURE,SKLU1550657,20',22GP,,1,1,26SNKO3578E,2026-09-29 01:42:04
수출,LAEM CHABANG VOYAGER,2607W,20261001,HASLK01260905304,KUMHO PETROCHEMICAL CO LTDEAST WING 10-14TH FLOOR SIGNATURE,SKLU1202522,20',22GP,,1,1,26SNKO3578E,2026-09-29 01:42:04
수출,LAEM CHABANG VOYAGER,2607W,20261001,HASLK01260905304,KUMHO PETROCHEMICAL CO LTDEAST WING 10-14TH FLOOR SIGNATURE,SKLU2408349,20',22GP,,1,1,26SNKO3578E,2026-09-29 01:42:04
수출,LAEM CHABANG VOYAGER,2607W,20261001,HASLK01260905506,ONE CIRCLE LOGISTICS CO LTD1403 21 YANGPYEONG-RO 22-GIL,HALU2332509,20',22GP,,1,1,26SNKO3578E,2026-09-29 01:42:04
수출,LAEM CHABANG VOYAGER,2607W,20261001,HASLK01260905591,WACKER CHEMICALS KOREA INCS-3F 231 PANGYOYEOK-RO,SKLU2033279,20',22GP,,1,1,26SNKO3578E,2026-09-29 01:42:04
수출,LAEM CHABANG VOYAGER,2607W,20261001,HASLK01260905639,DONGKUK INDUSTRIES CO LTDDA-DONG BLDG 92 DA-DONG,SKLU1946545,20',22GP,,1,1,26SNKO3578E,2026-09-29 01:42:04
수출,LAEM CHABANG VOYAGER,2607W,20261001,HASLK01260905766,MAXONE ASIA20 SAMGAE-RO MAPO-GU,SKLU3508506,20',22GP,,1,1,26SNKO3578E,2026-09-29 01:42:04
수출,LAEM CHABANG VOYAGER,2607W,20261001,HASLK01260905929,DONGKUK INDUSTRIES CO LTD,SKLU1340774,20',22GP,,1,1,26SNKO3578E,2026-09-29 01:42:04
수출,LAEM CHABANG VOYAGER,2607W,20261001,HASLK01260905929,DONGKUK INDUSTRIES CO LTD,SKLU1675166,20',22GP,,1,1,26SNKO3578E,2026-09-29 01:42:04
수출,LAEM CHABANG VOYAGER,2607W,20261001,HASLK01260905977,MAXONE ASIA17 SEOBINGGO-RO YONGSAN-GU,SKHU8913186,40',45GP,,2,1,26SNKO3578E,2026-09-29 01:42:04
수출,LAEM CHABANG VOYAGER,2607W,20261001,HASLK01260905979,MAXONE ASIA17 SEOBINGGO-RO YONGSAN-GU,SKHU6381314,40',45GP,,2,1,26SNKO3578E,2026-09-29 01:42:04
수출,LAEM CHABANG VOYAGER,2607W,20261001,HASLK01260906169,BLUE OCEAN MARKET COLTDSEOJAE-RO 12-GIL 11-10,HLHU8383999,40',45GP,,2,1,26SNKO3578E,2026-09-29 01:42:04
수출,LAEM CHABANG VOYAGER,2607W,20261001,HASLK01260906169,BLUE OCEAN MARKET COLTDSEOJAE-RO 12-GIL 11-10,SKHU8419492,40',45GP,,2,1,26SNKO3578E,2026-09-29 01:42:04
수출,LAEM CHABANG VOYAGER,2607W,20261001,HASLK01260906326,SK ON CO LTD51JONG-RO JONGNO-GU,KDCU9180593,20',22TN,,1,1,26SNKO3578E,2026-09-29 01:42:04
수출,LAEM CHABANG VOYAGER,2607W,20261001,HASLK01260906326,SK ON CO LTD51JONG-RO JONGNO-GU,TGIU3234024,20',22TN,,1,1,26SNKO3578E,2026-09-29 01:42:04
수출,LAEM CHABANG VOYAGER,2607W,20261001,HASLK01260906478,LG CHEM LTD,BMOU5893398,40',45GP,,2,1,26SNKO3578E,2026-09-29 01:42:04
수출,LAEM CHABANG VOYAGER,2607W,20261001,HASLK01260906478,LG CHEM LTD,HALU2063441,20',22GP,,1,1,26SNKO3578E,2026-09-29 01:42:04
수출,LAEM CHABANG VOYAGER,2607W,20261001,HASLK01260906478,LG CHEM LTD,HALU2082879,20',22GP,,1,1,26SNKO3578E,2026-09-29 01:42:04
수출,LAEM CHABANG VOYAGER,2607W,20261001,HASLK01260906478,LG CHEM LTD,HALU2084110,20',22GP,,1,1,26SNKO3578E,2026-09-29 01:42:04
수출,LAEM CHABANG VOYAGER,2607W,20261001,HASLK01260906478,LG CHEM LTD,HALU2300456,20',22GP,,1,1,26SNKO3578E,2026-09-29 01:42:04
수출,LAEM CHABANG VOYAGER,2607W,20261001,HASLK01260906478,LG CHEM LTD,HLHU8502948,40',45GP,,2,1,26SNKO3578E,2026-09-29 01:42:04
수출,LAEM CHABANG VOYAGER,2607W,20261001,HASLK01260906478,LG CHEM LTD,SEGU5152319,40',45GP,,2,1,26SNKO3578E,2026-09-29 01:42:04
수출,LAEM CHABANG VOYAGER,2607W,20261001,HASLK01260906478,LG CHEM LTD,SKHU9531953,40',45GP,,2,1,26SNKO3578E,2026-09-29 01:42:04
수출,LAEM CHABANG VOYAGER,2607W,20261001,HASLK01260906478,LG CHEM LTD,SKHU9602851,40',45GP,,2,1,26SNKO3578E,2026-09-29 01:42:04
수출,LAEM CHABANG VOYAGER,2607W,20261001,HASLK01260906478,LG CHEM LTD,SKHU9828767,40',45GP,,2,1,26SNKO3578E,2026-09-29 01:42:04
수출,LAEM CHABANG VOYAGER,2607W,20261001,HASLK01260906478,LG CHEM LTD,SKLU1633812,20',22GP,,1,1,26SNKO3578E,2026-09-29 01:42:04
수출,LAEM CHABANG VOYAGER,2607W,20261001,HASLK01260906478,LG CHEM LTD,SKLU2078210,20',22GP,,1,1,26SNKO3578E,2026-09-29 01:42:04
수출,LAEM CHABANG VOYAGER,2607W,20261001,HASLK01260906615,MIWON SPECIALTY CHEMICAL CO LTD20 POEUN-DAERO 59BEON-GIL SUJI-GU,SKLU1201465,20',22GP,,1,1,26SNKO3578E,2026-09-29 01:42:04
수출,LAEM CHABANG VOYAGER,2607W,20261001,HASLK01260906696,DOW CHEMICAL SILICONES KOREA LTD520 YEONGDONG-DAERO,HALU2564633,20',22GP,,1,1,26SNKO3578E,2026-09-29 01:42:04
수출,LAEM CHABANG VOYAGER,2607W,20261001,HASLK01260906697,DOW CHEMICAL SILICONES KOREA LTD520 YEONGDONG-DAERO,HALU2032311,20',22GP,,1,1,26SNKO3578E,2026-09-29 01:42:04
수출,LAEM CHABANG VOYAGER,2607W,20261001,HASLK01260906698,DOW CHEMICAL SILICONES KOREA LTD520 YEONGDONG-DAERO,SKLU2019060,20',22GP,,1,1,26SNKO3578E,2026-09-29 01:42:04
수출,LAEM CHABANG VOYAGER,2607W,20261001,HASLK01260906722,KUKBO EXPRESS CO LTD OB OFISU SPECIALTY CHEMICAL CO LTD,ISUU2401256,20',22TN,,1,1,26SNKO3578E,2026-09-29 01:42:04
수출,LAEM CHABANG VOYAGER,2607W,20261001,HASLK01260906722,KUKBO EXPRESS CO LTD OB OFISU SPECIALTY CHEMICAL CO LTD,ISUU2401359,20',22TN,,1,1,26SNKO3578E,2026-09-29 01:42:04
수출,LAEM CHABANG VOYAGER,2607W,20261001,HASLK01260906831,HANWHA TOTALENERGIESPETROCHEMICAL CO LTD,SKHU6477118,40',45GP,,2,1,26SNKO3578E,2026-09-29 01:42:04
수출,LAEM CHABANG VOYAGER,2607W,20261001,HASLK01260906916,CNB CORPORATION,HALU2564232,20',22GP,,1,1,26SNKO3578E,2026-09-29 01:42:04
수출,LAEM CHABANG VOYAGER,2607W,20261001,HASLK01260907120,JAEURO SA CO LTD,TIFU1266241,20',22TN,,1,1,26SNKO3578E,2026-09-29 01:42:04
수출,LAEM CHABANG VOYAGER,2607W,20261001,HASLK01260907120,JAEURO SA CO LTD,TIFU1266278,20',22TN,,1,1,26SNKO3578E,2026-09-29 01:42:04
수출,LAEM CHABANG VOYAGER,2607W,20261001,HASLK01260907120,JAEURO SA CO LTD,TIFU1507713,20',22TN,,1,1,26SNKO3578E,2026-09-29 01:42:04
수출,LAEM CHABANG VOYAGER,2607W,20261001,HASLK01260907120,JAEURO SA CO LTD,TIFU1720230,20',22TN,,1,1,26SNKO3578E,2026-09-29 01:42:04
수출,LAEM CHABANG VOYAGER,2607W,20261001,HASLK01260907167,LG CHEM LTDLG TWIN TOWER BUILDING,SEKU4978785,40',45GP,,2,1,26SNKO3578E,2026-09-29 01:42:04
수출,LAEM CHABANG VOYAGER,2607W,20261001,HASLK01260907167,LG CHEM LTDLG TWIN TOWER BUILDING,SKHU9401163,40',45GP,,2,1,26SNKO3578E,2026-09-29 01:42:04
수출,LAEM CHABANG VOYAGER,2607W,20261001,HASLK01260907167,LG CHEM LTDLG TWIN TOWER BUILDING,SKHU9943349,40',45GP,,2,1,26SNKO3578E,2026-09-29 01:42:04
수출,LAEM CHABANG VOYAGER,2607W,20261001,HASLK01260907415,JS CORPORATIONRM708 LG TWINTEL 2 508,SKLU0593905,20',22GP,,1,1,26SNKO3578E,2026-09-29 01:42:04
수출,LAEM CHABANG VOYAGER,2607W,20261001,HASLK01260907760,THE H LOGISTICS CO LTDMAPO-DAERO MAPO-GUSEOUL,SKHU6303878,40',45GP,,2,1,26SNKO3578E,2026-09-29 01:42:04
수출,LAEM CHABANG VOYAGER,2607W,20261001,HASLK01260907761,GREEN CHEMICAL COLTD,SKLU1511990,20',22GP,,1,1,26SNKO3578E,2026-09-29 01:42:04
수출,LAEM CHABANG VOYAGER,2607W,20261001,HASLK01260907839,KOLON INDUSTRIES INC110 MAGOKDONG-RO GANGSEO-GU,HALU2461553,20',22GP,,1,1,26SNKO3578E,2026-09-29 01:42:04
수출,LAEM CHABANG VOYAGER,2607W,20261001,HASLK01260907839,KOLON INDUSTRIES INC110 MAGOKDONG-RO GANGSEO-GU,SKLU1547648,20',22GP,,1,1,26SNKO3578E,2026-09-29 01:42:04
수출,LAEM CHABANG VOYAGER,2607W,20261001,HASLK01260907855,JAEURO SA CO LTD,EOLU8245202,20',22TN,,1,1,26SNKO3578E,2026-09-29 01:42:04
수출,LAEM CHABANG VOYAGER,2607W,20261001,HASLK01260907855,JAEURO SA CO LTD,EOLU8249851,20',22TN,,1,1,26SNKO3578E,2026-09-29 01:42:04
수출,LAEM CHABANG VOYAGER,2607W,20261001,HASLK01260907982,JAEURO SA CO LTD,EOLU8250214,20',22TN,,1,1,26SNKO3578E,2026-09-29 01:42:04
수출,LAEM CHABANG VOYAGER,2607W,20261001,HASLK01260908062,HANWHA ADVANCED MATERIALSCORPORATION,HLHU8206611,40',45GP,,2,1,26SNKO3578E,2026-09-29 01:42:04
수출,LAEM CHABANG VOYAGER,2607W,20261001,HASLK01260908195,GREEN CHEMICAL COLTD,SKLU1558750,20',22GP,,1,1,26SNKO3578E,2026-09-29 01:42:04
수출,LAEM CHABANG VOYAGER,2607W,20261001,HASLK01260908285,KHAS TRADING CO LTD105-DONG 202-HO JANGGI-RO 160,HALU5670623,40',45GP,,2,1,26SNKO3578E,2026-09-29 01:42:04
수출,LAEM CHABANG VOYAGER,2607W,20261001,HASLK01260908285,KHAS TRADING CO LTD105-DONG 202-HO JANGGI-RO 160,SEKU4437780,40',45GP,,2,1,26SNKO3578E,2026-09-29 01:42:04
수출,TOYAMA TRADER,2635E,20261001,HASLC01260715981,ZHEJIANG WILLING FOREIGN TRADING   COLTD,HALU2511016,20',22GP,,1,1,26SNKO3407E,2026-09-29 01:42:04
수출,TOYAMA TRADER,2635E,20261001,HASLC01260810352,SHANGHAI YONGYUE IMPEXP TRADING    COLTD,HALU2575664,20',22GP,,1,1,26SNKO3407E,2026-09-29 01:42:04
수출,TOYAMA TRADER,2635E,20261001,HASLC01260814064,SHANGHAI JINGTAO INTERNATIONAL     LOGISTICS COLTD,SKLU2364370,20',22GP,,1,1,26SNKO3407E,2026-09-29 01:42:04
수출,TOYAMA TRADER,2635E,20261001,HASLC01260820172,FULL UNION LOGISTICS GROUP LTD     12TH FL FUDE BUSINESS CENTER,SKLU1549764,20',22GP,,1,1,26SNKO3407E,2026-09-29 01:42:04
수출,TOYAMA TRADER,2635E,20261001,HASLC01260820172,FULL UNION LOGISTICS GROUP LTD     12TH FL FUDE BUSINESS CENTER,SKLU1556892,20',22GP,,1,1,26SNKO3407E,2026-09-29 01:42:04
수출,TOYAMA TRADER,2635E,20261001,HASLC01260820172,FULL UNION LOGISTICS GROUP LTD     12TH FL FUDE BUSINESS CENTER,SKLU2008337,20',22GP,,1,1,26SNKO3407E,2026-09-29 01:42:04
수출,TOYAMA TRADER,2635E,20261001,HASLC01260821133,SHANGHAI FUJI KOKI COLTD,TCNU8124929,40',45GP,,2,1,26SNKO3407E,2026-09-29 01:42:04
수출,TOYAMA TRADER,2635E,20261001,HASLC01260910167,SHANGHAI RIVIA SUPPLY CHAINMANAGEMENT COLTD,HALU5674465,40',45GP,,2,1,26SNKO3407E,2026-09-29 01:42:04
수출,TOYAMA TRADER,2635E,20261001,HASLC02260800857,PANDA LOGISTICS CO LTDXIAMEN BRANCH,HLHU8300654,40',45GP,,2,1,26SNKO3407E,2026-09-29 01:42:04
수출,TOYAMA TRADER,2635E,20261001,HASLC02260800857,PANDA LOGISTICS CO LTDXIAMEN BRANCH,HLHU8324363,40',45GP,,2,1,26SNKO3407E,2026-09-29 01:42:04
수출,TOYAMA TRADER,2635E,20261001,HASLC02260800857,PANDA LOGISTICS CO LTDXIAMEN BRANCH,HLHU8362065,40',45GP,,2,1,26SNKO3407E,2026-09-29 01:42:04
수출,TOYAMA TRADER,2635E,20261001,HASLC02260800857,PANDA LOGISTICS CO LTDXIAMEN BRANCH,HLHU8380449,40',45GP,,2,1,26SNKO3407E,2026-09-29 01:42:04
수출,TOYAMA TRADER,2635E,20261001,HASLC02260800857,PANDA LOGISTICS CO LTDXIAMEN BRANCH,HLHU8412530,40',45GP,,2,1,26SNKO3407E,2026-09-29 01:42:04
수출,TOYAMA TRADER,2635E,20261001,HASLC02260800857,PANDA LOGISTICS CO LTDXIAMEN BRANCH,HLHU8444116,40',45GP,,2,1,26SNKO3407E,2026-09-29 01:42:04
수출,TOYAMA TRADER,2635E,20261001,HASLC02260800857,PANDA LOGISTICS CO LTDXIAMEN BRANCH,HLHU8468653,40',45GP,,2,1,26SNKO3407E,2026-09-29 01:42:04
수출,TOYAMA TRADER,2635E,20261001,HASLC02260800857,PANDA LOGISTICS CO LTDXIAMEN BRANCH,HLHU8509412,40',45GP,,2,1,26SNKO3407E,2026-09-29 01:42:04
수출,TOYAMA TRADER,2635E,20261001,HASLC02260800857,PANDA LOGISTICS CO LTDXIAMEN BRANCH,HLHU8529825,40',45GP,,2,1,26SNKO3407E,2026-09-29 01:42:04
수출,TOYAMA TRADER,2635E,20261001,HASLC02260800857,PANDA LOGISTICS CO LTDXIAMEN BRANCH,HLHU8576452,40',45GP,,2,1,26SNKO3407E,2026-09-29 01:42:04
수출,TOYAMA TRADER,2635E,20261001,HASLC02260800857,PANDA LOGISTICS CO LTDXIAMEN BRANCH,SEGU5479894,40',45GP,,2,1,26SNKO3407E,2026-09-29 01:42:04
수출,TOYAMA TRADER,2635E,20261001,HASLC02260800857,PANDA LOGISTICS CO LTDXIAMEN BRANCH,SKHU6437455,40',45GP,,2,1,26SNKO3407E,2026-09-29 01:42:04
수출,TOYAMA TRADER,2635E,20261001,HASLC02260800857,PANDA LOGISTICS CO LTDXIAMEN BRANCH,SKHU6446478,40',45GP,,2,1,26SNKO3407E,2026-09-29 01:42:04
수출,TOYAMA TRADER,2635E,20261001,HASLC02260800857,PANDA LOGISTICS CO LTDXIAMEN BRANCH,SKHU6503006,40',45GP,,2,1,26SNKO3407E,2026-09-29 01:42:04
수출,TOYAMA TRADER,2635E,20261001,HASLC02260800857,PANDA LOGISTICS CO LTDXIAMEN BRANCH,SKHU8123936,40',45GP,,2,1,26SNKO3407E,2026-09-29 01:42:04
수출,TOYAMA TRADER,2635E,20261001,HASLC02260800857,PANDA LOGISTICS CO LTDXIAMEN BRANCH,SKHU8429973,40',45GP,,2,1,26SNKO3407E,2026-09-29 01:42:04
수출,TOYAMA TRADER,2635E,20261001,HASLC02260800857,PANDA LOGISTICS CO LTDXIAMEN BRANCH,SKHU9917648,40',45GP,,2,1,26SNKO3407E,2026-09-29 01:42:04
수출,TOYAMA TRADER,2635E,20261001,HASLC02260900053,TIANJIN EVER-BLOOMING INTLFORWARDER AGENT COLTD,SKLU1606843,20',22GP,,1,1,26SNKO3407E,2026-09-29 01:42:04
수출,TOYAMA TRADER,2635E,20261001,HASLC03260801825,SHANDONG LUYIN NEW MATERIALTECHNOLOGY COLTD,BEAU2345884,20',22GP,,1,1,26SNKO3407E,2026-09-29 01:42:04
수출,TOYAMA TRADER,2635E,20261001,HASLC03260801825,SHANDONG LUYIN NEW MATERIALTECHNOLOGY COLTD,FCIU4708472,20',22GP,,1,1,26SNKO3407E,2026-09-29 01:42:04
수출,TOYAMA TRADER,2635E,20261001,HASLC03260801825,SHANDONG LUYIN NEW MATERIALTECHNOLOGY COLTD,HALU2338549,20',22GP,,1,1,26SNKO3407E,2026-09-29 01:42:04
수출,TOYAMA TRADER,2635E,20261001,HASLC03260801825,SHANDONG LUYIN NEW MATERIALTECHNOLOGY COLTD,HALU2407043,20',22GP,,1,1,26SNKO3407E,2026-09-29 01:42:04
수출,TOYAMA TRADER,2635E,20261001,HASLC03260801825,SHANDONG LUYIN NEW MATERIALTECHNOLOGY COLTD,HALU2558754,20',22GP,,1,1,26SNKO3407E,2026-09-29 01:42:04
수출,TOYAMA TRADER,2635E,20261001,HASLC03260801825,SHANDONG LUYIN NEW MATERIALTECHNOLOGY COLTD,HALU2558841,20',22GP,,1,1,26SNKO3407E,2026-09-29 01:42:04
수출,TOYAMA TRADER,2635E,20261001,HASLC03260801825,SHANDONG LUYIN NEW MATERIALTECHNOLOGY COLTD,HALU2559128,20',22GP,,1,1,26SNKO3407E,2026-09-29 01:42:04
수출,TOYAMA TRADER,2635E,20261001,HASLC03260801825,SHANDONG LUYIN NEW MATERIALTECHNOLOGY COLTD,HALU2559154,20',22GP,,1,1,26SNKO3407E,2026-09-29 01:42:04
수출,TOYAMA TRADER,2635E,20261001,HASLC03260801825,SHANDONG LUYIN NEW MATERIALTECHNOLOGY COLTD,HALU2560200,20',22GP,,1,1,26SNKO3407E,2026-09-29 01:42:04
수출,TOYAMA TRADER,2635E,20261001,HASLC03260801825,SHANDONG LUYIN NEW MATERIALTECHNOLOGY COLTD,HALU2560514,20',22GP,,1,1,26SNKO3407E,2026-09-29 01:42:04
수출,TOYAMA TRADER,2635E,20261001,HASLC03260801825,SHANDONG LUYIN NEW MATERIALTECHNOLOGY COLTD,SKLU1427745,20',22GP,,1,1,26SNKO3407E,2026-09-29 01:42:04
수출,TOYAMA TRADER,2635E,20261001,HASLC03260801825,SHANDONG LUYIN NEW MATERIALTECHNOLOGY COLTD,SKLU2079881,20',22GP,,1,1,26SNKO3407E,2026-09-29 01:42:04
수출,TOYAMA TRADER,2635E,20261001,HASLC03260801825,SHANDONG LUYIN NEW MATERIALTECHNOLOGY COLTD,TEMU0118107,20',22GP,,1,1,26SNKO3407E,2026-09-29 01:42:04
수출,TOYAMA TRADER,2635E,20261001,HASLC03260802556,LIAN YOU TRADING LIMITEDUNIT 2 LG 1 MIRROR TOWER 61 MODY,HALU2578410,20',22GP,,1,1,26SNKO3407E,2026-09-29 01:42:04
수출,TOYAMA TRADER,2635E,20261001,HASLC03260802572,QINGDAO HAIXUAN INTERNATIONALLOGISTICS COLTD,SKLU1321049,20',22GP,,1,1,26SNKO3407E,2026-09-29 01:42:04
수출,TOYAMA TRADER,2635E,20261001,HASLC03260802572,QINGDAO HAIXUAN INTERNATIONALLOGISTICS COLTD,SKLU1426862,20',22GP,,1,1,26SNKO3407E,2026-09-29 01:42:04
수출,TOYAMA TRADER,2635E,20261001,HASLC03260802575,QINGDAO HAIXUAN INTERNATIONALLOGISTICS COLTD,SKLU1113488,20',22GP,,1,1,26SNKO3407E,2026-09-29 01:42:04
수출,TOYAMA TRADER,2635E,20261001,HASLC03260802575,QINGDAO HAIXUAN INTERNATIONALLOGISTICS COLTD,SKLU1619270,20',22GP,,1,1,26SNKO3407E,2026-09-29 01:42:04
수출,TOYAMA TRADER,2635E,20261001,HASLC03260802580,QINGDAO HONORTRANSINTERNATIONAL LOGISTICS COLTD,SKLU1513118,20',22GP,,1,1,26SNKO3407E,2026-09-29 01:42:04
수출,TOYAMA TRADER,2635E,20261001,HASLC03260802589,WEIFANG BANGHUA CHEMICAL COLTD     LINGANG INDUSTRIAL PARK BINHAI,BEAU2346622,20',22GP,,1,1,26SNKO3407E,2026-09-29 01:42:04
수출,TOYAMA TRADER,2635E,20261001,HASLC03260802589,WEIFANG BANGHUA CHEMICAL COLTD     LINGANG INDUSTRIAL PARK BINHAI,HALU2080304,20',22GP,,1,1,26SNKO3407E,2026-09-29 01:42:04
수출,TOYAMA TRADER,2635E,20261001,HASLC03260802589,WEIFANG BANGHUA CHEMICAL COLTD     LINGANG INDUSTRIAL PARK BINHAI,HALU2106008,20',22GP,,1,1,26SNKO3407E,2026-09-29 01:42:04
수출,TOYAMA TRADER,2635E,20261001,HASLC03260802589,WEIFANG BANGHUA CHEMICAL COLTD     LINGANG INDUSTRIAL PARK BINHAI,HALU2107869,20',22GP,,1,1,26SNKO3407E,2026-09-29 01:42:04
수출,TOYAMA TRADER,2635E,20261001,HASLC03260802589,WEIFANG BANGHUA CHEMICAL COLTD     LINGANG INDUSTRIAL PARK BINHAI,SEGU2303160,20',22GP,,1,1,26SNKO3407E,2026-09-29 01:42:04
수출,TOYAMA TRADER,2635E,20261001,HASLC03260802589,WEIFANG BANGHUA CHEMICAL COLTD     LINGANG INDUSTRIAL PARK BINHAI,SKLU0568327,20',22GP,,1,1,26SNKO3407E,2026-09-29 01:42:04
수출,TOYAMA TRADER,2635E,20261001,HASLC03260802589,WEIFANG BANGHUA CHEMICAL COLTD     LINGANG INDUSTRIAL PARK BINHAI,SKLU0723927,20',22GP,,1,1,26SNKO3407E,2026-09-29 01:42:04
수출,TOYAMA TRADER,2635E,20261001,HASLC03260802589,WEIFANG BANGHUA CHEMICAL COLTD     LINGANG INDUSTRIAL PARK BINHAI,SKLU1576564,20',22GP,,1,1,26SNKO3407E,2026-09-29 01:42:04
수출,TOYAMA TRADER,2635E,20261001,HASLC03260802589,WEIFANG BANGHUA CHEMICAL COLTD     LINGANG INDUSTRIAL PARK BINHAI,SKLU1624467,20',22GP,,1,1,26SNKO3407E,2026-09-29 01:42:04
수출,TOYAMA TRADER,2635E,20261001,HASLC03260802589,WEIFANG BANGHUA CHEMICAL COLTD     LINGANG INDUSTRIAL PARK BINHAI,SKLU2320880,20',22GP,,1,1,26SNKO3407E,2026-09-29 01:42:04
수출,TOYAMA TRADER,2635E,20261001,HASLC03260900298,QINGDAO YUDU UNION SCM CORP LTD    406-14TH FLOOR BUILDING 53,HLHU6418381,40',45GP,,2,1,26SNKO3407E,2026-09-29 01:42:04
수출,TOYAMA TRADER,2635E,20261001,HASLC03260900571,WEIFANG UNION EXPRESS INTLLOGISTICS COLTD,SKRU6502756,40',45RE,,2,1,26SNKO3407E,2026-09-29 01:42:04
수출,TOYAMA TRADER,2635E,20261001,HASLC03260900840,QINGDAO HODGE LOGISTICSINTERNATIONAL CO LTD,SKHU9312744,40',45GP,,2,1,26SNKO3407E,2026-09-29 01:42:04
수출,TOYAMA TRADER,2635E,20261001,HASLC03260900840,QINGDAO HODGE LOGISTICSINTERNATIONAL CO LTD,WBPU7076070,40',45GP,,2,1,26SNKO3407E,2026-09-29 01:42:04
수출,TOYAMA TRADER,2635E,20261001,HASLC04260800339,CHANGCHUN ZHAORI INTERNATIONAL     ECONOMY AND TRADE COOPERATION,SKHU6442620,40',45GP,,2,1,26SNKO3407E,2026-09-29 01:42:04
수출,TOYAMA TRADER,2635E,20261001,HASLC04260800339,CHANGCHUN ZHAORI INTERNATIONAL     ECONOMY AND TRADE COOPERATION,SKHU6557390,40',45GP,,2,1,26SNKO3407E,2026-09-29 01:42:04
수출,TOYAMA TRADER,2635E,20261001,HASLC04260800370,DALIAN GUANGLIN WOOD COLTDHOUSHIS VILLAGE DAWEIJIA STR,SKLU1983997,20',22GP,,1,1,26SNKO3407E,2026-09-29 01:42:04
수출,TOYAMA TRADER,2635E,20261001,HASLC04260800380,SHANGHAI BRAVE BEYOND INTERNATIONALLOGISTICSCOLTD,SKLU1618700,20',22GP,,1,1,26SNKO3407E,2026-09-29 01:42:04
수출,TOYAMA TRADER,2635E,20261001,HASLC56260700913,SHANDONG JIANLIKUN INTERNATIONAL   TRADE CO LTD,DFSU7522295,40',45GP,,2,1,26SNKO3407E,2026-09-29 01:42:04
수출,TOYAMA TRADER,2635E,20261001,HASLC56260701367,AIT INTERNATIONAL LOGISTICSSHANGHAI COLTD NINGBO BRANCH,SKLU1509123,20',22GP,,1,1,26SNKO3407E,2026-09-29 01:42:04
수출,TOYAMA TRADER,2635E,20261001,HASLC56260701567,LANXI BOYUAN METAL COLTDNO9 CHUANGYE ROAD,HALU2447323,20',22GP,,1,1,26SNKO3407E,2026-09-29 01:42:04
수출,TOYAMA TRADER,2635E,20261001,HASLC56260701567,LANXI BOYUAN METAL COLTDNO9 CHUANGYE ROAD,HALU2465008,20',22GP,,1,1,26SNKO3407E,2026-09-29 01:42:04
수출,TOYAMA TRADER,2635E,20261001,HASLC56260701567,LANXI BOYUAN METAL COLTDNO9 CHUANGYE ROAD,SKLU0725025,20',22GP,,1,1,26SNKO3407E,2026-09-29 01:42:04
수출,TOYAMA TRADER,2635E,20261001,HASLC56260701567,LANXI BOYUAN METAL COLTDNO9 CHUANGYE ROAD,SKLU1418790,20',22GP,,1,1,26SNKO3407E,2026-09-29 01:42:04
수출,TOYAMA TRADER,2635E,20261001,HASLC56260701567,LANXI BOYUAN METAL COLTDNO9 CHUANGYE ROAD,SKLU1570484,20',22GP,,1,1,26SNKO3407E,2026-09-29 01:42:04
수출,TOYAMA TRADER,2635E,20261001,HASLC56260701567,LANXI BOYUAN METAL COLTDNO9 CHUANGYE ROAD,SKLU2317676,20',22GP,,1,1,26SNKO3407E,2026-09-29 01:42:04
수출,TOYAMA TRADER,2635E,20261001,HASLC56260701567,LANXI BOYUAN METAL COLTDNO9 CHUANGYE ROAD,SKLU2414090,20',22GP,,1,1,26SNKO3407E,2026-09-29 01:42:04
수출,TOYAMA TRADER,2635E,20261001,HASLC56260701567,LANXI BOYUAN METAL COLTDNO9 CHUANGYE ROAD,SKLU3519202,20',22GP,,1,1,26SNKO3407E,2026-09-29 01:42:04
수출,TOYAMA TRADER,2635E,20261001,HASLC56260900364,ZENITH TRACK CO LTD67 GYERYONG-RO 60BEON-GIL,GCXU5074499,40',45GP,,2,1,26SNKO3407E,2026-09-29 01:42:04
수출,TOYAMA TRADER,2635E,20261001,HASLC56260901435,YIWU TONGXIN TRADE COLTD,SKRU9905605,40',45RE,,2,1,26SNKO3407E,2026-09-29 01:42:04
수출,TOYAMA TRADER,2635E,20261001,HASLC56260901436,YIWU TONGXIN TRADE COLTD,FSCU5890035,40',45RE,,2,1,26SNKO3407E,2026-09-29 01:42:04
수출,TOYAMA TRADER,2635E,20261001,HASLC5T260700925,WANG KEI YIP  DEVELOPMENT LIMITED  ADD 12F WINGS BUILDING NO 110-,BEAU2052166,20',22GP,,1,1,26SNKO3407E,2026-09-29 01:42:04
수출,TOYAMA TRADER,2635E,20261001,HASLC5T260700925,WANG KEI YIP  DEVELOPMENT LIMITED  ADD 12F WINGS BUILDING NO 110-,BEAU2090485,20',22GP,,1,1,26SNKO3407E,2026-09-29 01:42:04
수출,TOYAMA TRADER,2635E,20261001,HASLC5T260700925,WANG KEI YIP  DEVELOPMENT LIMITED  ADD 12F WINGS BUILDING NO 110-,DFSU3103259,20',22GP,,1,1,26SNKO3407E,2026-09-29 01:42:04
수출,TOYAMA TRADER,2635E,20261001,HASLC5T260700925,WANG KEI YIP  DEVELOPMENT LIMITED  ADD 12F WINGS BUILDING NO 110-,SKLU1625519,20',22GP,,1,1,26SNKO3407E,2026-09-29 01:42:04
수출,TOYAMA TRADER,2635E,20261001,HASLC5T260700925,WANG KEI YIP  DEVELOPMENT LIMITED  ADD 12F WINGS BUILDING NO 110-,SKLU1639512,20',22GP,,1,1,26SNKO3407E,2026-09-29 01:42:04
수출,TOYAMA TRADER,2635E,20261001,HASLC5T260700925,WANG KEI YIP  DEVELOPMENT LIMITED  ADD 12F WINGS BUILDING NO 110-,SKLU1662148,20',22GP,,1,1,26SNKO3407E,2026-09-29 01:42:04
수출,TOYAMA TRADER,2635E,20261001,HASLC5T260700925,WANG KEI YIP  DEVELOPMENT LIMITED  ADD 12F WINGS BUILDING NO 110-,SKLU2074180,20',22GP,,1,1,26SNKO3407E,2026-09-29 01:42:04
수출,TOYAMA TRADER,2635E,20261001,HASLC5T260800463,CHINATRANS INTERNATIONAL LIMITED,SKHU6398467,40',45GP,,2,1,26SNKO3407E,2026-09-29 01:42:04
수출,TOYAMA TRADER,2635E,20261001,HASLK01260701891,OCI COMPANY LTDOCI BUILDING,SKHU9914715,40',45GP,,2,1,26SNKO3407E,2026-09-29 01:42:04
수출,TOYAMA TRADER,2635E,20261001,HASLK01260707418,NIPPON EXPRESS KOREA CO LTDON BEHALF OF NX GLOBAL OCEAN NETWOR,SKHU6409197,40',45GP,,2,1,26SNKO3407E,2026-09-29 01:42:04
수출,TOYAMA TRADER,2635E,20261001,HASLK01260707423,NIPPON EXPRESS KOREA CO LTDON BEHALF OF NX GLOBAL OCEAN NETWOR,HLHU8573670,40',45GP,,2,1,26SNKO3407E,2026-09-29 01:42:04
수출,TOYAMA TRADER,2635E,20261001,HASLK01260805446,NIPPON EXPRESS KOREA CO LTDON BEHALF OF NX GLOBAL OCEAN NETWOR,SKHU8907516,40',45GP,,2,1,26SNKO3407E,2026-09-29 01:42:04
수출,TOYAMA TRADER,2635E,20261001,HASLK01260806922,LOTTE GLOBAL LOGISTICS COLTDYONSEI SEVERANCE BUILDING10,SKHU6593294,40',45GP,,2,1,26SNKO3407E,2026-09-29 01:42:04
수출,TOYAMA TRADER,2635E,20261001,HASLK01260806926,LOTTE GLOBAL LOGISTICS COLTDYONSEI SEVERANCE BUILDING10,HLHU8533039,40',45GP,,2,1,26SNKO3407E,2026-09-29 01:42:04
수출,TOYAMA TRADER,2635E,20261001,HASLK01260900469,HAEWOO GLS COLTD8F JAE YOUNG BLDG 402 GANGSEO-RO,HALU2534897,20',22GP,,1,1,26SNKO3407E,2026-09-29 01:42:04
수출,TOYAMA TRADER,2635E,20261001,HASLK01260900486,SH ENERGY AND CHEMICAL COLTD445 TEHERAN-RO 14FLGANGNAM-GU,SKHU1500093,20',22UT,,1,1,26SNKO3407E,2026-09-29 01:42:04
수출,TOYAMA TRADER,2635E,20261001,HASLK01260900871,NNR GLOBAL LOGISTICS KOREA COLTDOB OF BOSUNG POLY TECH COLTD,HLHU8351899,40',45GP,,2,1,26SNKO3407E,2026-09-29 01:42:04
수출,TOYAMA TRADER,2635E,20261001,HASLK01260905682,LX PANTOS CO LTDON BEHALF OF LG CHEM LTD,SKLU1516760,20',22GP,,1,1,26SNKO3407E,2026-09-29 01:42:04
수출,TOYAMA TRADER,2635E,20261001,HASLK01260906342,MAXPEED CO LTD OB OF- AS PER ATTACHED RIDER -,TRHU6362583,40',45GP,,2,1,26SNKO3407E,2026-09-29 01:42:04
수출,TOYAMA TRADER,2635E,20261001,HASLK01260906789,KUKDONG MES CO LTD7F 37 NAMDAEMUN-RO 5-GIL,TCNU6110314,40',45GP,,2,1,26SNKO3407E,2026-09-29 01:42:04
수출,TOYAMA TRADER,2635E,20261001,HASLK01260907333,NTL NAIGAI TRANS LINE KOREACO LTD  OB OF  ATTACHED RIDER,SKLU1324665,20',22GP,,1,1,26SNKO3407E,2026-09-29 01:42:04
수출,TOYAMA TRADER,2635E,20261001,HASLK01260907583,HEUNG-A LOGISTICS COLTDOB OFAS PER ATTACHED RIDER,SKHU6396762,40',45GP,,2,1,26SNKO3407E,2026-09-29 01:42:04
수출,TOYAMA TRADER,2635E,20261001,HASLK02260801441,GAIAPILE KOREA BRANCHMIEUMSANDAN 2-RO 16BEON-GIL 25,DRYU9732936,40',45GP,,2,1,26SNKO3407E,2026-09-29 01:42:04
수출,TOYAMA TRADER,2635E,20261001,HASLK02260801441,GAIAPILE KOREA BRANCHMIEUMSANDAN 2-RO 16BEON-GIL 25,HLHU8386344,40',45GP,,2,1,26SNKO3407E,2026-09-29 01:42:04
수출,TOYAMA TRADER,2635E,20261001,HASLK02260801441,GAIAPILE KOREA BRANCHMIEUMSANDAN 2-RO 16BEON-GIL 25,HLHU8472078,40',45GP,,2,1,26SNKO3407E,2026-09-29 01:42:04
수출,TOYAMA TRADER,2635E,20261001,HASLK02260801441,GAIAPILE KOREA BRANCHMIEUMSANDAN 2-RO 16BEON-GIL 25,SKHU9900537,40',45GP,,2,1,26SNKO3407E,2026-09-29 01:42:04
수출,TOYAMA TRADER,2635E,20261001,HASLK02260900454,ARA LOGISTICS CO LTDON BEHALF OF KLOOSTERBOER,FBIU5103397,40',45RE,,2,1,26SNKO3407E,2026-09-29 01:42:04
수출,TOYAMA TRADER,2635E,20261001,HASLK02260900454,ARA LOGISTICS CO LTDON BEHALF OF KLOOSTERBOER,SKRU9602044,40',45RE,,2,1,26SNKO3407E,2026-09-29 01:42:04
수출,TOYAMA TRADER,2635E,20261001,HASLK02260900454,ARA LOGISTICS CO LTDON BEHALF OF KLOOSTERBOER,SKRU9603380,40',45RE,,2,1,26SNKO3407E,2026-09-29 01:42:04
수출,TOYAMA TRADER,2635E,20261001,HASLK02260900454,ARA LOGISTICS CO LTDON BEHALF OF KLOOSTERBOER,SKRU9603631,40',45RE,,2,1,26SNKO3407E,2026-09-29 01:42:04
수출,TOYAMA TRADER,2635E,20261001,HASLK02260900454,ARA LOGISTICS CO LTDON BEHALF OF KLOOSTERBOER,SKRU9603647,40',45RE,,2,1,26SNKO3407E,2026-09-29 01:42:04
수출,TOYAMA TRADER,2635E,20261001,HASLK02260900454,ARA LOGISTICS CO LTDON BEHALF OF KLOOSTERBOER,SKRU9901889,40',45RE,,2,1,26SNKO3407E,2026-09-29 01:42:04
수출,TOYAMA TRADER,2635E,20261001,HASLK02260900454,ARA LOGISTICS CO LTDON BEHALF OF KLOOSTERBOER,SKRU9905523,40',45RE,,2,1,26SNKO3407E,2026-09-29 01:42:04
수출,TOYAMA TRADER,2635E,20261001,HASLK02260900454,ARA LOGISTICS CO LTDON BEHALF OF KLOOSTERBOER,SZLU9456946,40',45RE,,2,1,26SNKO3407E,2026-09-29 01:42:04
수출,TOYAMA TRADER,2635E,20261001,HASLK02260901311,ARA LOGISTICS CO LTDON BEHALF OF,FBIU5088142,40',45RE,,2,1,26SNKO3407E,2026-09-29 01:42:04
수출,TOYAMA TRADER,2635E,20261001,HASLR01260900089,SIRIUS SEAFOOD CO LTD,FBIU5086031,40',45RE,,2,1,26SNKO3407E,2026-09-29 01:42:04
수출,TOYAMA TRADER,2635E,20261001,HASLR01260900089,SIRIUS SEAFOOD CO LTD,FBIU5087613,40',45RE,,2,1,26SNKO3407E,2026-09-29 01:42:04
수출,TOYAMA TRADER,2635E,20261001,HASLR01260900106,FISHING COMPANY NICHIRA LTD,SKRU9400510,40',45RE,,2,1,26SNKO3407E,2026-09-29 01:42:04
수출,TOYAMA TRADER,2635E,20261001,HASLS16260700354,DFC SHIPPING SDN BHD,FCIU6059768,20',22GP,,1,1,26SNKO3407E,2026-09-29 01:42:04
수출,TOYAMA TRADER,2635E,20261001,HASLS16260700354,DFC SHIPPING SDN BHD,HALU2360310,20',22GP,,1,1,26SNKO3407E,2026-09-29 01:42:04
수출,TOYAMA TRADER,2635E,20261001,HASLS16260700354,DFC SHIPPING SDN BHD,HALU2442424,20',22GP,,1,1,26SNKO3407E,2026-09-29 01:42:04
수출,TOYAMA TRADER,2635E,20261001,HASLS16260700354,DFC SHIPPING SDN BHD,SKLU1414291,20',22GP,,1,1,26SNKO3407E,2026-09-29 01:42:04
수출,TOYAMA TRADER,2635E,20261001,HASLS16260700354,DFC SHIPPING SDN BHD,SKLU1422506,20',22GP,,1,1,26SNKO3407E,2026-09-29 01:42:04
수출,TOYAMA TRADER,2635E,20261001,HASLS16260700354,DFC SHIPPING SDN BHD,SKLU1501673,20',22GP,,1,1,26SNKO3407E,2026-09-29 01:42:04
수출,TOYAMA TRADER,2635E,20261001,HASLS16260700354,DFC SHIPPING SDN BHD,SKLU1540094,20',22GP,,1,1,26SNKO3407E,2026-09-29 01:42:04
수출,TOYAMA TRADER,2635E,20261001,HASLS16260700354,DFC SHIPPING SDN BHD,SKLU1647035,20',22GP,,1,1,26SNKO3407E,2026-09-29 01:42:04
수출,TOYAMA TRADER,2635E,20261001,HASLS16260700354,DFC SHIPPING SDN BHD,SKLU1806754,20',22GP,,1,1,26SNKO3407E,2026-09-29 01:42:04
수출,TOYAMA TRADER,2635E,20261001,HASLS16260700354,DFC SHIPPING SDN BHD,SKLU1904107,20',22GP,,1,1,26SNKO3407E,2026-09-29 01:42:04
수출,TOYAMA TRADER,2635E,20261001,HASLS16260700355,DFC SHIPPING SDN BHD,SKLU1916849,20',22GP,,1,1,26SNKO3407E,2026-09-29 01:42:04
수출,TOYAMA TRADER,2635E,20261001,HASLS16260700355,DFC SHIPPING SDN BHD,SKLU2046321,20',22GP,,1,1,26SNKO3407E,2026-09-29 01:42:04
수출,TOYAMA TRADER,2635E,20261001,HASLS16260700355,DFC SHIPPING SDN BHD,SKLU2069501,20',22GP,,1,1,26SNKO3407E,2026-09-29 01:42:04
수출,TOYAMA TRADER,2635E,20261001,HASLS16260700355,DFC SHIPPING SDN BHD,SKLU2078695,20',22GP,,1,1,26SNKO3407E,2026-09-29 01:42:04
수출,TOYAMA TRADER,2635E,20261001,HASLS16260700355,DFC SHIPPING SDN BHD,SKLU2315077,20',22GP,,1,1,26SNKO3407E,2026-09-29 01:42:04
수출,TOYAMA TRADER,2635E,20261001,HASLS16260700355,DFC SHIPPING SDN BHD,SKLU2351984,20',22GP,,1,1,26SNKO3407E,2026-09-29 01:42:04
수출,TOYAMA TRADER,2635E,20261001,HASLS16260700355,DFC SHIPPING SDN BHD,SKLU2464872,20',22GP,,1,1,26SNKO3407E,2026-09-29 01:42:04
수출,TOYAMA TRADER,2635E,20261001,HASLS16260700355,DFC SHIPPING SDN BHD,SKLU3513380,20',22GP,,1,1,26SNKO3407E,2026-09-29 01:42:04
수출,TOYAMA TRADER,2635E,20261001,HASLS16260700355,DFC SHIPPING SDN BHD,TEMU0571936,20',22GP,,1,1,26SNKO3407E,2026-09-29 01:42:04
수출,TOYAMA TRADER,2635E,20261001,HASLS16260700355,DFC SHIPPING SDN BHD,TGCU2396944,20',22GP,,1,1,26SNKO3407E,2026-09-29 01:42:04
수출,TOYAMA TRADER,2635E,20261001,HASLS21260900075,CAMAU SEAFOOD PROCESSING ANDSERVICE JOINT -STOCK CORP,SZLU2021638,20',22RE,,1,1,26SNKO3407E,2026-09-29 01:42:04
수출,TOYAMA TRADER,2635E,20261001,HASLS22260801311,KODAI THAILAND CO LTD43 THAI CC TOWER ROOM A035,FBIU5089426,40',45RE,,2,1,26SNKO3407E,2026-09-29 01:42:04
수출,TOYAMA TRADER,2635E,20261001,HASLS22260801311,KODAI THAILAND CO LTD43 THAI CC TOWER ROOM A035,FBIU5372328,40',45RE,,2,1,26SNKO3407E,2026-09-29 01:42:04
수출,TOYAMA TRADER,2635E,20261001,HASLS22260802102,ROJANA DISTRIBUTION CENTER COLTD   NO 365638 GREEN TOWER 12 FLOOR,BEAU2355434,20',22GP,,1,1,26SNKO3407E,2026-09-29 01:42:04
수출,TOYAMA TRADER,2635E,20261001,HASLS22260802102,ROJANA DISTRIBUTION CENTER COLTD   NO 365638 GREEN TOWER 12 FLOOR,TRLU8802102,20',22GP,,1,1,26SNKO3407E,2026-09-29 01:42:04
수출,TOYAMA TRADER,2635E,20261001,HASLS50260800128,PT KINTETSU WORLD EXPRESS INDONESIAAS AGENT OF KINTETSU WORLD EXPRESS,HLHU8436131,40',45GP,,2,1,26SNKO3407E,2026-09-29 01:42:04
수출,TOYAMA TRADER,2635E,20261001,HASLS50260800128,PT KINTETSU WORLD EXPRESS INDONESIAAS AGENT OF KINTETSU WORLD EXPRESS,HLHU8527930,40',45GP,,2,1,26SNKO3407E,2026-09-29 01:42:04
수출,TOYAMA TRADER,2635E,20261001,HASLS50260800128,PT KINTETSU WORLD EXPRESS INDONESIAAS AGENT OF KINTETSU WORLD EXPRESS,SKHU6439720,40',45GP,,2,1,26SNKO3407E,2026-09-29 01:42:04
수출,TOYAMA TRADER,2635E,20261001,HASLS50260800128,PT KINTETSU WORLD EXPRESS INDONESIAAS AGENT OF KINTETSU WORLD EXPRESS,SKHU6550008,40',45GP,,2,1,26SNKO3407E,2026-09-29 01:42:04
수출,TOYAMA TRADER,2635E,20261001,HASLS52260700524,PT AJINEX INTERNATIONAL,HALU2586490,20',22GP,,1,1,26SNKO3407E,2026-09-29 01:42:04
수출,TOYAMA TRADER,2635E,20261001,HASLS53260700162,PIPESWAY FURNITURE SDN BHD,HALU2344367,20',22GP,,1,1,26SNKO3407E,2026-09-29 01:42:04
수출,TOYAMA TRADER,2635E,20261001,HASLS53260700286,SLP GREEN TECH SDN BHD,HALU2362458,20',22GP,,1,1,26SNKO3407E,2026-09-29 01:42:04
수출,TOYAMA TRADER,2635E,20261001,HASLS53260700286,SLP GREEN TECH SDN BHD,SKLU2060438,20',22GP,,1,1,26SNKO3407E,2026-09-29 01:42:04
수출,TOYAMA TRADER,2635E,20261001,HASLW07260800052,YASUDA LOGISTICS INDIA PVT LTD,HALU2108248,20',22GP,,1,1,26SNKO3407E,2026-09-29 01:42:04
수출,TOYAMA TRADER,2635E,20261001,HASLW07260800119,ATUL LIMITED,BEAU2992330,20',22GP,,1,1,26SNKO3407E,2026-09-29 01:42:04
수출,TOYAMA TRADER,2635E,20261001,HASLW18260800129,BALKRISHNA INDUSTRIES LTDBKT HOUSEC15TRADE WORLDKAMALA,FCIU7323113,40',45GP,,2,1,26SNKO3407E,2026-09-29 01:42:04
수출,TOYAMA TRADER,2635E,20261001,HASLW18260800129,BALKRISHNA INDUSTRIES LTDBKT HOUSEC15TRADE WORLDKAMALA,FDCU0280107,40',45GP,,2,1,26SNKO3407E,2026-09-29 01:42:04
수출,TOYAMA TRADER,2635E,20261001,HASLW18260800129,BALKRISHNA INDUSTRIES LTDBKT HOUSEC15TRADE WORLDKAMALA,HLHU8441570,40',45GP,,2,1,26SNKO3407E,2026-09-29 01:42:04
수출,TOYAMA TRADER,2635E,20261001,HASLW18260800155,BALKRISHNA INDUSTRIES LTDBKT HOUSEC15TRADE WORLDKAMALA,HLHU8494246,40',45GP,,2,1,26SNKO3407E,2026-09-29 01:42:04
수출,TOYAMA TRADER,2635E,20261001,HASLW18260800155,BALKRISHNA INDUSTRIES LTDBKT HOUSEC15TRADE WORLDKAMALA,SKHU6440633,40',45GP,,2,1,26SNKO3407E,2026-09-29 01:42:04
수출,TOYAMA TRADER,2635E,20261001,HASLW18260800155,BALKRISHNA INDUSTRIES LTDBKT HOUSEC15TRADE WORLDKAMALA,SKHU8705238,40',45GP,,2,1,26SNKO3407E,2026-09-29 01:42:04
수출,TOYAMA TRADER,2635E,20261001,HASLW18260800155,BALKRISHNA INDUSTRIES LTDBKT HOUSEC15TRADE WORLDKAMALA,TCNU5583816,40',45GP,,2,1,26SNKO3407E,2026-09-29 01:42:04
