수출입구분,모선명,항차,출발일자,MBL번호,화주명,컨테이너번호,컨테이너규격,컨테이너코드,풀엠티구분,TEU,수량,MRN,수집일시
수입,HAKATA VOYAGER,2632W,20260830,HASLJ01260601220,THE CHEMOURS CHANGSHU FLUORO,HALU2580629,20',22GP,T,1,1,26SNKO3222I,2026-09-29 01:42:04
수입,HAKATA VOYAGER,2632W,20260830,HASLJ01260700894,KUKBO EXPRESS COLTD,KURU2030057,20',22TN,I,1,1,26SNKO3222I,2026-09-29 01:42:04
수입,HAKATA VOYAGER,2632W,20260830,HASLJ01260700894,KUKBO EXPRESS COLTD,KURU2030416,20',22TN,I,1,1,26SNKO3222I,2026-09-29 01:42:04
수입,HAKATA VOYAGER,2632W,20260830,HASLJ01260700894,KUKBO EXPRESS COLTD,KURU2350889,20',22TN,I,1,1,26SNKO3222I,2026-09-29 01:42:04
수입,HAKATA VOYAGER,2632W,20260830,HASLJ01260701212,SYNTOP CHEMICAL COLTD,HALU2580594,20',22GP,T,1,1,26SNKO3222I,2026-09-29 01:42:04
수입,HAKATA VOYAGER,2632W,20260830,HASLJ01260701288,TO THE ORDER OF THE KEB HANA BANK,HLHU8353464,40',45GP,I,2,1,26SNKO3222I,2026-09-29 01:42:04
수입,HAKATA VOYAGER,2632W,20260830,HASLJ01260701288,TO THE ORDER OF THE KEB HANA BANK,SKHU6449332,40',45GP,I,2,1,26SNKO3222I,2026-09-29 01:42:04
수입,HAKATA VOYAGER,2632W,20260830,HASLJ01260701288,TO THE ORDER OF THE KEB HANA BANK,SKHU6539117,40',45GP,I,2,1,26SNKO3222I,2026-09-29 01:42:04
수입,HAKATA VOYAGER,2632W,20260830,HASLJ01260701288,TO THE ORDER OF THE KEB HANA BANK,SKHU8118349,40',45GP,I,2,1,26SNKO3222I,2026-09-29 01:42:04
수입,HAKATA VOYAGER,2632W,20260830,HASLJ01260701288,TO THE ORDER OF THE KEB HANA BANK,SKHU8934595,40',45GP,I,2,1,26SNKO3222I,2026-09-29 01:42:04
수입,HAKATA VOYAGER,2632W,20260830,HASLJ01260701288,TO THE ORDER OF THE KEB HANA BANK,SKHU9001491,40',45GP,I,2,1,26SNKO3222I,2026-09-29 01:42:04
수입,HAKATA VOYAGER,2632W,20260830,HASLJ01260701288,TO THE ORDER OF THE KEB HANA BANK,SKHU9319013,40',45GP,I,2,1,26SNKO3222I,2026-09-29 01:42:04
수입,HAKATA VOYAGER,2632W,20260830,HASLJ01260701386,HANGZHOU TODAYTEC DIGITAL CO LTD,SKLU2418820,20',22GP,T,1,1,26SNKO3222I,2026-09-29 01:42:04
수입,HAKATA VOYAGER,2632W,20260830,HASLJ01260701394,TO THE ORDER OF SHINHAN BANK SEOUL,HALU2580660,20',22GP,I,1,1,26SNKO3222I,2026-09-29 01:42:04
수입,HAKATA VOYAGER,2632W,20260830,HASLJ01260701404,TOKUYAMA KOREA COLTD,HALU5650653,40',45GP,I,2,1,26SNKO3222I,2026-09-29 01:42:04
수입,HAKATA VOYAGER,2632W,20260830,HASLJ01260701405,TOKUYAMA KOREA COLTD,SKHU8727520,40',45GP,I,2,1,26SNKO3222I,2026-09-29 01:42:04
수입,HAKATA VOYAGER,2632W,20260830,HASLJ01260701598,OOO DV-AUTO,SKHU9544924,40',45GP,T,2,1,26SNKO3222I,2026-09-29 01:42:04
수입,HAKATA VOYAGER,2632W,20260830,HASLJ01260701613,HANGZHOU TODAYTEC DIGITAL CO LTD,HALU2083900,20',22GP,T,1,1,26SNKO3222I,2026-09-29 01:42:04
수입,HAKATA VOYAGER,2632W,20260830,HASLJ01260701697,TAEKWANG INDUSTRIAL CO LTD,SKLU2314511,20',22GP,I,1,1,26SNKO3222I,2026-09-29 01:42:04
수입,HAKATA VOYAGER,2632W,20260830,HASLJ01260701704,TO ORDER,HLHU8102875,40',45GP,T,2,1,26SNKO3222I,2026-09-29 01:42:04
수입,HAKATA VOYAGER,2632W,20260830,HASLJ01260701753,SHANGHAI DYNACHEM INTERNATIONAL,HALU2581060,20',22GP,T,1,1,26SNKO3222I,2026-09-29 01:42:04
수입,HAKATA VOYAGER,2632W,20260830,HASLJ01260701816,HANGZHOU TODAYTEC DIGITAL CO LTD,HALU2529355,20',22GP,T,1,1,26SNKO3222I,2026-09-29 01:42:04
수입,HAKATA VOYAGER,2632W,20260830,HASLJ01260701861,JEONJU PAPER CORPORATION,SKHU6326976,40',45GP,I,2,1,26SNKO3222I,2026-09-29 01:42:04
수입,HAKATA VOYAGER,2632W,20260830,HASLJ01260701861,JEONJU PAPER CORPORATION,SKHU6334009,40',45GP,I,2,1,26SNKO3222I,2026-09-29 01:42:04
수입,HAKATA VOYAGER,2632W,20260830,HASLJ01260701861,JEONJU PAPER CORPORATION,SKHU6456115,40',45GP,I,2,1,26SNKO3222I,2026-09-29 01:42:04
수입,HAKATA VOYAGER,2632W,20260830,HASLJ01260701861,JEONJU PAPER CORPORATION,SKHU9313627,40',45GP,I,2,1,26SNKO3222I,2026-09-29 01:42:04
수입,HAKATA VOYAGER,2632W,20260830,HASLJ01260701861,JEONJU PAPER CORPORATION,SKHU9535162,40',45GP,I,2,1,26SNKO3222I,2026-09-29 01:42:04
수입,HAKATA VOYAGER,2632W,20260830,HASLJ01260701861,JEONJU PAPER CORPORATION,TCNU7584529,40',45GP,I,2,1,26SNKO3222I,2026-09-29 01:42:04
수입,HAKATA VOYAGER,2632W,20260830,HASLJ01260701879,TO THE ORDER OF SHINHAN BANK SEOUL,HALU2579654,20',22GP,I,1,1,26SNKO3222I,2026-09-29 01:42:04
수입,HAKATA VOYAGER,2632W,20260830,HASLJ01260800019,INTERNATIONAL SERVICES AND AGENTS,SKLU2362593,20',22GP,I,1,1,26SNKO3222I,2026-09-29 01:42:04
수입,HAKATA VOYAGER,2632W,20260830,HASLJ01260800020,DTC CO LTD,FCIU6058524,20',22GP,I,1,1,26SNKO3222I,2026-09-29 01:42:04
수입,HAKATA VOYAGER,2632W,20260830,HASLJ01260800020,DTC CO LTD,HALU2071920,20',22GP,I,1,1,26SNKO3222I,2026-09-29 01:42:04
수입,HAKATA VOYAGER,2632W,20260830,HASLJ01260800020,DTC CO LTD,HLHU8400186,40',45GP,I,2,1,26SNKO3222I,2026-09-29 01:42:04
수입,HAKATA VOYAGER,2632W,20260830,HASLJ01260800020,DTC CO LTD,HLHU8533527,40',45GP,I,2,1,26SNKO3222I,2026-09-29 01:42:04
수입,HAKATA VOYAGER,2632W,20260830,HASLJ01260800020,DTC CO LTD,SKHU6373279,40',45GP,I,2,1,26SNKO3222I,2026-09-29 01:42:04
수입,HAKATA VOYAGER,2632W,20260830,HASLJ01260800020,DTC CO LTD,SKHU9903304,40',45GP,I,2,1,26SNKO3222I,2026-09-29 01:42:04
수입,HAKATA VOYAGER,2632W,20260830,HASLJ01260800020,DTC CO LTD,SKLU1605338,20',22GP,I,1,1,26SNKO3222I,2026-09-29 01:42:04
수입,HAKATA VOYAGER,2632W,20260830,HASLJ01260800124,YUYAO JIELEI TRADING COLTD,SKHU9513121,40',45GP,T,2,1,26SNKO3222I,2026-09-29 01:42:04
수입,HAKATA VOYAGER,2632W,20260830,HASLJ01260800138,CHOKWANG PAINT CO LTD,SKLU1111398,20',22GP,I,1,1,26SNKO3222I,2026-09-29 01:42:04
수입,HAKATA VOYAGER,2632W,20260830,HASLJ01260800216,SPECIFIC GRAVITY COMPANY LIMITED,SKRU1600786,20',22RE,T,1,1,26SNKO3222I,2026-09-29 01:42:04
수입,HAKATA VOYAGER,2632W,20260830,HASLJ01260800216,SPECIFIC GRAVITY COMPANY LIMITED,SKRU1601993,20',22RE,T,1,1,26SNKO3222I,2026-09-29 01:42:04
수입,HAKATA VOYAGER,2632W,20260830,HASLJ01260800216,SPECIFIC GRAVITY COMPANY LIMITED,SZLU2021685,20',22RE,T,1,1,26SNKO3222I,2026-09-29 01:42:04
수입,HAKATA VOYAGER,2632W,20260830,HASLJ01260800216,SPECIFIC GRAVITY COMPANY LIMITED,TRIU6674311,20',22RE,T,1,1,26SNKO3222I,2026-09-29 01:42:04
수입,HAKATA VOYAGER,2632W,20260830,HASLJ01260800320,SHANGHAI PURE NEW MATERIALS CO,SKRU1601530,20',22RE,T,1,1,26SNKO3222I,2026-09-29 01:42:04
수입,HAKATA VOYAGER,2632W,20260830,HASLJ01260800320,SHANGHAI PURE NEW MATERIALS CO,SKRU1901774,20',22RE,T,1,1,26SNKO3222I,2026-09-29 01:42:04
수입,HAKATA VOYAGER,2632W,20260830,HASLJ01260800320,SHANGHAI PURE NEW MATERIALS CO,TRIU6675149,20',22RE,T,1,1,26SNKO3222I,2026-09-29 01:42:04
수입,HAKATA VOYAGER,2632W,20260830,HASLJ01260800320,SHANGHAI PURE NEW MATERIALS CO,TRIU6711610,20',22RE,T,1,1,26SNKO3222I,2026-09-29 01:42:04
수입,HAKATA VOYAGER,2632W,20260830,HASLJ01260800328,DRB INDUSTRIAL CO LTD,SKLU1320340,20',22GP,I,1,1,26SNKO3222I,2026-09-29 01:42:04
수입,HAKATA VOYAGER,2632W,20260830,HASLJ01260800339,MITSUI  CO SHANGHAI LTD SHXCC,HALU1001065,20',22RE,T,1,1,26SNKO3222I,2026-09-29 01:42:04
수입,HAKATA VOYAGER,2632W,20260830,HASLJ01260800339,MITSUI  CO SHANGHAI LTD SHXCC,KMLU0270197,20',22RE,T,1,1,26SNKO3222I,2026-09-29 01:42:04
수입,HAKATA VOYAGER,2632W,20260830,HASLJ01260800339,MITSUI  CO SHANGHAI LTD SHXCC,SKRU1300330,20',22RE,T,1,1,26SNKO3222I,2026-09-29 01:42:04
수입,HAKATA VOYAGER,2632W,20260830,HASLJ01260800339,MITSUI  CO SHANGHAI LTD SHXCC,SKRU1300407,20',22RE,T,1,1,26SNKO3222I,2026-09-29 01:42:04
수입,HAKATA VOYAGER,2632W,20260830,HASLJ01260800339,MITSUI  CO SHANGHAI LTD SHXCC,SKRU1600410,20',22RE,T,1,1,26SNKO3222I,2026-09-29 01:42:04
수입,HAKATA VOYAGER,2632W,20260830,HASLJ01260800339,MITSUI  CO SHANGHAI LTD SHXCC,SKRU1601118,20',22RE,T,1,1,26SNKO3222I,2026-09-29 01:42:04
수입,HAKATA VOYAGER,2632W,20260830,HASLJ01260800340,MITSUI  CO SHANGHAI LTD SHXCC,SKRU1300011,20',22RE,T,1,1,26SNKO3222I,2026-09-29 01:42:04
수입,HAKATA VOYAGER,2632W,20260830,HASLJ01260800489,PT MITSUI CHEMICALS POLYURETHANES,HALU2588548,20',22GP,T,1,1,26SNKO3222I,2026-09-29 01:42:04
수입,HAKATA VOYAGER,2632W,20260830,HASLJ01260800503,TO ORDER,SKLU0515292,20',22GP,T,1,1,26SNKO3222I,2026-09-29 01:42:04
수입,HAKATA VOYAGER,2632W,20260830,HASLJ01260800503,TO ORDER,SKLU2416529,20',22GP,T,1,1,26SNKO3222I,2026-09-29 01:42:04
수입,HAKATA VOYAGER,2632W,20260830,HASLJ01260800609,TO ORDER,FCIU5984691,20',22GP,T,1,1,26SNKO3222I,2026-09-29 01:42:04
수입,HAKATA VOYAGER,2632W,20260830,HASLJ01260800609,TO ORDER,HALU2581029,20',22GP,T,1,1,26SNKO3222I,2026-09-29 01:42:04
수입,HAKATA VOYAGER,2632W,20260830,HASLJ01260800609,TO ORDER,TEMU1548838,20',22GP,T,1,1,26SNKO3222I,2026-09-29 01:42:04
수입,HAKATA VOYAGER,2632W,20260830,HASLJ01260800886,DAELIM CO LTD,CXTU1150435,20',22TN,I,1,1,26SNKO3222I,2026-09-29 01:42:04
수입,HAKATA VOYAGER,2632W,20260830,HASLJ01260800886,DAELIM CO LTD,DFOU0005547,20',22TN,I,1,1,26SNKO3222I,2026-09-29 01:42:04
수입,HAKATA VOYAGER,2632W,20260830,HASLJ01260800886,DAELIM CO LTD,DKOU2518553,20',22TN,I,1,1,26SNKO3222I,2026-09-29 01:42:04
수입,HAKATA VOYAGER,2632W,20260830,HASLJ02260600798,S K TRADING COMPANY,HLHU8459564,40',45GP,T,2,1,26SNKO3222I,2026-09-29 01:42:04
수입,HAKATA VOYAGER,2632W,20260830,HASLJ02260700141,NIPPON EXPRESS SINGAPORE PTE LTD,SKLU1550575,20',22GP,T,1,1,26SNKO3222I,2026-09-29 01:42:04
수입,HAKATA VOYAGER,2632W,20260830,HASLJ02260700226,PT SIGNA HUSADA,HLHU8416310,40',45GP,T,2,1,26SNKO3222I,2026-09-29 01:42:04
수입,HAKATA VOYAGER,2632W,20260830,HASLJ02260700373,CHUNG WOO FINE CHEMICAL CO LTD,SKLU1336028,20',22GP,I,1,1,26SNKO3222I,2026-09-29 01:42:04
수입,HAKATA VOYAGER,2632W,20260830,HASLJ02260700521,EASTERN POLYMER CORPORATION,HLHU8100830,40',45GP,T,2,1,26SNKO3222I,2026-09-29 01:42:04
수입,HAKATA VOYAGER,2632W,20260830,HASLJ02260700577,NIPPON EXPRESS LOGISTICS,HALU2584882,20',22GP,T,1,1,26SNKO3222I,2026-09-29 01:42:04
수입,HAKATA VOYAGER,2632W,20260830,HASLJ02260700692,TO THE ORDER OF HABIB BANK LIMITED,HLHU8321554,40',45GP,T,2,1,26SNKO3222I,2026-09-29 01:42:04
수입,HAKATA VOYAGER,2632W,20260830,HASLJ02260700805,S K TRADING COMPANY,HLHU8403591,40',45GP,T,2,1,26SNKO3222I,2026-09-29 01:42:04
수입,HAKATA VOYAGER,2632W,20260830,HASLJ02260700825,NIPPON EXPRESS SINGAPORE PTE LTD,HALU2579530,20',22GP,T,1,1,26SNKO3222I,2026-09-29 01:42:04
수입,HAKATA VOYAGER,2632W,20260830,HASLJ02260800227,LX PANTOS CO LTD,HALU2454472,20',22GP,I,1,1,26SNKO3222I,2026-09-29 01:42:04
수입,HAKATA VOYAGER,2632W,20260830,HASLJ02260800227,LX PANTOS CO LTD,SKLU1201465,20',22GP,I,1,1,26SNKO3222I,2026-09-29 01:42:04
수입,HAKATA VOYAGER,2632W,20260830,HASLJ02260800227,LX PANTOS CO LTD,SKLU1663530,20',22GP,I,1,1,26SNKO3222I,2026-09-29 01:42:04
수입,HAKATA VOYAGER,2632W,20260830,HASLJ02260800227,LX PANTOS CO LTD,SKLU1940383,20',22GP,I,1,1,26SNKO3222I,2026-09-29 01:42:04
수입,HAKATA VOYAGER,2632W,20260830,HASLJ02260800227,LX PANTOS CO LTD,SKLU2463644,20',22GP,I,1,1,26SNKO3222I,2026-09-29 01:42:04
수입,HAKATA VOYAGER,2632W,20260830,HASLJ03260800021,HAN YOUNG SHIPPING CO LTD,HYSU1621013,20',22TN,I,1,1,26SNKO3222I,2026-09-29 01:42:04
수입,HAKATA VOYAGER,2632W,20260830,HASLJ03260800041,HAN YOUNG SHIPPING CO LTD,HYSU1621163,20',22TN,I,1,1,26SNKO3222I,2026-09-29 01:42:04
수입,HAKATA VOYAGER,2632W,20260830,HASLJ59260800008,HEUNG-A LINE CO LTD,CXDU2382270,20',22GP,I,1,1,26SNKO3222I,2026-09-29 01:42:04
수입,HAKATA VOYAGER,2632W,20260830,HASLJ59260800008,HEUNG-A LINE CO LTD,GCXU2422435,20',22GP,I,1,1,26SNKO3222I,2026-09-29 01:42:04
수입,HAKATA VOYAGER,2632W,20260830,HASLJ59260800008,HEUNG-A LINE CO LTD,HALU2302865,20',22GP,I,1,1,26SNKO3222I,2026-09-29 01:42:04
수입,HAKATA VOYAGER,2632W,20260830,HASLJ59260800008,HEUNG-A LINE CO LTD,HALU2419424,20',22GP,I,1,1,26SNKO3222I,2026-09-29 01:42:04
수입,HAKATA VOYAGER,2632W,20260830,HASLJ59260800008,HEUNG-A LINE CO LTD,HALU2429470,20',22GP,I,1,1,26SNKO3222I,2026-09-29 01:42:04
수입,HAKATA VOYAGER,2632W,20260830,HASLJ59260800008,HEUNG-A LINE CO LTD,HALU2541860,20',22GP,I,1,1,26SNKO3222I,2026-09-29 01:42:04
수입,HAKATA VOYAGER,2632W,20260830,HASLJ59260800008,HEUNG-A LINE CO LTD,SKLU0538132,20',22GP,I,1,1,26SNKO3222I,2026-09-29 01:42:04
수입,HAKATA VOYAGER,2632W,20260830,HASLJ59260800008,HEUNG-A LINE CO LTD,SKLU0725410,20',22GP,I,1,1,26SNKO3222I,2026-09-29 01:42:04
수입,HAKATA VOYAGER,2632W,20260830,HASLJ59260800008,HEUNG-A LINE CO LTD,SKLU1919832,20',22GP,I,1,1,26SNKO3222I,2026-09-29 01:42:04
수입,HAKATA VOYAGER,2632W,20260830,HASLJ59260800008,HEUNG-A LINE CO LTD,SKLU2009420,20',22GP,I,1,1,26SNKO3222I,2026-09-29 01:42:04
수입,HAKATA VOYAGER,2632W,20260830,HASLJ59260800008,HEUNG-A LINE CO LTD,SKLU2013246,20',22GP,I,1,1,26SNKO3222I,2026-09-29 01:42:04
수입,HAKATA VOYAGER,2632W,20260830,HASLJ59260800008,HEUNG-A LINE CO LTD,SKLU2431288,20',22GP,I,1,1,26SNKO3222I,2026-09-29 01:42:04
수입,HAKATA VOYAGER,2632W,20260830,HASLJ59260800008,HEUNG-A LINE CO LTD,TCLU3299064,20',22GP,I,1,1,26SNKO3222I,2026-09-29 01:42:04
수입,HAKATA VOYAGER,2632W,20260830,HASLJ59260800008,HEUNG-A LINE CO LTD,TEMU1167976,20',22GP,I,1,1,26SNKO3222I,2026-09-29 01:42:04
수입,HAKATA VOYAGER,2632W,20260830,HASLJ59260800008,HEUNG-A LINE CO LTD,TRHU1858694,20',22GP,I,1,1,26SNKO3222I,2026-09-29 01:42:04
수입,HAKATA VOYAGER,2632W,20260830,HASLJ5V260800009,HEUNG-A PUSAN,FCIU6059599,20',22GP,I,1,1,26SNKO3222I,2026-09-29 01:42:04
수입,HAKATA VOYAGER,2632W,20260830,HASLJ5V260800009,HEUNG-A PUSAN,FSCU5911061,40',45RE,I,2,1,26SNKO3222I,2026-09-29 01:42:04
수입,HAKATA VOYAGER,2632W,20260830,HASLJ5V260800009,HEUNG-A PUSAN,HALU5698575,40',45GP,I,2,1,26SNKO3222I,2026-09-29 01:42:04
수입,HAKATA VOYAGER,2632W,20260830,HASLJ5V260800009,HEUNG-A PUSAN,HLHU8203130,40',45GP,I,2,1,26SNKO3222I,2026-09-29 01:42:04
수입,HAKATA VOYAGER,2632W,20260830,HASLJ5V260800009,HEUNG-A PUSAN,HLHU8319789,40',45GP,I,2,1,26SNKO3222I,2026-09-29 01:42:04
수입,HAKATA VOYAGER,2632W,20260830,HASLJ5V260800009,HEUNG-A PUSAN,HLHU8424315,40',45GP,I,2,1,26SNKO3222I,2026-09-29 01:42:04
수입,HAKATA VOYAGER,2632W,20260830,HASLJ5V260800009,HEUNG-A PUSAN,SKHU6406264,40',45GP,I,2,1,26SNKO3222I,2026-09-29 01:42:04
수입,HAKATA VOYAGER,2632W,20260830,HASLJ5V260800009,HEUNG-A PUSAN,SKHU6417947,40',45GP,I,2,1,26SNKO3222I,2026-09-29 01:42:04
수입,HAKATA VOYAGER,2632W,20260830,HASLJ5V260800009,HEUNG-A PUSAN,SKLU0414189,20',22GP,I,1,1,26SNKO3222I,2026-09-29 01:42:04
수입,HAKATA VOYAGER,2632W,20260830,HASLJ5V260800009,HEUNG-A PUSAN,SKLU0586275,20',22GP,I,1,1,26SNKO3222I,2026-09-29 01:42:04
수입,HAKATA VOYAGER,2632W,20260830,HASLJ5V260800009,HEUNG-A PUSAN,SKLU1570057,20',22GP,I,1,1,26SNKO3222I,2026-09-29 01:42:04
수입,HAKATA VOYAGER,2632W,20260830,HASLJ5V260800009,HEUNG-A PUSAN,SKLU1912910,20',22GP,I,1,1,26SNKO3222I,2026-09-29 01:42:04
수입,HAKATA VOYAGER,2632W,20260830,HASLJ5V260800009,HEUNG-A PUSAN,SKLU1974085,20',22GP,I,1,1,26SNKO3222I,2026-09-29 01:42:04
수입,HAKATA VOYAGER,2632W,20260830,HASLJ5V260800009,HEUNG-A PUSAN,SKLU2045686,20',22GP,I,1,1,26SNKO3222I,2026-09-29 01:42:04
수입,HAKATA VOYAGER,2632W,20260830,HASLJ5V260800009,HEUNG-A PUSAN,SKLU2416149,20',22GP,I,1,1,26SNKO3222I,2026-09-29 01:42:04
수입,HAKATA VOYAGER,2632W,20260830,HASLJ5V260800009,HEUNG-A PUSAN,SKLU3507686,20',22GP,I,1,1,26SNKO3222I,2026-09-29 01:42:04
수입,HAKATA VOYAGER,2632W,20260830,HASLJ5V260800009,HEUNG-A PUSAN,TCLU8384410,40',45GP,I,2,1,26SNKO3222I,2026-09-29 01:42:04
수입,HAKATA VOYAGER,2632W,20260830,HASLJ5V260800009,HEUNG-A PUSAN,TGBU4381739,40',45GP,I,2,1,26SNKO3222I,2026-09-29 01:42:04
수입,HAKATA VOYAGER,2632W,20260830,HASLJ5V260800009,HEUNG-A PUSAN,TGCU2383058,20',22GP,I,1,1,26SNKO3222I,2026-09-29 01:42:04
수입,HAKATA VOYAGER,2632W,20260830,HASLJ5V260800009,HEUNG-A PUSAN,TRHU6257994,40',45GP,I,2,1,26SNKO3222I,2026-09-29 01:42:04
수입,HEUNG-A JANICE,2632E,20260830,HASLC03260701564,DAELIM CO LTD,DFOU0001536,20',22TN,I,1,1,26HASL1171I,2026-09-29 01:42:04
수입,HEUNG-A JANICE,2632E,20260830,HASLC03260701954,SUNRISE KOREA CO LTD,SKLU0746917,20',22GP,I,1,1,26HASL1171I,2026-09-29 01:42:04
수입,HEUNG-A JANICE,2632E,20260830,HASLC03260702216,DNS RETAIL LLC,FCIU7272700,40',45GP,T,2,1,26HASL1171I,2026-09-29 01:42:04
수입,HEUNG-A JANICE,2632E,20260830,HASLC03260800008,PNS NETWORKS CO LTD,SKLU1523543,20',22GP,I,1,1,26HASL1171I,2026-09-29 01:42:04
수입,HEUNG-A JANICE,2632E,20260830,HASLC03260800042,JIMBO TRADING,DFSU1994442,20',22GP,T,1,1,26HASL1171I,2026-09-29 01:42:04
수입,HEUNG-A JANICE,2632E,20260830,HASLC03260800042,JIMBO TRADING,SKLU1309233,20',22GP,T,1,1,26HASL1171I,2026-09-29 01:42:04
수입,HEUNG-A JANICE,2632E,20260830,HASLC03260800042,JIMBO TRADING,SKLU1656103,20',22GP,T,1,1,26HASL1171I,2026-09-29 01:42:04
수입,HEUNG-A JANICE,2632E,20260830,HASLC03260800042,JIMBO TRADING,SKLU1920535,20',22GP,T,1,1,26HASL1171I,2026-09-29 01:42:04
수입,HEUNG-A JANICE,2632E,20260830,HASLC03260800042,JIMBO TRADING,SKLU3510653,20',22GP,T,1,1,26HASL1171I,2026-09-29 01:42:04
수입,HEUNG-A JANICE,2632E,20260830,HASLC03260800138,LLC TK LETO,MAGU2277597,20',22GP,T,1,1,26HASL1171I,2026-09-29 01:42:04
수입,HEUNG-A JANICE,2632E,20260830,HASLC03260800138,LLC TK LETO,TEMU2188459,20',22GP,T,1,1,26HASL1171I,2026-09-29 01:42:04
수입,HEUNG-A JANICE,2632E,20260830,HASLC03260800156,DCM COLTD,SKHU6333810,40',45GP,T,2,1,26HASL1171I,2026-09-29 01:42:04
수입,HEUNG-A JANICE,2632E,20260830,HASLC03260800164,DCM COLTD,HALU2561974,20',22GP,T,1,1,26HASL1171I,2026-09-29 01:42:04
수입,HEUNG-A JANICE,2632E,20260830,HASLC03260800169,GAIA SHIPPING COLTD,SKHU9910392,40',45GP,T,2,1,26HASL1171I,2026-09-29 01:42:04
수입,HEUNG-A JANICE,2632E,20260830,HASLC03260800219,SK RESONAC CORPORATION71 GAHEUGGONG,SKLU2429911,20',22GP,I,1,1,26HASL1171I,2026-09-29 01:42:04
수입,HEUNG-A JANICE,2632E,20260830,HASLC03260800250,ASIA EXPRESS CONTAINER,TCNU7909840,40',45GP,I,2,1,26HASL1171I,2026-09-29 01:42:04
수입,HEUNG-A JANICE,2632E,20260830,HASLC03260800256,ASIA EXPRESS CONTAINER,HALU2419759,20',22GP,I,1,1,26HASL1171I,2026-09-29 01:42:04
수입,HEUNG-A JANICE,2632E,20260830,HASLC03260800257,ASIA EXPRESS CONTAINER,HLHU8419047,40',45GP,I,2,1,26HASL1171I,2026-09-29 01:42:04
수입,HEUNG-A JANICE,2632E,20260830,HASLC03260800257,ASIA EXPRESS CONTAINER,SKHU8723904,40',45GP,I,2,1,26HASL1171I,2026-09-29 01:42:04
수입,HEUNG-A JANICE,2632E,20260830,HASLC03260800326,SAM JIN ELECTRO METALLURGIE,SKLU0732596,20',22GP,I,1,1,26HASL1171I,2026-09-29 01:42:04
수입,HEUNG-A JANICE,2632E,20260830,HASLC03260800326,SAM JIN ELECTRO METALLURGIE,TCLU7657696,20',22GP,I,1,1,26HASL1171I,2026-09-29 01:42:04
수입,HEUNG-A JANICE,2632E,20260830,HASLC03260800361,YULIMPORT LLC,CMAU5729073,40',45GP,T,2,1,26HASL1171I,2026-09-29 01:42:04
수입,HEUNG-A JANICE,2632E,20260830,HASLC03260800385,SHINAMALL LLC,SKHU9961147,40',45GP,T,2,1,26HASL1171I,2026-09-29 01:42:04
수입,HEUNG-A JANICE,2632E,20260830,HASLC03260800409,JINSUNG SHIPPING CO LTD,FSCU5894998,40',45RE,I,2,1,26HASL1171I,2026-09-29 01:42:04
수입,HEUNG-A JANICE,2632E,20260830,HASLC03260800414,KOREA LOGIS POOL COLTD,SKHU9210892,40',45GP,I,2,1,26HASL1171I,2026-09-29 01:42:04
수입,HEUNG-A JANICE,2632E,20260830,HASLC03260800425,ASTRA COLTD,SKLU0736230,20',22GP,T,1,1,26HASL1171I,2026-09-29 01:42:04
수입,HEUNG-A JANICE,2632E,20260830,HASLC03260800425,ASTRA COLTD,SKLU1308638,20',22GP,T,1,1,26HASL1171I,2026-09-29 01:42:04
수입,HEUNG-A JANICE,2632E,20260830,HASLC03260800425,ASTRA COLTD,SKLU1449220,20',22GP,T,1,1,26HASL1171I,2026-09-29 01:42:04
수입,HEUNG-A JANICE,2632E,20260830,HASLC03260800425,ASTRA COLTD,SKLU1589957,20',22GP,T,1,1,26HASL1171I,2026-09-29 01:42:04
수입,HEUNG-A JANICE,2632E,20260830,HASLC03260800425,ASTRA COLTD,SKLU1910732,20',22GP,T,1,1,26HASL1171I,2026-09-29 01:42:04
수입,HEUNG-A JANICE,2632E,20260830,HASLC03260800425,ASTRA COLTD,SKLU2307180,20',22GP,T,1,1,26HASL1171I,2026-09-29 01:42:04
수입,HEUNG-A JANICE,2632E,20260830,HASLC03260800425,ASTRA COLTD,SKLU2333281,20',22GP,T,1,1,26HASL1171I,2026-09-29 01:42:04
수입,HEUNG-A JANICE,2632E,20260830,HASLC03260800425,ASTRA COLTD,SKLU2433932,20',22GP,T,1,1,26HASL1171I,2026-09-29 01:42:04
수입,HEUNG-A JANICE,2632E,20260830,HASLC03260800425,ASTRA COLTD,TRHU2716462,20',22GP,T,1,1,26HASL1171I,2026-09-29 01:42:04
수입,HEUNG-A JANICE,2632E,20260830,HASLC03260800444,ASIA EXPRESS CONTAINER,FCIU6242629,20',22GP,I,1,1,26HASL1171I,2026-09-29 01:42:04
수입,HEUNG-A JANICE,2632E,20260830,HASLC03260800445,ASIA EXPRESS CONTAINER,DFSU1508767,20',22GP,I,1,1,26HASL1171I,2026-09-29 01:42:04
수입,HEUNG-A JANICE,2632E,20260830,HASLC03260800447,ASIA EXPRESS CONTAINER,SKLU1402264,20',22GP,I,1,1,26HASL1171I,2026-09-29 01:42:04
수입,HEUNG-A JANICE,2632E,20260830,HASLC03260800448,ASIA EXPRESS CONTAINER,HLHU8544244,40',45GP,I,2,1,26HASL1171I,2026-09-29 01:42:04
수입,HEUNG-A JANICE,2632E,20260830,HASLC03260800449,ASIA EXPRESS CONTAINER,SKHU6361318,40',45GP,I,2,1,26HASL1171I,2026-09-29 01:42:04
수입,HEUNG-A JANICE,2632E,20260830,HASLC03260800450,ASIA EXPRESS CONTAINER,SKHU6465143,40',45GP,I,2,1,26HASL1171I,2026-09-29 01:42:04
수입,HEUNG-A JANICE,2632E,20260830,HASLC03260800451,COMPANY NAME AUTOBIZ CO LTD,BEAU2352482,20',22GP,T,1,1,26HASL1171I,2026-09-29 01:42:04
수입,HEUNG-A JANICE,2632E,20260830,HASLC03260800451,COMPANY NAME AUTOBIZ CO LTD,BEAU2989064,20',22GP,T,1,1,26HASL1171I,2026-09-29 01:42:04
수입,HEUNG-A JANICE,2632E,20260830,HASLC03260800451,COMPANY NAME AUTOBIZ CO LTD,HALU2023789,20',22GP,T,1,1,26HASL1171I,2026-09-29 01:42:04
수입,HEUNG-A JANICE,2632E,20260830,HASLC03260800451,COMPANY NAME AUTOBIZ CO LTD,SKLU0701152,20',22GP,T,1,1,26HASL1171I,2026-09-29 01:42:04
수입,HEUNG-A JANICE,2632E,20260830,HASLC03260800451,COMPANY NAME AUTOBIZ CO LTD,SKLU1505160,20',22GP,T,1,1,26HASL1171I,2026-09-29 01:42:04
수입,HEUNG-A JANICE,2632E,20260830,HASLC03260800466,EISHOU FREIGHT SHIPPING COLTD,SKLU2321969,20',22GP,T,1,1,26HASL1171I,2026-09-29 01:42:04
수입,HEUNG-A JANICE,2632E,20260830,HASLC03260800469,DCM CO LTD,SKLU1338150,20',22GP,T,1,1,26HASL1171I,2026-09-29 01:42:04
수입,HEUNG-A JANICE,2632E,20260830,HASLC03260800486,FILO CHEMICAL LTD,SKLU2400184,20',22GP,T,1,1,26HASL1171I,2026-09-29 01:42:04
수입,HEUNG-A JANICE,2632E,20260830,HASLC03260800518,ASHIN GLOBAL COLTD,SKRU9601388,40',45RE,I,2,1,26HASL1171I,2026-09-29 01:42:04
수입,HEUNG-A JANICE,2632E,20260830,HASLC03260800519,ASHIN GLOBAL COLTD,SKRU9400819,40',45RE,I,2,1,26HASL1171I,2026-09-29 01:42:04
수입,HEUNG-A JANICE,2632E,20260830,HASLC03260800525,DCM COLTD,SKLU2482120,20',22GP,T,1,1,26HASL1171I,2026-09-29 01:42:04
수입,HEUNG-A JANICE,2632E,20260830,HASLC03260800530,DCM COLTD,HALU2561450,20',22GP,T,1,1,26HASL1171I,2026-09-29 01:42:04
수입,HEUNG-A JANICE,2632E,20260830,HASLC03260800538,GRAND CO LTD,BMOU2618849,20',22GP,T,1,1,26HASL1171I,2026-09-29 01:42:04
수입,HEUNG-A JANICE,2632E,20260830,HASLC03260800538,GRAND CO LTD,BMOU2774728,20',22GP,T,1,1,26HASL1171I,2026-09-29 01:42:04
수입,HEUNG-A JANICE,2632E,20260830,HASLC03260800539,GRAND CO LTD,BMOU2609003,20',22GP,T,1,1,26HASL1171I,2026-09-29 01:42:04
수입,HEUNG-A JANICE,2632E,20260830,HASLC03260800539,GRAND CO LTD,CAIU2583296,20',22GP,T,1,1,26HASL1171I,2026-09-29 01:42:04
수입,HEUNG-A JANICE,2632E,20260830,HASLC03260800539,GRAND CO LTD,CAIU2691500,20',22GP,T,1,1,26HASL1171I,2026-09-29 01:42:04
수입,HEUNG-A JANICE,2632E,20260830,HASLC03260800539,GRAND CO LTD,CCLU3657536,20',22GP,T,1,1,26HASL1171I,2026-09-29 01:42:04
수입,HEUNG-A JANICE,2632E,20260830,HASLC03260800539,GRAND CO LTD,PCIU2811922,20',22GP,T,1,1,26HASL1171I,2026-09-29 01:42:04
수입,HEUNG-A JANICE,2632E,20260830,HASLC03260800540,GRAND CO LTD,CAIU2719994,20',22GP,T,1,1,26HASL1171I,2026-09-29 01:42:04
수입,HEUNG-A JANICE,2632E,20260830,HASLC03260800540,GRAND CO LTD,CAXU2183603,20',22GP,T,1,1,26HASL1171I,2026-09-29 01:42:04
수입,HEUNG-A JANICE,2632E,20260830,HASLC03260800560,ASHIN GLOBAL COLTD,TEMU9255760,40',45RE,I,2,1,26HASL1171I,2026-09-29 01:42:04
수입,HEUNG-A JANICE,2632E,20260830,HASLC03260800565,HARU CORPORATION COLTD,SKLU2411506,20',22GP,T,1,1,26HASL1171I,2026-09-29 01:42:04
수입,HEUNG-A JANICE,2632E,20260830,HASLC03260800573,ASIA EXPRESS CONTAINER,TEMU0012856,20',22GP,I,1,1,26HASL1171I,2026-09-29 01:42:04
수입,HEUNG-A JANICE,2632E,20260830,HASLC03260800606,ASIA EXPRESS CONTAINER LINE,MWTU2263429,20',22TN,I,1,1,26HASL1171I,2026-09-29 01:42:04
수입,HEUNG-A JANICE,2632E,20260830,HASLC03260800609,ASIA EXPRESS CONTAINER LINE,EXXU3072305,20',22TN,I,1,1,26HASL1171I,2026-09-29 01:42:04
수입,HEUNG-A JANICE,2632E,20260830,HASLC03260800618,EISHOU FREIGHT SHIPPING COLTD,HALU2102640,20',22GP,T,1,1,26HASL1171I,2026-09-29 01:42:04
수입,HEUNG-A JANICE,2632E,20260830,HASLC03260800628,HUMAN FLOWER MEDI CO LTD,SKHU6566998,40',45GP,I,2,1,26HASL1171I,2026-09-29 01:42:04
수입,HEUNG-A JANICE,2632E,20260830,HASLC03260800631,AKSTRIMPROMSERVICE DV,SKHU9113505,40',45GP,T,2,1,26HASL1171I,2026-09-29 01:42:04
수입,HEUNG-A JANICE,2632E,20260830,HASLC03260800634,SEAH LOGISTICS COLTD,SKLU0739780,20',22GP,I,1,1,26HASL1171I,2026-09-29 01:42:04
수입,HEUNG-A JANICE,2632E,20260830,HASLC03260800645,BEST TRANS  TRADING HYBRID,SKLU1562180,20',22GP,T,1,1,26HASL1171I,2026-09-29 01:42:04
수입,HEUNG-A JANICE,2632E,20260830,HASLC03260800646,ASHIN GLOBAL COLTD,SKRU9903243,40',45RE,I,2,1,26HASL1171I,2026-09-29 01:42:04
수입,HEUNG-A JANICE,2632E,20260830,HASLC03260800647,ASTRA COLTD,SKHU6547067,40',45GP,T,2,1,26HASL1171I,2026-09-29 01:42:04
수입,HEUNG-A JANICE,2632E,20260830,HASLC03260800691,HANKOOK TIRE AND,SKHU6462946,40',45GP,I,2,1,26HASL1171I,2026-09-29 01:42:04
수입,HEUNG-A JANICE,2632E,20260830,HASLC03260800701,FIRST ONE EXPRESS INC,SKLU1575260,20',22GP,I,1,1,26HASL1171I,2026-09-29 01:42:04
수입,HEUNG-A JANICE,2632E,20260830,HASLC03260800720,BEST TRANS  TRADING HYBRID,CXDU2383039,20',22GP,T,1,1,26HASL1171I,2026-09-29 01:42:04
수입,HEUNG-A JANICE,2632E,20260830,HASLC03260800720,BEST TRANS  TRADING HYBRID,HALU2553618,20',22GP,T,1,1,26HASL1171I,2026-09-29 01:42:04
수입,HEUNG-A JANICE,2632E,20260830,HASLC03260800738,ASIA LIFE LLC,HALU5647080,40',45GP,T,2,1,26HASL1171I,2026-09-29 01:42:04
수입,HEUNG-A JANICE,2632E,20260830,HASLC03260800738,ASIA LIFE LLC,SEGU5479220,40',45GP,T,2,1,26HASL1171I,2026-09-29 01:42:04
수입,HEUNG-A JANICE,2632E,20260830,HASLC03260800738,ASIA LIFE LLC,SKHU8102445,40',45GP,T,2,1,26HASL1171I,2026-09-29 01:42:04
수입,HEUNG-A JANICE,2632E,20260830,HASLC03260800738,ASIA LIFE LLC,SKHU9933171,40',45GP,T,2,1,26HASL1171I,2026-09-29 01:42:04
수입,HEUNG-A JANICE,2632E,20260830,HASLC03260800738,ASIA LIFE LLC,TCNU6734516,40',45GP,T,2,1,26HASL1171I,2026-09-29 01:42:04
수입,HEUNG-A JANICE,2632E,20260830,HASLC03260800743,NEXEN TIRE CORPORATION,HALU5635520,40',45GP,I,2,1,26HASL1171I,2026-09-29 01:42:04
수입,HEUNG-A JANICE,2632E,20260830,HASLC03260800743,NEXEN TIRE CORPORATION,SKHU9535619,40',45GP,I,2,1,26HASL1171I,2026-09-29 01:42:04
수입,HEUNG-A JANICE,2632E,20260830,HASLC03260800743,NEXEN TIRE CORPORATION,SKHU9626679,40',45GP,I,2,1,26HASL1171I,2026-09-29 01:42:04
수입,HEUNG-A JANICE,2632E,20260830,HASLC03260800743,NEXEN TIRE CORPORATION,SKHU9932323,40',45GP,I,2,1,26HASL1171I,2026-09-29 01:42:04
수입,HEUNG-A JANICE,2632E,20260830,HASLC03260800743,NEXEN TIRE CORPORATION,TLLU8539016,40',45GP,I,2,1,26HASL1171I,2026-09-29 01:42:04
수입,HEUNG-A JANICE,2632E,20260830,HASLC03260800777,CHEONGANG INTERNATIONAL,HALU2561491,20',22GP,I,1,1,26HASL1171I,2026-09-29 01:42:04
수입,HEUNG-A JANICE,2632E,20260830,HASLC03260800780,YAMADAI SHIPPING COLTD,SKLU2403780,20',22GP,T,1,1,26HASL1171I,2026-09-29 01:42:04
수입,HEUNG-A JANICE,2632E,20260830,HASLC03260800788,LLC PKF STROP,SKHU9953769,40',45GP,T,2,1,26HASL1171I,2026-09-29 01:42:04
수입,HEUNG-A JANICE,2632E,20260830,HASLC03260800788,LLC PKF STROP,TGBU5676673,40',45GP,T,2,1,26HASL1171I,2026-09-29 01:42:04
수입,HEUNG-A JANICE,2632E,20260830,HASLC03260800795,HIMPROM LLC,GESU2991270,20',22GP,T,1,1,26HASL1171I,2026-09-29 01:42:04
수입,HEUNG-A JANICE,2632E,20260830,HASLC03260800796,APEX INTERNATIONAL INC,HALU2317680,20',22GP,T,1,1,26HASL1171I,2026-09-29 01:42:04
수입,HEUNG-A JANICE,2632E,20260830,HASLC03260800796,APEX INTERNATIONAL INC,HALU2422562,20',22GP,T,1,1,26HASL1171I,2026-09-29 01:42:04
수입,HEUNG-A JANICE,2632E,20260830,HASLC03260800796,APEX INTERNATIONAL INC,HALU2577883,20',22GP,T,1,1,26HASL1171I,2026-09-29 01:42:04
수입,HEUNG-A JANICE,2632E,20260830,HASLC03260800796,APEX INTERNATIONAL INC,HALU2591053,20',22GP,T,1,1,26HASL1171I,2026-09-29 01:42:04
수입,HEUNG-A JANICE,2632E,20260830,HASLC03260800796,APEX INTERNATIONAL INC,SKLU0524083,20',22GP,T,1,1,26HASL1171I,2026-09-29 01:42:04
수입,HEUNG-A JANICE,2632E,20260830,HASLC03260800796,APEX INTERNATIONAL INC,SKLU1950334,20',22GP,T,1,1,26HASL1171I,2026-09-29 01:42:04
수입,HEUNG-A JANICE,2632E,20260830,HASLC03260800796,APEX INTERNATIONAL INC,SKLU2126999,20',22GP,T,1,1,26HASL1171I,2026-09-29 01:42:04
수입,HEUNG-A JANICE,2632E,20260830,HASLC03260800796,APEX INTERNATIONAL INC,SKLU2307240,20',22GP,T,1,1,26HASL1171I,2026-09-29 01:42:04
수입,HEUNG-A JANICE,2632E,20260830,HASLC03260800796,APEX INTERNATIONAL INC,SKLU2424669,20',22GP,T,1,1,26HASL1171I,2026-09-29 01:42:04
수입,HEUNG-A JANICE,2632E,20260830,HASLC03260800811,JSC PAALTAI TYRE PLANT,HLHU8329642,40',45GP,T,2,1,26HASL1171I,2026-09-29 01:42:04
수입,HEUNG-A JANICE,2632E,20260830,HASLC03260800815,ECL CO LTD,SKHU6367168,40',45GP,I,2,1,26HASL1171I,2026-09-29 01:42:04
수입,HEUNG-A JANICE,2632E,20260830,HASLC03260800819,THEONE SEA  AIR COLTD,SKHU6585792,40',45GP,I,2,1,26HASL1171I,2026-09-29 01:42:04
수입,HEUNG-A JANICE,2632E,20260830,HASLC03260800820,ABAD LOGISTICS COLTD,SKHU6406840,40',45GP,I,2,1,26HASL1171I,2026-09-29 01:42:04
수입,HEUNG-A JANICE,2632E,20260830,HASLC03260800824,BNC SEA  AIR COLTD,SKLU2363291,20',22GP,I,1,1,26HASL1171I,2026-09-29 01:42:04
수입,HEUNG-A JANICE,2632E,20260830,HASLC03260800828,TRADING HOUSE TYRES AND RUBBER,FBLU0029012,40',45GP,T,2,1,26HASL1171I,2026-09-29 01:42:04
수입,HEUNG-A JANICE,2632E,20260830,HASLC03260800828,TRADING HOUSE TYRES AND RUBBER,SKHU9614805,40',45GP,T,2,1,26HASL1171I,2026-09-29 01:42:04
수입,HEUNG-A JANICE,2632E,20260830,HASLC03260800837,ASTRA COLTD,HALU2403726,20',22GP,T,1,1,26HASL1171I,2026-09-29 01:42:04
수입,HEUNG-A JANICE,2632E,20260830,HASLC03260800837,ASTRA COLTD,HALU2407547,20',22GP,T,1,1,26HASL1171I,2026-09-29 01:42:04
수입,HEUNG-A JANICE,2632E,20260830,HASLC03260800837,ASTRA COLTD,HALU2516023,20',22GP,T,1,1,26HASL1171I,2026-09-29 01:42:04
수입,HEUNG-A JANICE,2632E,20260830,HASLC03260800837,ASTRA COLTD,SKLU1400512,20',22GP,T,1,1,26HASL1171I,2026-09-29 01:42:04
수입,HEUNG-A JANICE,2632E,20260830,HASLC03260800840,ASTRA COLTD,HALU2406345,20',22GP,T,1,1,26HASL1171I,2026-09-29 01:42:04
수입,HEUNG-A JANICE,2632E,20260830,HASLC03260800840,ASTRA COLTD,HALU2431857,20',22GP,T,1,1,26HASL1171I,2026-09-29 01:42:04
수입,HEUNG-A JANICE,2632E,20260830,HASLC03260800840,ASTRA COLTD,HALU2527429,20',22GP,T,1,1,26HASL1171I,2026-09-29 01:42:04
수입,HEUNG-A JANICE,2632E,20260830,HASLC03260800840,ASTRA COLTD,HALU2558559,20',22GP,T,1,1,26HASL1171I,2026-09-29 01:42:04
수입,HEUNG-A JANICE,2632E,20260830,HASLC03260800840,ASTRA COLTD,HALU2559133,20',22GP,T,1,1,26HASL1171I,2026-09-29 01:42:04
수입,HEUNG-A JANICE,2632E,20260830,HASLC03260800840,ASTRA COLTD,SKLU0537054,20',22GP,T,1,1,26HASL1171I,2026-09-29 01:42:04
수입,HEUNG-A JANICE,2632E,20260830,HASLC03260800840,ASTRA COLTD,SKLU2019310,20',22GP,T,1,1,26HASL1171I,2026-09-29 01:42:04
수입,HEUNG-A JANICE,2632E,20260830,HASLC03260800840,ASTRA COLTD,SKLU2489926,20',22GP,T,1,1,26HASL1171I,2026-09-29 01:42:04
수입,HEUNG-A JANICE,2632E,20260830,HASLC03260800854,ACE TECH CO LTD,SKLU1994815,20',22GP,I,1,1,26HASL1171I,2026-09-29 01:42:04
수입,HEUNG-A JANICE,2632E,20260830,HASLC03260800875,DCM COLTD,HLHU8329220,40',45GP,T,2,1,26HASL1171I,2026-09-29 01:42:04
수입,HEUNG-A JANICE,2632E,20260830,HASLC03260800885,SHINAMALL LLC,SKHU8131715,40',45GP,T,2,1,26HASL1171I,2026-09-29 01:42:04
수입,HEUNG-A JANICE,2632E,20260830,HASLC03260800924,LLC NEW WAY LOGISTIC,SKHU6301670,40',45GP,T,2,1,26HASL1171I,2026-09-29 01:42:04
수입,HEUNG-A JANICE,2632E,20260830,HASLC03260800929,DK LOGISTICS CO LTD,SKHU6302589,40',45GP,I,2,1,26HASL1171I,2026-09-29 01:42:04
수입,HEUNG-A JANICE,2632E,20260830,HASLC03260800930,PHILOCEAN LINE CO LTD,SEGU1267243,20',22GP,I,1,1,26HASL1171I,2026-09-29 01:42:04
수입,HEUNG-A JANICE,2632E,20260830,HASLC03260800942,JNB GLS COLTD,SKLU1572321,20',22GP,I,1,1,26HASL1171I,2026-09-29 01:42:04
수입,HEUNG-A JANICE,2632E,20260830,HASLC03260800943,JNB GLS COLTD,SKLU1425655,20',22GP,I,1,1,26HASL1171I,2026-09-29 01:42:04
수입,HEUNG-A JANICE,2632E,20260830,HASLC03260800950,LLC TECHNOSHINA DV,BMOU5403361,40',45GP,T,2,1,26HASL1171I,2026-09-29 01:42:04
수입,HEUNG-A JANICE,2632E,20260830,HASLC03260800950,LLC TECHNOSHINA DV,SKHU8923040,40',45GP,T,2,1,26HASL1171I,2026-09-29 01:42:04
수입,HEUNG-A JANICE,2632E,20260830,HASLC03260800950,LLC TECHNOSHINA DV,SKHU8937892,40',45GP,T,2,1,26HASL1171I,2026-09-29 01:42:04
수입,HEUNG-A JANICE,2632E,20260830,HASLC03260800950,LLC TECHNOSHINA DV,TLLU8679580,40',45GP,T,2,1,26HASL1171I,2026-09-29 01:42:04
수입,HEUNG-A JANICE,2632E,20260830,HASLC03260800950,LLC TECHNOSHINA DV,TRHU6243157,40',45GP,T,2,1,26HASL1171I,2026-09-29 01:42:04
수입,HEUNG-A JANICE,2632E,20260830,HASLC03260800952,MARUBENI LOGISTICS CORPORATION,TGBU4383290,40',45GP,T,2,1,26HASL1171I,2026-09-29 01:42:04
수입,HEUNG-A JANICE,2632E,20260830,HASLC03260800953,HANWOOL SEA  AIR COLTD,HLHU8520284,40',45GP,I,2,1,26HASL1171I,2026-09-29 01:42:04
수입,HEUNG-A JANICE,2632E,20260830,HASLC03260800954,DAOM GLS CO LTD,HLHU8345237,40',45GP,I,2,1,26HASL1171I,2026-09-29 01:42:04
수입,HEUNG-A JANICE,2632E,20260830,HASLC03260800954,DAOM GLS CO LTD,HLHU8373440,40',45GP,I,2,1,26HASL1171I,2026-09-29 01:42:04
수입,HEUNG-A JANICE,2632E,20260830,HASLC03260800954,DAOM GLS CO LTD,SKHU6431056,40',45GP,I,2,1,26HASL1171I,2026-09-29 01:42:04
수입,HEUNG-A JANICE,2632E,20260830,HASLC03260800960,SEBANG EXPRESS CO LTD,SKHU6422840,40',45GP,I,2,1,26HASL1171I,2026-09-29 01:42:04
수입,HEUNG-A JANICE,2632E,20260830,HASLC03260800962,SAM JIN ELECTRO METALLURGIE,HALU2432468,20',22GP,I,1,1,26HASL1171I,2026-09-29 01:42:04
수입,HEUNG-A JANICE,2632E,20260830,HASLC03260800963,SAM JIN ELECTRO METALLURGIE,HALU2301956,20',22GP,I,1,1,26HASL1171I,2026-09-29 01:42:04
수입,HEUNG-A JANICE,2632E,20260830,HASLC03260800963,SAM JIN ELECTRO METALLURGIE,SKLU2008548,20',22GP,I,1,1,26HASL1171I,2026-09-29 01:42:04
수입,HEUNG-A JANICE,2632E,20260830,HASLC03260800963,SAM JIN ELECTRO METALLURGIE,SKLU2029068,20',22GP,I,1,1,26HASL1171I,2026-09-29 01:42:04
수입,HEUNG-A JANICE,2632E,20260830,HASLC03260800964,SAM JIN ELECTRO METALLURGIE,SKLU1306640,20',22GP,I,1,1,26HASL1171I,2026-09-29 01:42:04
수입,HEUNG-A JANICE,2632E,20260830,HASLC03260800970,ANSWER SUPPLY CHAIN COLTD,SKHU6523595,40',45GP,T,2,1,26HASL1171I,2026-09-29 01:42:04
수입,HEUNG-A JANICE,2632E,20260830,HASLC03260800982,LOGENT KOREA COLTD,SKLU1918374,20',22GP,I,1,1,26HASL1171I,2026-09-29 01:42:04
수입,HEUNG-A JANICE,2632E,20260830,HASLC03260800988,CHEMBUD CORPORATION,HALU2502647,20',22GP,I,1,1,26HASL1171I,2026-09-29 01:42:04
수입,HEUNG-A JANICE,2632E,20260830,HASLC03260800995,PHILOCEAN LINE CO LTD,HALU2539693,20',22GP,I,1,1,26HASL1171I,2026-09-29 01:42:04
수입,HEUNG-A JANICE,2632E,20260830,HASLC03260800996,SNE INTERNATIONAL COLTD,HALU2571020,20',22GP,I,1,1,26HASL1171I,2026-09-29 01:42:04
수입,HEUNG-A JANICE,2632E,20260830,HASLC03260801004,SPETS MACHINERY ENGINEERING LLC,SKHU9973718,40',45GP,T,2,1,26HASL1171I,2026-09-29 01:42:04
수입,HEUNG-A JANICE,2632E,20260830,HASLC03260801005,SEAH STEEL CORPORATION,HLHU6408280,40',45GP,I,2,1,26HASL1171I,2026-09-29 01:42:04
수입,HEUNG-A JANICE,2632E,20260830,HASLC03260801005,SEAH STEEL CORPORATION,SKHU6437671,40',45GP,I,2,1,26HASL1171I,2026-09-29 01:42:04
수입,HEUNG-A JANICE,2632E,20260830,HASLC03260801010,LLC ROSA TYRES WHEELS,SKHU8939318,40',45GP,T,2,1,26HASL1171I,2026-09-29 01:42:04
수입,HEUNG-A JANICE,2632E,20260830,HASLC03260801010,LLC ROSA TYRES WHEELS,SKHU9832788,40',45GP,T,2,1,26HASL1171I,2026-09-29 01:42:04
수입,HEUNG-A JANICE,2632E,20260830,HASLC03260801010,LLC ROSA TYRES WHEELS,SKHU9962842,40',45GP,T,2,1,26HASL1171I,2026-09-29 01:42:04
수입,HEUNG-A JANICE,2632E,20260830,HASLC03260801022,LOGENT KOREA COLTD,SKLU2426337,20',22GP,I,1,1,26HASL1171I,2026-09-29 01:42:04
수입,HEUNG-A JANICE,2632E,20260830,HASLC03260801038,NEXEN  CORPORATION,HALU2561531,20',22GP,I,1,1,26HASL1171I,2026-09-29 01:42:04
수입,HEUNG-A JANICE,2632E,20260830,HASLC03260801041,NEXEN TIRE CORPORATION,SKHU6475624,40',45GP,I,2,1,26HASL1171I,2026-09-29 01:42:04
수입,HEUNG-A JANICE,2632E,20260830,HASLC03260801052,SUNRISE KOREA CO LTD,SKLU1449030,20',22GP,I,1,1,26HASL1171I,2026-09-29 01:42:04
수입,HEUNG-A JANICE,2632E,20260830,HASLC03260801055,LLC MHC POLYMER,SKLU1517200,20',22GP,T,1,1,26HASL1171I,2026-09-29 01:42:04
수입,HEUNG-A JANICE,2632E,20260830,HASLC03260801099,KINTETSU WORLD EXPRESS INC,HALU2028585,20',22GP,T,1,1,26HASL1171I,2026-09-29 01:42:04
수입,HEUNG-A JANICE,2632E,20260830,HASLC03260801103,KOLON LIFE SCIENCE,HLHU8336050,40',45GP,I,2,1,26HASL1171I,2026-09-29 01:42:04
수입,HEUNG-A JANICE,2632E,20260830,HASLC03260801103,KOLON LIFE SCIENCE,SKHU6358280,40',45GP,I,2,1,26HASL1171I,2026-09-29 01:42:04
수입,HEUNG-A JANICE,2632E,20260830,HASLC03260801108,PHILOCEAN LINE COLTD,HALU2549520,20',22GP,I,1,1,26HASL1171I,2026-09-29 01:42:04
수입,HEUNG-A JANICE,2632E,20260830,HASLC03260801111,SKYROAD EXPRESSINC,BEAU4211539,40',45GP,I,2,1,26HASL1171I,2026-09-29 01:42:04
수입,HEUNG-A JANICE,2632E,20260830,HASLC03260801111,SKYROAD EXPRESSINC,HLHU8472587,40',45GP,I,2,1,26HASL1171I,2026-09-29 01:42:04
수입,HEUNG-A JANICE,2632E,20260830,HASLC03260801111,SKYROAD EXPRESSINC,TGBU5676734,40',45GP,I,2,1,26HASL1171I,2026-09-29 01:42:04
수입,HEUNG-A JANICE,2632E,20260830,HASLC03260801112,DONGSHIN SEA  AIR COLTD,HLHU8540830,40',45GP,I,2,1,26HASL1171I,2026-09-29 01:42:04
수입,HEUNG-A JANICE,2632E,20260830,HASLC03260801115,YAHN COMMERCIAL,TRIU6736820,20',22RE,I,1,1,26HASL1171I,2026-09-29 01:42:04
수입,HEUNG-A JANICE,2632E,20260830,HASLC03260801117,POLYPLASTIC LTD,TGHU0073175,20',22GP,T,1,1,26HASL1171I,2026-09-29 01:42:04
수입,HEUNG-A JANICE,2632E,20260830,HASLC03260801118,AQUAPHOR CORPORATION,DFSU2668116,20',22GP,T,1,1,26HASL1171I,2026-09-29 01:42:04
수입,HEUNG-A JANICE,2632E,20260830,HASLC03260801118,AQUAPHOR CORPORATION,FCGU2243738,20',22GP,T,1,1,26HASL1171I,2026-09-29 01:42:04
수입,HEUNG-A JANICE,2632E,20260830,HASLC03260801123,AQUAPHOR CORPORATION,DFSU2451624,20',22GP,T,1,1,26HASL1171I,2026-09-29 01:42:04
수입,HEUNG-A JANICE,2632E,20260830,HASLC03260801123,AQUAPHOR CORPORATION,FCIU4675466,20',22GP,T,1,1,26HASL1171I,2026-09-29 01:42:04
수입,HEUNG-A JANICE,2632E,20260830,HASLC03260801136,AQUAPHOR CORPORATION,DFSU1002341,20',22GP,T,1,1,26HASL1171I,2026-09-29 01:42:04
수입,HEUNG-A JANICE,2632E,20260830,HASLC03260801136,AQUAPHOR CORPORATION,FCIU4226613,20',22GP,T,1,1,26HASL1171I,2026-09-29 01:42:04
수입,HEUNG-A JANICE,2632E,20260830,HASLC03260801140,PHILOCEAN LINE CO LTD,SKHU6332670,40',45GP,I,2,1,26HASL1171I,2026-09-29 01:42:04
수입,HEUNG-A JANICE,2632E,20260830,HASLC03260801148,LLC ETS,SKHU8123221,40',45GP,T,2,1,26HASL1171I,2026-09-29 01:42:04
수입,HEUNG-A JANICE,2632E,20260830,HASLC03260801165,KORYEO CONSTRUCTIONTIRE,HLHU8504386,40',45GP,I,2,1,26HASL1171I,2026-09-29 01:42:04
수입,HEUNG-A JANICE,2632E,20260830,HASLC03260801165,KORYEO CONSTRUCTIONTIRE,SEKU4426636,40',45GP,I,2,1,26HASL1171I,2026-09-29 01:42:04
수입,HEUNG-A JANICE,2632E,20260830,HASLC03260801165,KORYEO CONSTRUCTIONTIRE,SKHU9007191,40',45GP,I,2,1,26HASL1171I,2026-09-29 01:42:04
수입,HEUNG-A JANICE,2632E,20260830,HASLC03260801168,BEST PARTNER LOGISTIC CO LTD,SKHU9931142,40',45GP,I,2,1,26HASL1171I,2026-09-29 01:42:04
수입,HEUNG-A JANICE,2632E,20260830,HASLC03260801178,PHILOCEAN LINE COLTD,SKHU6400815,40',45GP,I,2,1,26HASL1171I,2026-09-29 01:42:04
수입,HEUNG-A JANICE,2632E,20260830,HASLC03260801189,TRANSWORLD LOGISTICS INC,SKHU9908190,40',45GP,I,2,1,26HASL1171I,2026-09-29 01:42:04
수입,HEUNG-A JANICE,2632E,20260830,HASLC03260801198,HEERAE CO LTD,HALU2546244,20',22GP,I,1,1,26HASL1171I,2026-09-29 01:42:04
수입,HEUNG-A JANICE,2632E,20260830,HASLC03260801199,ANSWER SUPPLY CHAIN COLTD,HLHU8349084,40',45GP,T,2,1,26HASL1171I,2026-09-29 01:42:04
수입,HEUNG-A JANICE,2632E,20260830,HASLC03260801199,ANSWER SUPPLY CHAIN COLTD,SKLU2492597,20',22GP,T,1,1,26HASL1171I,2026-09-29 01:42:04
수입,HEUNG-A JANICE,2632E,20260830,HASLC03260801200,ANSWER SUPPLY CHAIN COLTD,FSCU7125204,40',45GP,T,2,1,26HASL1171I,2026-09-29 01:42:04
수입,HEUNG-A JANICE,2632E,20260830,HASLC03260801201,LLC FABRIKA ORUDIY LOVA,SKLU1580163,20',22GP,T,1,1,26HASL1171I,2026-09-29 01:42:04
수입,HEUNG-A JANICE,2632E,20260830,HASLC03260801202,ARKO LLC,SKHU9835827,40',45GP,T,2,1,26HASL1171I,2026-09-29 01:42:04
수입,HEUNG-A JANICE,2632E,20260830,HASLC03260801205,PRIVATE ENTREPRENEUR VOLKOV,SKHU9509538,40',45GP,T,2,1,26HASL1171I,2026-09-29 01:42:04
수입,HEUNG-A JANICE,2632E,20260830,HASLC03260801205,PRIVATE ENTREPRENEUR VOLKOV,SKHU9822985,40',45GP,T,2,1,26HASL1171I,2026-09-29 01:42:04
수입,HEUNG-A JANICE,2632E,20260830,HASLC03260801207,DV NEVADA CO LTD,SKHU8709655,40',45GP,T,2,1,26HASL1171I,2026-09-29 01:42:04
수입,HEUNG-A JANICE,2632E,20260830,HASLC03260801210,LLC KOLORIT-PHARMA,SEKU4432388,40',45GP,T,2,1,26HASL1171I,2026-09-29 01:42:04
수입,HEUNG-A JANICE,2632E,20260830,HASLC03260801210,LLC KOLORIT-PHARMA,SKHU8904939,40',45GP,T,2,1,26HASL1171I,2026-09-29 01:42:04
수입,HEUNG-A JANICE,2632E,20260830,HASLC03260801212,DCM COLTD,SKHU6452547,40',45GP,T,2,1,26HASL1171I,2026-09-29 01:42:04
수입,HEUNG-A JANICE,2632E,20260830,HASLC03260801216,LLC VOSTOKDEKLARANTSERVIS,SKHU6361072,40',45GP,T,2,1,26HASL1171I,2026-09-29 01:42:04
수입,HEUNG-A JANICE,2632E,20260830,HASLC03260801218,TO THE ORDER OF KEB HANA BANK,SKLU1404729,20',22GP,I,1,1,26HASL1171I,2026-09-29 01:42:04
수입,HEUNG-A JANICE,2632E,20260830,HASLC03260801219,NIHON DAIKEI ENERGY CO LTD,DFSU3117648,20',22GP,T,1,1,26HASL1171I,2026-09-29 01:42:04
수입,HEUNG-A JANICE,2632E,20260830,HASLC03260801219,NIHON DAIKEI ENERGY CO LTD,SKLU0516621,20',22GP,T,1,1,26HASL1171I,2026-09-29 01:42:04
수입,HEUNG-A JANICE,2632E,20260830,HASLC03260801219,NIHON DAIKEI ENERGY CO LTD,SKLU2412816,20',22GP,T,1,1,26HASL1171I,2026-09-29 01:42:04
수입,HEUNG-A JANICE,2632E,20260830,HASLC03260801231,SEAH LOGISTICS COLTD,HALU2347598,20',22GP,I,1,1,26HASL1171I,2026-09-29 01:42:04
수입,HEUNG-A JANICE,2632E,20260830,HASLC03260801239,HWA YOUNG FOOD COLTD1BUNSEONG-RO 37,SKRU9501603,40',45RE,I,2,1,26HASL1171I,2026-09-29 01:42:04
수입,HEUNG-A JANICE,2632E,20260830,HASLC03260801240,HANIL SEA  AIR COLTD,HLHU8519128,40',45GP,I,2,1,26HASL1171I,2026-09-29 01:42:04
수입,HEUNG-A JANICE,2632E,20260830,HASLC03260801245,DAEJUNG HIGHTECH CO LTD,HLHU8206611,40',45GP,I,2,1,26HASL1171I,2026-09-29 01:42:04
수입,HEUNG-A JANICE,2632E,20260830,HASLC03260801245,DAEJUNG HIGHTECH CO LTD,SKHU6349586,40',45GP,I,2,1,26HASL1171I,2026-09-29 01:42:04
수입,HEUNG-A JANICE,2632E,20260830,HASLC03260801249,AQUAPHOR CORPORATION,DFSU2853027,20',22GP,T,1,1,26HASL1171I,2026-09-29 01:42:04
수입,HEUNG-A JANICE,2632E,20260830,HASLC03260801249,AQUAPHOR CORPORATION,FCIU4746908,20',22GP,T,1,1,26HASL1171I,2026-09-29 01:42:04
수입,HEUNG-A JANICE,2632E,20260830,HASLC03260801250,ANSWER SUPPLY CHAIN COLTD,SKHU8433741,40',45GP,T,2,1,26HASL1171I,2026-09-29 01:42:04
수입,HEUNG-A JANICE,2632E,20260830,HASLC03260801257,GINKAI SHIPPING COLTD,SKLU1522336,20',22GP,T,1,1,26HASL1171I,2026-09-29 01:42:04
수입,HEUNG-A JANICE,2632E,20260830,HASLC03260801264,ASTRA COLTD,SKLU1516420,20',22GP,T,1,1,26HASL1171I,2026-09-29 01:42:04
수입,HEUNG-A JANICE,2632E,20260830,HASLC03260801267,SEAH LOGISTICS COLTD,HALU2522957,20',22GP,I,1,1,26HASL1171I,2026-09-29 01:42:04
수입,HEUNG-A JANICE,2632E,20260830,HASLC03260801268,SEAH LOGISTICS COLTD,SKLU1327896,20',22GP,I,1,1,26HASL1171I,2026-09-29 01:42:04
수입,HEUNG-A JANICE,2632E,20260830,HASLC03260801269,SEAH LOGISTICS COLTD,SKLU1332470,20',22GP,I,1,1,26HASL1171I,2026-09-29 01:42:04
수입,HEUNG-A JANICE,2632E,20260830,HASLC03260801270,SEAH LOGISTICS COLTD,HALU2459026,20',22GP,I,1,1,26HASL1171I,2026-09-29 01:42:04
수입,HEUNG-A JANICE,2632E,20260830,HASLC03260801272,SEAH LOGISTICS COLTD,SKLU3515892,20',22GP,I,1,1,26HASL1171I,2026-09-29 01:42:04
수입,HEUNG-A JANICE,2632E,20260830,HASLC03260801273,SUNRISE KOREA CO LTD,HLHU8437349,40',45GP,I,2,1,26HASL1171I,2026-09-29 01:42:04
수입,HEUNG-A JANICE,2632E,20260830,HASLC03260801273,SUNRISE KOREA CO LTD,SKHU6529926,40',45GP,I,2,1,26HASL1171I,2026-09-29 01:42:04
수입,HEUNG-A JANICE,2632E,20260830,HASLC03260801274,PAN LOGIX COLTD,TCLU3327340,20',22GP,T,1,1,26HASL1171I,2026-09-29 01:42:04
수입,HEUNG-A JANICE,2632E,20260830,HASLC03260801275,SUNRISE KOREA CO LTD,HLHU8432476,40',45GP,I,2,1,26HASL1171I,2026-09-29 01:42:04
수입,HEUNG-A JANICE,2632E,20260830,HASLC03260801276,LOGENT KOREA COLTD,HLHU8330520,40',45GP,I,2,1,26HASL1171I,2026-09-29 01:42:04
수입,HEUNG-A JANICE,2632E,20260830,HASLC03260801276,LOGENT KOREA COLTD,SKHU8414839,40',45GP,I,2,1,26HASL1171I,2026-09-29 01:42:04
수입,HEUNG-A JANICE,2632E,20260830,HASLC03260801282,KYOURITSUKOUGEICOLTD,HLHU8319773,40',45GP,T,2,1,26HASL1171I,2026-09-29 01:42:04
수입,HEUNG-A JANICE,2632E,20260830,HASLC03260801290,TK GLOGIX CO LTD,SKHU8719118,40',45GP,I,2,1,26HASL1171I,2026-09-29 01:42:04
수입,HEUNG-A JANICE,2632E,20260830,HASLC03260801295,LLC KASTAMONU INTEGRATED WOOD,APZU3384151,20',22GP,T,1,1,26HASL1171I,2026-09-29 01:42:04
수입,HEUNG-A JANICE,2632E,20260830,HASLC03260801295,LLC KASTAMONU INTEGRATED WOOD,CMAU1114487,20',22GP,T,1,1,26HASL1171I,2026-09-29 01:42:04
수입,HEUNG-A JANICE,2632E,20260830,HASLC03260801295,LLC KASTAMONU INTEGRATED WOOD,ESPU2002681,20',22GP,T,1,1,26HASL1171I,2026-09-29 01:42:04
수입,HEUNG-A JANICE,2632E,20260830,HASLC03260801295,LLC KASTAMONU INTEGRATED WOOD,FCIU2923162,20',22GP,T,1,1,26HASL1171I,2026-09-29 01:42:04
수입,HEUNG-A JANICE,2632E,20260830,HASLC03260801295,LLC KASTAMONU INTEGRATED WOOD,TCKU2644981,20',22GP,T,1,1,26HASL1171I,2026-09-29 01:42:04
수입,HEUNG-A JANICE,2632E,20260830,HASLC03260801295,LLC KASTAMONU INTEGRATED WOOD,TCLU2838290,20',22GP,T,1,1,26HASL1171I,2026-09-29 01:42:04
수입,HEUNG-A JANICE,2632E,20260830,HASLC03260801299,TO THE ORDER OF KOOKMIN BANK,SKLU1971949,20',22GP,I,1,1,26HASL1171I,2026-09-29 01:42:04
수입,HEUNG-A JANICE,2632E,20260830,HASLC03260801301,TRUTH LOGISTICS CORPORATION,GCXU2426683,20',22GP,T,1,1,26HASL1171I,2026-09-29 01:42:04
수입,HEUNG-A JANICE,2632E,20260830,HASLC03260801301,TRUTH LOGISTICS CORPORATION,HALU2087119,20',22GP,T,1,1,26HASL1171I,2026-09-29 01:42:04
수입,HEUNG-A JANICE,2632E,20260830,HASLC03260801301,TRUTH LOGISTICS CORPORATION,HALU2438698,20',22GP,T,1,1,26HASL1171I,2026-09-29 01:42:04
수입,HEUNG-A JANICE,2632E,20260830,HASLC03260801301,TRUTH LOGISTICS CORPORATION,SKLU1633622,20',22GP,T,1,1,26HASL1171I,2026-09-29 01:42:04
수입,HEUNG-A JANICE,2632E,20260830,HASLC03260801301,TRUTH LOGISTICS CORPORATION,SKLU2480493,20',22GP,T,1,1,26HASL1171I,2026-09-29 01:42:04
수입,HEUNG-A JANICE,2632E,20260830,HASLC03260801309,HYOSHOKU COLTD,SKHU6537135,40',45GP,T,2,1,26HASL1171I,2026-09-29 01:42:04
수입,HEUNG-A JANICE,2632E,20260830,HASLC03260801312,FRONTIER TRINITY GROUP CO LTD,SKHU9300609,40',45GP,T,2,1,26HASL1171I,2026-09-29 01:42:04
수입,HEUNG-A JANICE,2632E,20260830,HASLC03260801314,PERCHERON LLC,TRZU1218236,40',45GP,T,2,1,26HASL1171I,2026-09-29 01:42:04
수입,HEUNG-A JANICE,2632E,20260830,HASLC03260801335,JAPAN BRAVE BEYOND INTERNATIONAL,HALU2460264,20',22GP,T,1,1,26HASL1171I,2026-09-29 01:42:04
수입,HEUNG-A JANICE,2632E,20260830,HASLC03260801338,PSM CO LTD,SKHU9416158,40',45GP,T,2,1,26HASL1171I,2026-09-29 01:42:04
수입,HEUNG-A JANICE,2632E,20260830,HASLC03260801346,SOFIS LLC,SKLU3503248,20',22GP,T,1,1,26HASL1171I,2026-09-29 01:42:04
수입,HEUNG-A JANICE,2632E,20260830,HASLC03260801356,ANSWER SUPPLY CHAIN COLTD,SKHU5600892,40',42UT,T,2,1,26HASL1171I,2026-09-29 01:42:04
수입,HEUNG-A JANICE,2632E,20260830,HASLC03260801356,ANSWER SUPPLY CHAIN COLTD,SKLU2488025,20',22GP,T,1,1,26HASL1171I,2026-09-29 01:42:04
수입,HEUNG-A JANICE,2632E,20260830,HASLC03260801359,IL HO,SKRU9904234,40',45RE,I,2,1,26HASL1171I,2026-09-29 01:42:04
수입,HEUNG-A JANICE,2632E,20260830,HASLC03260801362,JSC PAALTAI TYRE PLANT,HLHU8110551,40',45GP,T,2,1,26HASL1171I,2026-09-29 01:42:04
수입,HEUNG-A JANICE,2632E,20260830,HASLC03260801363,IP KIRTAEVA TATIANA NIKOLAEVNA,BMOU6076875,40',45GP,T,2,1,26HASL1171I,2026-09-29 01:42:04
수입,HEUNG-A JANICE,2632E,20260830,HASLC03260801363,IP KIRTAEVA TATIANA NIKOLAEVNA,DFSU7488101,40',45GP,T,2,1,26HASL1171I,2026-09-29 01:42:04
수입,HEUNG-A JANICE,2632E,20260830,HASLC03260801363,IP KIRTAEVA TATIANA NIKOLAEVNA,SKHU9961358,40',45GP,T,2,1,26HASL1171I,2026-09-29 01:42:04
수입,HEUNG-A JANICE,2632E,20260830,HASLC03260801369,BLS CORPORATION,SKLU2313156,20',22GP,I,1,1,26HASL1171I,2026-09-29 01:42:04
수입,HEUNG-A JANICE,2632E,20260830,HASLC03260801370,PHILOCEAN LINE CO LTD,HLHU8482796,40',45GP,I,2,1,26HASL1171I,2026-09-29 01:42:04
수입,HEUNG-A JANICE,2632E,20260830,HASLC03260801371,DCM CO LTD,SKHU6436989,40',45GP,T,2,1,26HASL1171I,2026-09-29 01:42:04
수입,HEUNG-A JANICE,2632E,20260830,HASLC03260801375,SUNRISE KOREA CO LTD,UETU2627732,20',22GP,I,1,1,26HASL1171I,2026-09-29 01:42:04
수입,HEUNG-A JANICE,2632E,20260830,HASLC03260801376,GINKAI SHIPPING COLTD,HLHU8409049,40',45GP,T,2,1,26HASL1171I,2026-09-29 01:42:04
수입,HEUNG-A JANICE,2632E,20260830,HASLC03260801377,CHUN JEE SHIPPING COLTD,HALU2428426,20',22GP,I,1,1,26HASL1171I,2026-09-29 01:42:04
수입,HEUNG-A JANICE,2632E,20260830,HASLC03260801377,CHUN JEE SHIPPING COLTD,SKLU1427339,20',22GP,I,1,1,26HASL1171I,2026-09-29 01:42:04
수입,HEUNG-A JANICE,2632E,20260830,HASLC03260801380,LEDA-DV COLTD,HLHU8102474,40',45GP,T,2,1,26HASL1171I,2026-09-29 01:42:04
수입,HEUNG-A JANICE,2632E,20260830,HASLC03260801381,JBG LOGISTICS COLTD,HLHU8306225,40',45GP,I,2,1,26HASL1171I,2026-09-29 01:42:04
수입,HEUNG-A JANICE,2632E,20260830,HASLC03260801386,TAEWOONG LOGISTICS CO LTD,HALU2413690,20',22GP,I,1,1,26HASL1171I,2026-09-29 01:42:04
수입,HEUNG-A JANICE,2632E,20260830,HASLC03260801394,FLEXIBLE PACKAGING LIMITED,BSIU2536900,20',22GP,T,1,1,26HASL1171I,2026-09-29 01:42:04
수입,HEUNG-A JANICE,2632E,20260830,HASLC03260801394,FLEXIBLE PACKAGING LIMITED,BSIU2580353,20',22GP,T,1,1,26HASL1171I,2026-09-29 01:42:04
수입,HEUNG-A JANICE,2632E,20260830,HASLC03260801394,FLEXIBLE PACKAGING LIMITED,BSIU2886301,20',22GP,T,1,1,26HASL1171I,2026-09-29 01:42:04
수입,HEUNG-A JANICE,2632E,20260830,HASLC03260801394,FLEXIBLE PACKAGING LIMITED,GLDU5495259,20',22GP,T,1,1,26HASL1171I,2026-09-29 01:42:04
수입,HEUNG-A JANICE,2632E,20260830,HASLC03260801394,FLEXIBLE PACKAGING LIMITED,HJLU1028315,20',22GP,T,1,1,26HASL1171I,2026-09-29 01:42:04
수입,HEUNG-A JANICE,2632E,20260830,HASLC03260801394,FLEXIBLE PACKAGING LIMITED,HJLU1433869,20',22GP,T,1,1,26HASL1171I,2026-09-29 01:42:04
수입,HEUNG-A JANICE,2632E,20260830,HASLC03260801394,FLEXIBLE PACKAGING LIMITED,HLXU3366799,20',22GP,T,1,1,26HASL1171I,2026-09-29 01:42:04
수입,HEUNG-A JANICE,2632E,20260830,HASLC03260801394,FLEXIBLE PACKAGING LIMITED,JZPU1056255,20',22GP,T,1,1,26HASL1171I,2026-09-29 01:42:04
수입,HEUNG-A JANICE,2632E,20260830,HASLC03260801394,FLEXIBLE PACKAGING LIMITED,JZPU2030698,20',22GP,T,1,1,26HASL1171I,2026-09-29 01:42:04
수입,HEUNG-A JANICE,2632E,20260830,HASLC03260801394,FLEXIBLE PACKAGING LIMITED,JZPU2094305,20',22GP,T,1,1,26HASL1171I,2026-09-29 01:42:04
수입,HEUNG-A JANICE,2632E,20260830,HASLC03260801394,FLEXIBLE PACKAGING LIMITED,JZPU2139502,20',22GP,T,1,1,26HASL1171I,2026-09-29 01:42:04
수입,HEUNG-A JANICE,2632E,20260830,HASLC03260801394,FLEXIBLE PACKAGING LIMITED,OOLU1281661,20',22GP,T,1,1,26HASL1171I,2026-09-29 01:42:04
수입,HEUNG-A JANICE,2632E,20260830,HASLC03260801413,TAKAHASHI SHOKAI CO LTD,HLHU8477927,40',45GP,T,2,1,26HASL1171I,2026-09-29 01:42:04
수입,HEUNG-A JANICE,2632E,20260830,HASLC03260801414,ENERGOEFFEKT LTD,AICU1613150,20',22TN,T,1,1,26HASL1171I,2026-09-29 01:42:04
수입,HEUNG-A JANICE,2632E,20260830,HASLC03260801414,ENERGOEFFEKT LTD,AICU2603178,20',22TN,T,1,1,26HASL1171I,2026-09-29 01:42:04
수입,HEUNG-A JANICE,2632E,20260830,HASLC03260801414,ENERGOEFFEKT LTD,AICU2603331,20',22TN,T,1,1,26HASL1171I,2026-09-29 01:42:04
수입,HEUNG-A JANICE,2632E,20260830,HASLC03260801414,ENERGOEFFEKT LTD,AICU4162533,20',22TN,T,1,1,26HASL1171I,2026-09-29 01:42:04
수입,HEUNG-A JANICE,2632E,20260830,HASLC03260801420,SEAH LOGISTICS COLTD,SKLU1518927,20',22GP,I,1,1,26HASL1171I,2026-09-29 01:42:04
수입,HEUNG-A JANICE,2632E,20260830,HASLC03260801423,SEAH LOGISTICS COLTD,SKLU1661898,20',22GP,I,1,1,26HASL1171I,2026-09-29 01:42:04
수입,HEUNG-A JANICE,2632E,20260830,HASLC03260801424,TRUTH LOGISTICS CORPORATION,FSCU5888830,40',45RE,T,2,1,26HASL1171I,2026-09-29 01:42:04
수입,HEUNG-A JANICE,2632E,20260830,HASLC03260801427,EISHOU FREIGHT SHIPPING COLTD,SKRU9906582,40',45RE,T,2,1,26HASL1171I,2026-09-29 01:42:04
수입,HEUNG-A JANICE,2632E,20260830,HASLC03260801429,TOKAI LOGISTICS COLTD,DFSU1931911,20',22GP,T,1,1,26HASL1171I,2026-09-29 01:42:04
수입,HEUNG-A JANICE,2632E,20260830,HASLC03260801440,TOYO FAST TRANSPORT COLTD,SKHU8434579,40',45GP,T,2,1,26HASL1171I,2026-09-29 01:42:04
수입,HEUNG-A JANICE,2632E,20260830,HASLC03260801441,TO ORDER OF SHIPPER,HLHU8381954,40',45GP,T,2,1,26HASL1171I,2026-09-29 01:42:04
수입,HEUNG-A JANICE,2632E,20260830,HASLC03260801441,TO ORDER OF SHIPPER,HLHU8549903,40',45GP,T,2,1,26HASL1171I,2026-09-29 01:42:04
수입,HEUNG-A JANICE,2632E,20260830,HASLC03260801441,TO ORDER OF SHIPPER,SKHU6410095,40',45GP,T,2,1,26HASL1171I,2026-09-29 01:42:04
수입,HEUNG-A JANICE,2632E,20260830,HASLC03260801441,TO ORDER OF SHIPPER,SKHU9943396,40',45GP,T,2,1,26HASL1171I,2026-09-29 01:42:04
수입,HEUNG-A JANICE,2632E,20260830,HASLC03260801443,SEAH LOGISTICS COLTD,SKLU2488560,20',22GP,I,1,1,26HASL1171I,2026-09-29 01:42:04
수입,HEUNG-A JANICE,2632E,20260830,HASLC03260801444,DISCOVERY-DV COLTD,SKHU9600273,40',45GP,T,2,1,26HASL1171I,2026-09-29 01:42:04
수입,HEUNG-A JANICE,2632E,20260830,HASLC03260801460,SUNRISE KOREA CO LTD,HALU2561059,20',22GP,I,1,1,26HASL1171I,2026-09-29 01:42:04
수입,HEUNG-A JANICE,2632E,20260830,HASLC03260801463,SAMWOO COMMERCE96610GAMASAN-ROGEUMC,SKRU9401034,40',45RE,I,2,1,26HASL1171I,2026-09-29 01:42:04
수입,HEUNG-A JANICE,2632E,20260830,HASLC03260801468,HYOSUNG NEOCHEM COLTD,HALU2569759,20',22GP,I,1,1,26HASL1171I,2026-09-29 01:42:04
수입,HEUNG-A JANICE,2632E,20260830,HASLC03260801468,HYOSUNG NEOCHEM COLTD,SKLU2364180,20',22GP,I,1,1,26HASL1171I,2026-09-29 01:42:04
수입,HEUNG-A JANICE,2632E,20260830,HASLC03260801482,SUN INTERNATIONAL CO LTD,SKLU2489891,20',22GP,I,1,1,26HASL1171I,2026-09-29 01:42:04
수입,HEUNG-A JANICE,2632E,20260830,HASLC03260801484,HANWA CO LTD,HLHU8493770,40',45GP,T,2,1,26HASL1171I,2026-09-29 01:42:04
수입,HEUNG-A JANICE,2632E,20260830,HASLC03260801492,DARACK CO LTD,BEAU2860740,20',22GP,I,1,1,26HASL1171I,2026-09-29 01:42:04
수입,HEUNG-A JANICE,2632E,20260830,HASLC03260801529,ANSWER SUPPLY CHAIN COLTD,SKHU9943539,40',45GP,T,2,1,26HASL1171I,2026-09-29 01:42:04
수입,HEUNG-A JANICE,2632E,20260830,HASLC03260801536,TX JAPAN COLTD,SKLU1614366,20',22GP,T,1,1,26HASL1171I,2026-09-29 01:42:04
수입,HEUNG-A JANICE,2632E,20260830,HASLC03260801585,NIPPON EXPRESS COLTD,HALU2552530,20',22GP,T,1,1,26HASL1171I,2026-09-29 01:42:04
수입,HEUNG-A JANICE,2632E,20260830,HASLC03260801585,NIPPON EXPRESS COLTD,SKLU1544588,20',22GP,T,1,1,26HASL1171I,2026-09-29 01:42:04
수입,HEUNG-A JANICE,2632E,20260830,HASLC03260801595,ASTRA COLTD,HLHU8504750,40',45GP,T,2,1,26HASL1171I,2026-09-29 01:42:04
수입,HEUNG-A JANICE,2632E,20260830,HASLC03260801608,OITRADING CORPORATION,SKLU1403960,20',22GP,T,1,1,26HASL1171I,2026-09-29 01:42:04
수입,HEUNG-A JANICE,2632E,20260830,HASLC03260801649,DCM COLTD,HALU2562029,20',22GP,T,1,1,26HASL1171I,2026-09-29 01:42:04
수입,HEUNG-A JANICE,2632E,20260830,HASLC03260801653,TRUTH LOGISTICS CORPORATION,HALU2471042,20',22GP,T,1,1,26HASL1171I,2026-09-29 01:42:04
수입,HEUNG-A JANICE,2632E,20260830,HASLC03260801655,SAKURA LLC,BMOU5199052,40',45GP,T,2,1,26HASL1171I,2026-09-29 01:42:04
수입,HEUNG-A JANICE,2632E,20260830,HASLC03260801655,SAKURA LLC,SEKU4434380,40',45GP,T,2,1,26HASL1171I,2026-09-29 01:42:04
수입,HEUNG-A JANICE,2632E,20260830,HASLC03260801655,SAKURA LLC,SKHU9005624,40',45GP,T,2,1,26HASL1171I,2026-09-29 01:42:04
수입,HEUNG-A JANICE,2632E,20260830,HASLC03260801655,SAKURA LLC,SKHU9819765,40',45GP,T,2,1,26HASL1171I,2026-09-29 01:42:04
수입,HEUNG-A JANICE,2632E,20260830,HASLC03260801677,ASIA EXPRESS CONTAINER,TCNU6553919,40',45GP,I,2,1,26HASL1171I,2026-09-29 01:42:04
수입,HEUNG-A JANICE,2632E,20260830,HASLC03260801688,ASHIN GLOBAL COLTD,SKRU2500210,20',22RE,I,1,1,26HASL1171I,2026-09-29 01:42:04
수입,HEUNG-A JANICE,2632E,20260830,HASLC03260801693,BEST TRANS  TRADING HYBRID COLTD,HALU2561594,20',22GP,T,1,1,26HASL1171I,2026-09-29 01:42:04
수입,HEUNG-A JANICE,2632E,20260830,HASLC03260801705,TOYOSHIMA COLTD,SKLU2069646,20',22GP,T,1,1,26HASL1171I,2026-09-29 01:42:04
수입,HEUNG-A JANICE,2632E,20260830,HASLC03260801764,TATSUMI SHOKAI COLTDSHIKOKU,SKLU1597103,20',22GP,T,1,1,26HASL1171I,2026-09-29 01:42:04
수입,HEUNG-A JANICE,2632E,20260830,HASLC03260801789,CHUN JEE SHIPPING COLTD,HALU2087422,20',22GP,I,1,1,26HASL1171I,2026-09-29 01:42:04
수입,HEUNG-A JANICE,2632E,20260830,HASLC03260801789,CHUN JEE SHIPPING COLTD,SKLU2485957,20',22GP,I,1,1,26HASL1171I,2026-09-29 01:42:04
수입,HEUNG-A JANICE,2632E,20260830,HASLC03260801789,CHUN JEE SHIPPING COLTD,TGCU2399624,20',22GP,I,1,1,26HASL1171I,2026-09-29 01:42:04
수입,HEUNG-A JANICE,2632E,20260830,HASLC03260801804,TO THE ORDER OF INDUSTRIAL BANK OF,SEGU9796578,40',45RE,I,2,1,26HASL1171I,2026-09-29 01:42:04
수입,HEUNG-A JANICE,2632E,20260830,HASLC03260801804,TO THE ORDER OF INDUSTRIAL BANK OF,SKRU9401712,40',45RE,I,2,1,26HASL1171I,2026-09-29 01:42:04
수입,HEUNG-A JANICE,2632E,20260830,HASLC03260801842,SK GLS CO LTD,SKLU2079407,20',22GP,I,1,1,26HASL1171I,2026-09-29 01:42:04
수입,HEUNG-A JANICE,2632E,20260830,HASLC03260801869,ASHIN GLOBAL COLTD,FSCU5897092,40',45RE,I,2,1,26HASL1171I,2026-09-29 01:42:04
수입,HEUNG-A JANICE,2632E,20260830,HASLC03260801952,JJ TRANSPORTATION COLTD,FSCU5887622,40',45RE,I,2,1,26HASL1171I,2026-09-29 01:42:04
수입,HONOR GLORY,2636W,20260830,HASLJ01260700129,OHRA LINK EXPRESS COLTD,HALU2562820,20',22GP,I,1,1,26PCSLH013I,2026-09-29 01:42:04
수입,HONOR GLORY,2636W,20260830,HASLJ01260700444,HEUNG-A LOGISTICS CO LTD,SKHU6477864,40',45GP,I,2,1,26PCSLH013I,2026-09-29 01:42:04
수입,HONOR GLORY,2636W,20260830,HASLJ01260700451,HEUNG-A LOGISTICS CO LTD,HLHU8558232,40',45GP,I,2,1,26PCSLH013I,2026-09-29 01:42:04
수입,HONOR GLORY,2636W,20260830,HASLJ01260700735,JEONJU PAPER CORPORATION,HLHU8598744,40',45GP,I,2,1,26PCSLH013I,2026-09-29 01:42:04
수입,HONOR GLORY,2636W,20260830,HASLJ01260700735,JEONJU PAPER CORPORATION,SEGU4121606,40',45GP,I,2,1,26PCSLH013I,2026-09-29 01:42:04
수입,HONOR GLORY,2636W,20260830,HASLJ01260700735,JEONJU PAPER CORPORATION,SKHU6316936,40',45GP,I,2,1,26PCSLH013I,2026-09-29 01:42:04
수입,HONOR GLORY,2636W,20260830,HASLJ01260700823,SHINEMARK SPECIALTY FILMS LLC,SKLU2403901,20',22GP,I,1,1,26PCSLH013I,2026-09-29 01:42:04
수입,HONOR GLORY,2636W,20260830,HASLJ01260701107,POLARIS BIO COLTD,HALU2524306,20',22GP,I,1,1,26PCSLH013I,2026-09-29 01:42:04
수입,HONOR GLORY,2636W,20260830,HASLJ01260701239,UNICO LOGISTICS SEOUL,HLHU8118779,40',45GP,I,2,1,26PCSLH013I,2026-09-29 01:42:04
수입,HONOR GLORY,2636W,20260830,HASLJ01260701239,UNICO LOGISTICS SEOUL,HLHU8301347,40',45GP,I,2,1,26PCSLH013I,2026-09-29 01:42:04
수입,HONOR GLORY,2636W,20260830,HASLJ01260701239,UNICO LOGISTICS SEOUL,HLHU8325190,40',45GP,I,2,1,26PCSLH013I,2026-09-29 01:42:04
수입,HONOR GLORY,2636W,20260830,HASLJ01260701360,EO GLS COLTD,SKHU9804636,40',45GP,I,2,1,26PCSLH013I,2026-09-29 01:42:04
수입,HONOR GLORY,2636W,20260830,HASLJ01260701360,EO GLS COLTD,SKLU2434570,20',22GP,I,1,1,26PCSLH013I,2026-09-29 01:42:04
수입,HONOR GLORY,2636W,20260830,HASLJ01260701510,TT LOGISTIC LLC,HLHU8446525,40',45GP,T,2,1,26PCSLH013I,2026-09-29 01:42:04
수입,HONOR GLORY,2636W,20260830,HASLJ01260800282,KC LOGIX CO LTD,DKOU2402115,20',22TN,I,1,1,26PCSLH013I,2026-09-29 01:42:04
수입,HONOR GLORY,2636W,20260830,HASLJ01260800578,SHIPCO TRANSPORT COLTDRM501-2INNOPL,SKLU0567070,20',22GP,I,1,1,26PCSLH013I,2026-09-29 01:42:04
수입,HONOR GLORY,2636W,20260830,HASLJ01260800635,KUKBO LOGIX CO LTD,EXFU8221271,20',22TN,I,1,1,26PCSLH013I,2026-09-29 01:42:04
수입,HONOR GLORY,2636W,20260830,HASLJ01260800662,JAEURO SA CO LTD,EOLU8284343,20',22TN,I,1,1,26PCSLH013I,2026-09-29 01:42:04
수입,HONOR GLORY,2636W,20260830,HASLJ01260800762,HAN YOUNG SHIPPING CO LTD,HYSU1621029,20',22TN,I,1,1,26PCSLH013I,2026-09-29 01:42:04
수입,HONOR GLORY,2636W,20260830,HASLJ02260600284,MAXPEED CO LTD,HALU2325808,20',22GP,I,1,1,26PCSLH013I,2026-09-29 01:42:04
수입,HONOR GLORY,2636W,20260830,HASLJ02260700508,J-TWO LOGICSLTD,SKLU2414315,20',22GP,I,1,1,26PCSLH013I,2026-09-29 01:42:04
수입,HONOR GLORY,2636W,20260830,HASLJ02260700783,CHORUS LOGISTICS CO LTDSEL,HALU2581142,20',22GP,I,1,1,26PCSLH013I,2026-09-29 01:42:04
수입,HONOR GLORY,2636W,20260830,HASLJ02260800108,EG GREEN YANGSAN CO LTD,FCIU6240821,20',22GP,I,1,1,26PCSLH013I,2026-09-29 01:42:04
수입,HONOR GLORY,2636W,20260830,HASLJ02260800108,EG GREEN YANGSAN CO LTD,SKLU1446637,20',22GP,I,1,1,26PCSLH013I,2026-09-29 01:42:04
수입,HONOR GLORY,2636W,20260830,HASLJ02260800113,LS MNM INC,HALU2580341,20',22GP,I,1,1,26PCSLH013I,2026-09-29 01:42:04
수입,HONOR GLORY,2636W,20260830,HASLJ02260800300,CHEBOL LLC,SKHU6456500,40',45GP,T,2,1,26PCSLH013I,2026-09-29 01:42:04
수입,HONOR GLORY,2636W,20260830,HASLJ02260800509,HEUNG-A PUSAN,FBIU5091188,40',45RE,I,2,1,26PCSLH013I,2026-09-29 01:42:04
수입,HONOR GLORY,2636W,20260830,HASLJ02260800509,HEUNG-A PUSAN,FSCU5837283,40',45RE,I,2,1,26PCSLH013I,2026-09-29 01:42:04
수입,HONOR GLORY,2636W,20260830,HASLJ02260800509,HEUNG-A PUSAN,HALU8500955,40',45RE,I,2,1,26PCSLH013I,2026-09-29 01:42:04
수입,HONOR GLORY,2636W,20260830,HASLJ02260800509,HEUNG-A PUSAN,SKRU9908986,40',45RE,I,2,1,26PCSLH013I,2026-09-29 01:42:04
수입,HONOR GLORY,2636W,20260830,HASLJ02260800509,HEUNG-A PUSAN,TRIU6734344,20',22RE,I,1,1,26PCSLH013I,2026-09-29 01:42:04
수입,HONOR GLORY,2636W,20260830,HASLJ02260800509,HEUNG-A PUSAN,TRIU6760169,20',22RE,I,1,1,26PCSLH013I,2026-09-29 01:42:04
수입,HONOR GLORY,2636W,20260830,HASLJ02260800513,HEUNG-A PUSAN,GESU1227246,20',22GP,I,1,1,26PCSLH013I,2026-09-29 01:42:04
수입,HONOR GLORY,2636W,20260830,HASLJ02260800513,HEUNG-A PUSAN,HALU2077403,20',22GP,I,1,1,26PCSLH013I,2026-09-29 01:42:04
수입,HONOR GLORY,2636W,20260830,HASLJ02260800513,HEUNG-A PUSAN,HALU2107236,20',22GP,I,1,1,26PCSLH013I,2026-09-29 01:42:04
수입,HONOR GLORY,2636W,20260830,HASLJ02260800513,HEUNG-A PUSAN,SKLU1432166,20',22GP,I,1,1,26PCSLH013I,2026-09-29 01:42:04
수입,HONOR GLORY,2636W,20260830,HASLJ02260800513,HEUNG-A PUSAN,SKLU1622470,20',22GP,I,1,1,26PCSLH013I,2026-09-29 01:42:04
수입,HONOR GLORY,2636W,20260830,HASLJ02260800513,HEUNG-A PUSAN,SKLU1815519,20',22GP,I,1,1,26PCSLH013I,2026-09-29 01:42:04
수입,HONOR GLORY,2636W,20260830,HASLJ02260800513,HEUNG-A PUSAN,SKLU1948682,20',22GP,I,1,1,26PCSLH013I,2026-09-29 01:42:04
수입,HONOR GLORY,2636W,20260830,HASLJ02260800513,HEUNG-A PUSAN,SKLU2035878,20',22GP,I,1,1,26PCSLH013I,2026-09-29 01:42:04
수입,HONOR GLORY,2636W,20260830,HASLJ02260800513,HEUNG-A PUSAN,SKLU2402269,20',22GP,I,1,1,26PCSLH013I,2026-09-29 01:42:04
수입,HONOR GLORY,2636W,20260830,HASLJ02260800513,HEUNG-A PUSAN,TEMU4466121,20',22GP,I,1,1,26PCSLH013I,2026-09-29 01:42:04
수입,HONOR GLORY,2636W,20260830,HASLJ02260800643,HEUNG-A PUSAN,BEAU2513247,20',22GP,I,1,1,26PCSLH013I,2026-09-29 01:42:04
수입,HONOR GLORY,2636W,20260830,HASLJ02260800643,HEUNG-A PUSAN,HALU5700311,40',45GP,I,2,1,26PCSLH013I,2026-09-29 01:42:04
수입,HONOR GLORY,2636W,20260830,HASLJ02260800643,HEUNG-A PUSAN,HLHU8107265,40',45GP,I,2,1,26PCSLH013I,2026-09-29 01:42:04
수입,HONOR GLORY,2636W,20260830,HASLJ02260800643,HEUNG-A PUSAN,HLHU8207639,40',45GP,I,2,1,26PCSLH013I,2026-09-29 01:42:04
수입,HONOR GLORY,2636W,20260830,HASLJ02260800643,HEUNG-A PUSAN,HLHU8370456,40',45GP,I,2,1,26PCSLH013I,2026-09-29 01:42:04
수입,HONOR GLORY,2636W,20260830,HASLJ02260800643,HEUNG-A PUSAN,SKLU0702673,20',22GP,I,1,1,26PCSLH013I,2026-09-29 01:42:04
수입,HONOR GLORY,2636W,20260830,HASLJ02260800643,HEUNG-A PUSAN,SKLU0744956,20',22GP,I,1,1,26PCSLH013I,2026-09-29 01:42:04
수입,HONOR GLORY,2636W,20260830,HASLJ02260800643,HEUNG-A PUSAN,SKLU1323632,20',22GP,I,1,1,26PCSLH013I,2026-09-29 01:42:04
수입,HONOR GLORY,2636W,20260830,HASLJ02260800643,HEUNG-A PUSAN,SKLU1426950,20',22GP,I,1,1,26PCSLH013I,2026-09-29 01:42:04
수입,HONOR GLORY,2636W,20260830,HASLJ02260800643,HEUNG-A PUSAN,SKLU1505961,20',22GP,I,1,1,26PCSLH013I,2026-09-29 01:42:04
수입,HONOR GLORY,2636W,20260830,HASLJ02260800643,HEUNG-A PUSAN,SKLU1639153,20',22GP,I,1,1,26PCSLH013I,2026-09-29 01:42:04
수입,HONOR GLORY,2636W,20260830,HASLJ02260800643,HEUNG-A PUSAN,SKLU1639908,20',22GP,I,1,1,26PCSLH013I,2026-09-29 01:42:04
수입,HONOR GLORY,2636W,20260830,HASLJ02260800643,HEUNG-A PUSAN,SKLU1953360,20',22GP,I,1,1,26PCSLH013I,2026-09-29 01:42:04
수입,HONOR GLORY,2636W,20260830,HASLJ02260800643,HEUNG-A PUSAN,SKLU1996741,20',22GP,I,1,1,26PCSLH013I,2026-09-29 01:42:04
수입,HONOR GLORY,2636W,20260830,HASLJ02260800643,HEUNG-A PUSAN,SKLU2322923,20',22GP,I,1,1,26PCSLH013I,2026-09-29 01:42:04
수입,HONOR OCEAN,1075,20260830,HASLJ01260601087,TO THE ORDER OF IM BANK SEOUL,SKHU9940777,40',45GP,I,2,1,26POBUVJ75I,2026-09-29 01:42:04
수입,HONOR OCEAN,1075,20260830,HASLJ01260700148,HANKYU HANSHIN EXPRESS KOREA CO,SKLU0700900,20',22GP,I,1,1,26POBUVJ75I,2026-09-29 01:42:04
수입,HONOR OCEAN,1075,20260830,HASLJ01260700426,PANSTAR COLTDON BEHALF OF,SKLU1994559,20',22GP,I,1,1,26POBUVJ75I,2026-09-29 01:42:04
수입,HONOR OCEAN,1075,20260830,HASLJ01260700427,PANSTAR COLTDON BEHALF OF,DFSU1453089,20',22GP,I,1,1,26POBUVJ75I,2026-09-29 01:42:04
수입,HONOR OCEAN,1075,20260830,HASLJ01260700428,PANSTAR COLTDON BEHALF OF,GCXU2423088,20',22GP,I,1,1,26POBUVJ75I,2026-09-29 01:42:04
수입,HONOR OCEAN,1075,20260830,HASLJ01260700445,HEUNG-A LOGISTICS CO LTD,HALU2570981,20',22GP,I,1,1,26POBUVJ75I,2026-09-29 01:42:04
수입,HONOR OCEAN,1075,20260830,HASLJ01260700452,HEUNG-A LOGISTICS CO LTD,SKHU8713906,40',45GP,I,2,1,26POBUVJ75I,2026-09-29 01:42:04
수입,HONOR OCEAN,1075,20260830,HASLJ01260700548,HAN SUNG CHARITY COLTD,SEGU5138835,40',45GP,I,2,1,26POBUVJ75I,2026-09-29 01:42:04
수입,HONOR OCEAN,1075,20260830,HASLJ01260700731,GAON LOGIX COLTD,SKLU2468060,20',22GP,I,1,1,26POBUVJ75I,2026-09-29 01:42:04
수입,HONOR OCEAN,1075,20260830,HASLJ01260700736,JEONJU PAPER CORPORATION,HLHU8368633,40',45GP,I,2,1,26POBUVJ75I,2026-09-29 01:42:04
수입,HONOR OCEAN,1075,20260830,HASLJ01260700736,JEONJU PAPER CORPORATION,HLHU8454773,40',45GP,I,2,1,26POBUVJ75I,2026-09-29 01:42:04
수입,HONOR OCEAN,1075,20260830,HASLJ01260700736,JEONJU PAPER CORPORATION,SKHU6326148,40',45GP,I,2,1,26POBUVJ75I,2026-09-29 01:42:04
수입,HONOR OCEAN,1075,20260830,HASLJ01260700736,JEONJU PAPER CORPORATION,SKHU9423183,40',45GP,I,2,1,26POBUVJ75I,2026-09-29 01:42:04
수입,HONOR OCEAN,1075,20260830,HASLJ01260700736,JEONJU PAPER CORPORATION,SKHU9624104,40',45GP,I,2,1,26POBUVJ75I,2026-09-29 01:42:04
수입,HONOR OCEAN,1075,20260830,HASLJ01260700995,NRS LOGISTICS KOREA CO LTD,EXFU0728470,20',22TN,I,1,1,26POBUVJ75I,2026-09-29 01:42:04
수입,HONOR OCEAN,1075,20260830,HASLJ01260700995,NRS LOGISTICS KOREA CO LTD,EXFU5597265,20',22TN,I,1,1,26POBUVJ75I,2026-09-29 01:42:04
수입,HONOR OCEAN,1075,20260830,HASLJ01260700995,NRS LOGISTICS KOREA CO LTD,GMCU2106686,20',22TN,I,1,1,26POBUVJ75I,2026-09-29 01:42:04
수입,HONOR OCEAN,1075,20260830,HASLJ01260701450,LX PANTOS CO LTD,SKHU6580574,40',45GP,I,2,1,26POBUVJ75I,2026-09-29 01:42:04
수입,HONOR OCEAN,1075,20260830,HASLJ01260701511,TT LOGISTIC LLC,SKHU6501615,40',45GP,T,2,1,26POBUVJ75I,2026-09-29 01:42:04
수입,HONOR OCEAN,1075,20260830,HASLJ01260800530,INDIVIDUAL ENTREPRENEUR,SKLU2074344,20',22GP,T,1,1,26POBUVJ75I,2026-09-29 01:42:04
수입,HONOR OCEAN,1075,20260830,HASLJ01260800581,SHIPCO TRANSPORT COLTD,HLHU8503800,40',45GP,I,2,1,26POBUVJ75I,2026-09-29 01:42:04
수입,HONOR OCEAN,1075,20260830,HASLJ02260600285,MAXPEED CO LTD,SKHU9416224,40',45GP,I,2,1,26POBUVJ75I,2026-09-29 01:42:04
수입,HONOR OCEAN,1075,20260830,HASLJ02260700353,GREEN GLOBE LINE CO LTD,HALU2564525,20',22GP,I,1,1,26POBUVJ75I,2026-09-29 01:42:04
수입,HONOR OCEAN,1075,20260830,HASLJ02260700353,GREEN GLOBE LINE CO LTD,HLHU8548553,40',45GP,I,2,1,26POBUVJ75I,2026-09-29 01:42:04
수입,HONOR OCEAN,1075,20260830,HASLJ02260700354,GREEN GLOBE LINE COLTD,SKHU6520404,40',45GP,I,2,1,26POBUVJ75I,2026-09-29 01:42:04
수입,HONOR OCEAN,1075,20260830,HASLJ02260700354,GREEN GLOBE LINE COLTD,SKHU8910356,40',45GP,I,2,1,26POBUVJ75I,2026-09-29 01:42:04
수입,HONOR OCEAN,1075,20260830,HASLJ02260700377,HYUNDAI GLOVILLE COLTD,HALU2458966,20',22GP,I,1,1,26POBUVJ75I,2026-09-29 01:42:04
수입,HONOR OCEAN,1075,20260830,HASLJ02260700444,MC EXPRESS INTERNATIONAL CO LTD,HLHU8422349,40',45GP,I,2,1,26POBUVJ75I,2026-09-29 01:42:04
수입,HONOR OCEAN,1075,20260830,HASLJ02260700444,MC EXPRESS INTERNATIONAL CO LTD,SKHU9513271,40',45GP,I,2,1,26POBUVJ75I,2026-09-29 01:42:04
수입,HONOR OCEAN,1075,20260830,HASLJ02260700860,KUKBO EXPRESS CO LTDSEOUL OFFICE,DFSU1995367,20',22GP,I,1,1,26POBUVJ75I,2026-09-29 01:42:04
수입,HONOR OCEAN,1075,20260830,HASLJ02260700896,ASUNGHMP COLTD,SKHU8903629,40',45GP,I,2,1,26POBUVJ75I,2026-09-29 01:42:04
수입,HONOR OCEAN,1075,20260830,HASLJ02260700897,ASUNGHMP COLTD,HLHU8584210,40',45GP,I,2,1,26POBUVJ75I,2026-09-29 01:42:04
수입,HONOR OCEAN,1075,20260830,HASLJ02260800069,SAMRI CO LTD,SKLU2493757,20',22GP,I,1,1,26POBUVJ75I,2026-09-29 01:42:04
수입,HONOR OCEAN,1075,20260830,HASLJ02260800088,ROHLIG KOREA LTD,SKLU2424993,20',22GP,I,1,1,26POBUVJ75I,2026-09-29 01:42:04
수입,HONOR OCEAN,1075,20260830,HASLJ02260800097,STAR GLOBAL LOGISTICS CO LTD,HALU2531840,20',22GP,I,1,1,26POBUVJ75I,2026-09-29 01:42:04
수입,HONOR OCEAN,1075,20260830,HASLJ02260800109,KUKBO EXPRESS CO LTDSEOUL OFFICE,HLHU6418247,40',45GP,I,2,1,26POBUVJ75I,2026-09-29 01:42:04
수입,HONOR OCEAN,1075,20260830,HASLJ02260800740,HEUNG-A PUSAN,HALU2035882,20',22GP,I,1,1,26POBUVJ75I,2026-09-29 01:42:04
수입,HONOR OCEAN,1075,20260830,HASLJ02260800740,HEUNG-A PUSAN,SKLU0739899,20',22GP,I,1,1,26POBUVJ75I,2026-09-29 01:42:04
수입,HONOR OCEAN,1075,20260830,HASLJ02260800740,HEUNG-A PUSAN,SKLU1600254,20',22GP,I,1,1,26POBUVJ75I,2026-09-29 01:42:04
수입,HONOR OCEAN,1075,20260830,HASLJ02260800740,HEUNG-A PUSAN,SKLU2055160,20',22GP,I,1,1,26POBUVJ75I,2026-09-29 01:42:04
수입,HONOR OCEAN,1075,20260830,HASLJ02260800740,HEUNG-A PUSAN,SKLU2057028,20',22GP,I,1,1,26POBUVJ75I,2026-09-29 01:42:04
수입,HONOR OCEAN,1075,20260830,HASLJ02260800740,HEUNG-A PUSAN,TRHU2866797,20',22GP,I,1,1,26POBUVJ75I,2026-09-29 01:42:04
수입,HONOR OCEAN,1075,20260830,HASLJ02260800813,ASUNGHMP COLTD,SKHU8903629,40',45GP,I,2,1,26POBUVJ75I,2026-09-29 01:42:04
수입,HONOR OCEAN,1075,20260830,HASLJ02260800814,ASUNGHMP COLTD,HLHU8584210,40',45GP,I,2,1,26POBUVJ75I,2026-09-29 01:42:04
수입,MOJI EXPRESS,2652W,20260830,HASLJ01260700458,ZHEJIANG XINNA NEW CERAMIC,SKLU2120769,20',22GP,T,1,1,26SNKO3166I,2026-09-29 01:42:04
수입,MOJI EXPRESS,2652W,20260830,HASLJ01260700458,ZHEJIANG XINNA NEW CERAMIC,SKLU3500357,20',22GP,T,1,1,26SNKO3166I,2026-09-29 01:42:04
수입,MOJI EXPRESS,2652W,20260830,HASLJ01260701190,THE BRANCH OF MALAYA-VIETNAM GLASS,SKLU1948804,20',22GP,T,1,1,26SNKO3166I,2026-09-29 01:42:04
수입,MOJI EXPRESS,2652W,20260830,HASLJ01260701855,ISA COMPANY LTD,GESU8063777,20',22TN,I,1,1,26SNKO3166I,2026-09-29 01:42:04
수입,MOJI EXPRESS,2652W,20260830,HASLJ01260800007,TO ORDER,BMOU5939903,40',45GP,T,2,1,26SNKO3166I,2026-09-29 01:42:04
수입,MOJI EXPRESS,2652W,20260830,HASLJ01260800007,TO ORDER,BXAU4556842,40',45GP,T,2,1,26SNKO3166I,2026-09-29 01:42:04
수입,MOJI EXPRESS,2652W,20260830,HASLJ01260800007,TO ORDER,FCIU7013247,40',45GP,T,2,1,26SNKO3166I,2026-09-29 01:42:04
수입,MOJI EXPRESS,2652W,20260830,HASLJ01260800007,TO ORDER,HLHU8330113,40',45GP,T,2,1,26SNKO3166I,2026-09-29 01:42:04
수입,MOJI EXPRESS,2652W,20260830,HASLJ01260800007,TO ORDER,HLHU8545750,40',45GP,T,2,1,26SNKO3166I,2026-09-29 01:42:04
수입,MOJI EXPRESS,2652W,20260830,HASLJ01260800007,TO ORDER,HLHU8560190,40',45GP,T,2,1,26SNKO3166I,2026-09-29 01:42:04
수입,MOJI EXPRESS,2652W,20260830,HASLJ01260800007,TO ORDER,SEKU4429173,40',45GP,T,2,1,26SNKO3166I,2026-09-29 01:42:04
수입,MOJI EXPRESS,2652W,20260830,HASLJ01260800007,TO ORDER,SKHU6336589,40',45GP,T,2,1,26SNKO3166I,2026-09-29 01:42:04
수입,MOJI EXPRESS,2652W,20260830,HASLJ01260800007,TO ORDER,SKHU6386933,40',45GP,T,2,1,26SNKO3166I,2026-09-29 01:42:04
수입,MOJI EXPRESS,2652W,20260830,HASLJ01260800007,TO ORDER,SKHU6441434,40',45GP,T,2,1,26SNKO3166I,2026-09-29 01:42:04
수입,MOJI EXPRESS,2652W,20260830,HASLJ01260800007,TO ORDER,SKHU6514952,40',45GP,T,2,1,26SNKO3166I,2026-09-29 01:42:04
수입,MOJI EXPRESS,2652W,20260830,HASLJ01260800007,TO ORDER,SKHU6559704,40',45GP,T,2,1,26SNKO3166I,2026-09-29 01:42:04
수입,MOJI EXPRESS,2652W,20260830,HASLJ01260800007,TO ORDER,SKHU6571823,40',45GP,T,2,1,26SNKO3166I,2026-09-29 01:42:04
수입,MOJI EXPRESS,2652W,20260830,HASLJ01260800007,TO ORDER,SKHU8422304,40',45GP,T,2,1,26SNKO3166I,2026-09-29 01:42:04
수입,MOJI EXPRESS,2652W,20260830,HASLJ01260800007,TO ORDER,SKHU8423656,40',45GP,T,2,1,26SNKO3166I,2026-09-29 01:42:04
수입,MOJI EXPRESS,2652W,20260830,HASLJ01260800007,TO ORDER,SKHU9960562,40',45GP,T,2,1,26SNKO3166I,2026-09-29 01:42:04
수입,MOJI EXPRESS,2652W,20260830,HASLJ01260800008,TO ORDER,BMOU5403839,40',45GP,T,2,1,26SNKO3166I,2026-09-29 01:42:04
수입,MOJI EXPRESS,2652W,20260830,HASLJ01260800008,TO ORDER,HLHU8376583,40',45GP,T,2,1,26SNKO3166I,2026-09-29 01:42:04
수입,MOJI EXPRESS,2652W,20260830,HASLJ01260800008,TO ORDER,SKHU8427796,40',45GP,T,2,1,26SNKO3166I,2026-09-29 01:42:04
수입,MOJI EXPRESS,2652W,20260830,HASLJ01260800008,TO ORDER,SKHU9628959,40',45GP,T,2,1,26SNKO3166I,2026-09-29 01:42:04
수입,MOJI EXPRESS,2652W,20260830,HASLJ01260800204,ASAHI KASEI PLASTICS SHANGHAI,HALU2559787,20',22GP,T,1,1,26SNKO3166I,2026-09-29 01:42:04
수입,MOJI EXPRESS,2652W,20260830,HASLJ01260800204,ASAHI KASEI PLASTICS SHANGHAI,HALU2559914,20',22GP,T,1,1,26SNKO3166I,2026-09-29 01:42:04
수입,MOJI EXPRESS,2652W,20260830,HASLJ01260800204,ASAHI KASEI PLASTICS SHANGHAI,SKLU2485469,20',22GP,T,1,1,26SNKO3166I,2026-09-29 01:42:04
수입,MOJI EXPRESS,2652W,20260830,HASLJ01260800206,ASAHI KASEI PLASTICS SHANGHAI,HALU2091823,20',22GP,T,1,1,26SNKO3166I,2026-09-29 01:42:04
수입,MOJI EXPRESS,2652W,20260830,HASLJ01260800206,ASAHI KASEI PLASTICS SHANGHAI,HALU2559853,20',22GP,T,1,1,26SNKO3166I,2026-09-29 01:42:04
수입,MOJI EXPRESS,2652W,20260830,HASLJ01260800206,ASAHI KASEI PLASTICS SHANGHAI,SKLU2117750,20',22GP,T,1,1,26SNKO3166I,2026-09-29 01:42:04
수입,MOJI EXPRESS,2652W,20260830,HASLJ01260800206,ASAHI KASEI PLASTICS SHANGHAI,SKLU2359856,20',22GP,T,1,1,26SNKO3166I,2026-09-29 01:42:04
수입,MOJI EXPRESS,2652W,20260830,HASLJ01260800206,ASAHI KASEI PLASTICS SHANGHAI,SKLU2465056,20',22GP,T,1,1,26SNKO3166I,2026-09-29 01:42:04
수입,MOJI EXPRESS,2652W,20260830,HASLJ01260800206,ASAHI KASEI PLASTICS SHANGHAI,SKLU3514659,20',22GP,T,1,1,26SNKO3166I,2026-09-29 01:42:04
수입,MOJI EXPRESS,2652W,20260830,HASLJ01260800209,HANKYU HANSHIN EXPRESSSHANGHAI CO,HALU2401929,20',22GP,T,1,1,26SNKO3166I,2026-09-29 01:42:04
수입,MOJI EXPRESS,2652W,20260830,HASLJ01260800234,NAGASE SINGAPORE PTE LTD,SKLU2488323,20',22GP,T,1,1,26SNKO3166I,2026-09-29 01:42:04
수입,MOJI EXPRESS,2652W,20260830,HASLJ01260800436,KINTETSU WORLD EXPRESS CHINA CO,HALU2410432,20',22GP,T,1,1,26SNKO3166I,2026-09-29 01:42:04
수입,MOJI EXPRESS,2652W,20260830,HASLJ01260800436,KINTETSU WORLD EXPRESS CHINA CO,HALU2564865,20',22GP,T,1,1,26SNKO3166I,2026-09-29 01:42:04
수입,MOJI EXPRESS,2652W,20260830,HASLJ01260800487,CHUN JEE SHIPPING COLTD,SKHU6537048,40',45GP,I,2,1,26SNKO3166I,2026-09-29 01:42:04
수입,MOJI EXPRESS,2652W,20260830,HASLJ01260800487,CHUN JEE SHIPPING COLTD,SKHU8113922,40',45GP,I,2,1,26SNKO3166I,2026-09-29 01:42:04
수입,MOJI EXPRESS,2652W,20260830,HASLJ01260800574,KINTETSU WORLD EXPRESS CHINA CO,HALU2354468,20',22GP,T,1,1,26SNKO3166I,2026-09-29 01:42:04
수입,MOJI EXPRESS,2652W,20260830,HASLJ01260800574,KINTETSU WORLD EXPRESS CHINA CO,HALU2519001,20',22GP,T,1,1,26SNKO3166I,2026-09-29 01:42:04
수입,MOJI EXPRESS,2652W,20260830,HASLJ01260800574,KINTETSU WORLD EXPRESS CHINA CO,HALU2556094,20',22GP,T,1,1,26SNKO3166I,2026-09-29 01:42:04
수입,MOJI EXPRESS,2652W,20260830,HASLJ01260800574,KINTETSU WORLD EXPRESS CHINA CO,HALU2567653,20',22GP,T,1,1,26SNKO3166I,2026-09-29 01:42:04
수입,MOJI EXPRESS,2652W,20260830,HASLJ02260600621,HANSUNG SHIPPING COLTD,SKHU8902999,40',45GP,I,2,1,26SNKO3166I,2026-09-29 01:42:04
수입,MOJI EXPRESS,2652W,20260830,HASLJ02260700885,LX PANTOS CO LTD,HLHU8392244,40',45GP,I,2,1,26SNKO3166I,2026-09-29 01:42:04
수입,MOJI EXPRESS,2652W,20260830,HASLJ02260700885,LX PANTOS CO LTD,HLHU8556353,40',45GP,I,2,1,26SNKO3166I,2026-09-29 01:42:04
수입,MOJI EXPRESS,2652W,20260830,HASLJ02260800060,LX PANTOS CO LTD,HALU5669155,40',45GP,I,2,1,26SNKO3166I,2026-09-29 01:42:04
수입,MOJI EXPRESS,2652W,20260830,HASLJ02260800060,LX PANTOS CO LTD,HLHU8543485,40',45GP,I,2,1,26SNKO3166I,2026-09-29 01:42:04
수입,MOJI EXPRESS,2652W,20260830,HASLJ02260800060,LX PANTOS CO LTD,SKHU8726396,40',45GP,I,2,1,26SNKO3166I,2026-09-29 01:42:04
수입,MOJI EXPRESS,2652W,20260830,HASLJ02260800061,LX PANTOS CO LTD,TRHU6244180,40',45GP,I,2,1,26SNKO3166I,2026-09-29 01:42:04
수입,MOJI EXPRESS,2652W,20260830,HASLJ02260800117,NIPPON EXPRESS GLOBAL LOGISTICS,HALU5643973,40',45GP,T,2,1,26SNKO3166I,2026-09-29 01:42:04
수입,MOJI EXPRESS,2652W,20260830,HASLJ02260800117,NIPPON EXPRESS GLOBAL LOGISTICS,HALU5669026,40',45GP,T,2,1,26SNKO3166I,2026-09-29 01:42:04
수입,MOJI EXPRESS,2652W,20260830,HASLJ02260800117,NIPPON EXPRESS GLOBAL LOGISTICS,HLHU6414914,40',45GP,T,2,1,26SNKO3166I,2026-09-29 01:42:04
수입,MOJI EXPRESS,2652W,20260830,HASLJ02260800117,NIPPON EXPRESS GLOBAL LOGISTICS,HLHU8204706,40',45GP,T,2,1,26SNKO3166I,2026-09-29 01:42:04
수입,MOJI EXPRESS,2652W,20260830,HASLJ02260800117,NIPPON EXPRESS GLOBAL LOGISTICS,SEGU4464441,40',45GP,T,2,1,26SNKO3166I,2026-09-29 01:42:04
수입,MOJI EXPRESS,2652W,20260830,HASLJ02260800117,NIPPON EXPRESS GLOBAL LOGISTICS,SKHU6302470,40',45GP,T,2,1,26SNKO3166I,2026-09-29 01:42:04
수입,MOJI EXPRESS,2652W,20260830,HASLJ02260800117,NIPPON EXPRESS GLOBAL LOGISTICS,SKHU6461934,40',45GP,T,2,1,26SNKO3166I,2026-09-29 01:42:04
수입,MOJI EXPRESS,2652W,20260830,HASLJ02260800117,NIPPON EXPRESS GLOBAL LOGISTICS,SKHU8926732,40',45GP,T,2,1,26SNKO3166I,2026-09-29 01:42:04
수입,MOJI EXPRESS,2652W,20260830,HASLJ02260800117,NIPPON EXPRESS GLOBAL LOGISTICS,SKHU9607370,40',45GP,T,2,1,26SNKO3166I,2026-09-29 01:42:04
수입,MOJI EXPRESS,2652W,20260830,HASLJ55260800008,HEUNG A LINE COLTD,SKHU6473663,40',45GP,I,2,1,26SNKO3166I,2026-09-29 01:42:04
수입,MOJI EXPRESS,2652W,20260830,HASLJ55260800008,HEUNG A LINE COLTD,SKHU9210845,40',45GP,I,2,1,26SNKO3166I,2026-09-29 01:42:04
수입,MOJI EXPRESS,2652W,20260830,HASLJ5J260800005,HEUNG A LINE COLTD,SKLU1318894,20',22GP,I,1,1,26SNKO3166I,2026-09-29 01:42:04
수입,MOJI EXPRESS,2652W,20260830,HASLJ5J260800005,HEUNG A LINE COLTD,TGCU2412011,20',22GP,I,1,1,26SNKO3166I,2026-09-29 01:42:04
수입,NINGBO TRADER,9022S,20260830,HASLR01260800009,PETER BEAR TRADING CO LTD,HALU5660100,40',45GP,T,2,1,26SNKO3230I,2026-09-29 01:42:04
수입,NINGBO TRADER,9022S,20260830,HASLR01260800009,PETER BEAR TRADING CO LTD,SEKU4977182,40',45GP,T,2,1,26SNKO3230I,2026-09-29 01:42:04
수입,NINGBO TRADER,9022S,20260830,HASLR01260800099,SHIMURA CORPORATION,HALU5674953,40',45GP,T,2,1,26SNKO3230I,2026-09-29 01:42:04
수입,NINGBO TRADER,9022S,20260830,HASLR01260800099,SHIMURA CORPORATION,TRHU6255672,40',45GP,T,2,1,26SNKO3230I,2026-09-29 01:42:04
수입,NINGBO TRADER,9022S,20260830,HASLR01260800100,SHIMURA CORPORATION,SKHU9618040,40',45GP,T,2,1,26SNKO3230I,2026-09-29 01:42:04
수입,NINGBO TRADER,9022S,20260830,HASLR01260800101,EMACHU MOKUZAI CO LTD,HLHU8506706,40',45GP,T,2,1,26SNKO3230I,2026-09-29 01:42:04
수입,NINGBO TRADER,9022S,20260830,HASLR01260800116,SHANGHAI SHENWEI INTERNATIONAL,SKLU1612110,20',22GP,T,1,1,26SNKO3230I,2026-09-29 01:42:04
수입,NINGBO TRADER,9022S,20260830,HASLR01260800116,SHANGHAI SHENWEI INTERNATIONAL,SKLU3508281,20',22GP,T,1,1,26SNKO3230I,2026-09-29 01:42:04
수입,NINGBO TRADER,9022S,20260830,HASLR01260800175,SHANGHAI SHENWEI INTERNATIONAL,SKLU2061183,20',22GP,T,1,1,26SNKO3230I,2026-09-29 01:42:04
수입,NINGBO TRADER,9022S,20260830,HASLR01260800175,SHANGHAI SHENWEI INTERNATIONAL,UETU2423852,20',22GP,T,1,1,26SNKO3230I,2026-09-29 01:42:04
수입,NINGBO TRADER,9022S,20260830,HASLR01260800219,HEUNG-A LINE CO LTD,BEAU2989634,20',22GP,I,1,1,26SNKO3230I,2026-09-29 01:42:04
수입,NINGBO TRADER,9022S,20260830,HASLR01260800219,HEUNG-A LINE CO LTD,BEAU2992577,20',22GP,I,1,1,26SNKO3230I,2026-09-29 01:42:04
수입,NINGBO TRADER,9022S,20260830,HASLR01260800219,HEUNG-A LINE CO LTD,BEAU2993059,20',22GP,I,1,1,26SNKO3230I,2026-09-29 01:42:04
수입,NINGBO TRADER,9022S,20260830,HASLR01260800219,HEUNG-A LINE CO LTD,FBIU0280255,20',22GP,I,1,1,26SNKO3230I,2026-09-29 01:42:04
수입,NINGBO TRADER,9022S,20260830,HASLR01260800219,HEUNG-A LINE CO LTD,FBLU0225062,40',45GP,I,2,1,26SNKO3230I,2026-09-29 01:42:04
수입,NINGBO TRADER,9022S,20260830,HASLR01260800219,HEUNG-A LINE CO LTD,FCIU6059618,20',22GP,I,1,1,26SNKO3230I,2026-09-29 01:42:04
수입,NINGBO TRADER,9022S,20260830,HASLR01260800219,HEUNG-A LINE CO LTD,FCIU7260859,40',45GP,I,2,1,26SNKO3230I,2026-09-29 01:42:04
수입,NINGBO TRADER,9022S,20260830,HASLR01260800219,HEUNG-A LINE CO LTD,FCIU7282077,40',45GP,I,2,1,26SNKO3230I,2026-09-29 01:42:04
수입,NINGBO TRADER,9022S,20260830,HASLR01260800219,HEUNG-A LINE CO LTD,GCXU5061038,40',45GP,I,2,1,26SNKO3230I,2026-09-29 01:42:04
수입,NINGBO TRADER,9022S,20260830,HASLR01260800219,HEUNG-A LINE CO LTD,GCXU6012228,40',45GP,I,2,1,26SNKO3230I,2026-09-29 01:42:04
수입,NINGBO TRADER,9022S,20260830,HASLR01260800219,HEUNG-A LINE CO LTD,HALU2028986,20',22GP,I,1,1,26SNKO3230I,2026-09-29 01:42:04
수입,NINGBO TRADER,9022S,20260830,HASLR01260800219,HEUNG-A LINE CO LTD,HALU2057670,20',22GP,I,1,1,26SNKO3230I,2026-09-29 01:42:04
수입,NINGBO TRADER,9022S,20260830,HASLR01260800219,HEUNG-A LINE CO LTD,HALU2106712,20',22GP,I,1,1,26SNKO3230I,2026-09-29 01:42:04
수입,NINGBO TRADER,9022S,20260830,HASLR01260800219,HEUNG-A LINE CO LTD,HALU2362967,20',22GP,I,1,1,26SNKO3230I,2026-09-29 01:42:04
수입,NINGBO TRADER,9022S,20260830,HASLR01260800219,HEUNG-A LINE CO LTD,HALU2410725,20',22GP,I,1,1,26SNKO3230I,2026-09-29 01:42:04
수입,NINGBO TRADER,9022S,20260830,HASLR01260800219,HEUNG-A LINE CO LTD,HALU2582679,20',22GP,I,1,1,26SNKO3230I,2026-09-29 01:42:04
수입,NINGBO TRADER,9022S,20260830,HASLR01260800219,HEUNG-A LINE CO LTD,HALU5647794,40',45GP,I,2,1,26SNKO3230I,2026-09-29 01:42:04
수입,NINGBO TRADER,9022S,20260830,HASLR01260800219,HEUNG-A LINE CO LTD,HALU5698404,40',45GP,I,2,1,26SNKO3230I,2026-09-29 01:42:04
수입,NINGBO TRADER,9022S,20260830,HASLR01260800219,HEUNG-A LINE CO LTD,HLHU6404829,40',45GP,I,2,1,26SNKO3230I,2026-09-29 01:42:04
수입,NINGBO TRADER,9022S,20260830,HASLR01260800219,HEUNG-A LINE CO LTD,HLHU8111223,40',45GP,I,2,1,26SNKO3230I,2026-09-29 01:42:04
수입,NINGBO TRADER,9022S,20260830,HASLR01260800219,HEUNG-A LINE CO LTD,HLHU8111861,40',45GP,I,2,1,26SNKO3230I,2026-09-29 01:42:04
수입,NINGBO TRADER,9022S,20260830,HASLR01260800219,HEUNG-A LINE CO LTD,HLHU8112385,40',45GP,I,2,1,26SNKO3230I,2026-09-29 01:42:04
수입,NINGBO TRADER,9022S,20260830,HASLR01260800219,HEUNG-A LINE CO LTD,HLHU8119219,40',45GP,I,2,1,26SNKO3230I,2026-09-29 01:42:04
수입,NINGBO TRADER,9022S,20260830,HASLR01260800219,HEUNG-A LINE CO LTD,HLHU8300994,40',45GP,I,2,1,26SNKO3230I,2026-09-29 01:42:04
수입,NINGBO TRADER,9022S,20260830,HASLR01260800219,HEUNG-A LINE CO LTD,HLHU8322334,40',45GP,I,2,1,26SNKO3230I,2026-09-29 01:42:04
수입,NINGBO TRADER,9022S,20260830,HASLR01260800219,HEUNG-A LINE CO LTD,HLHU8342325,40',45GP,I,2,1,26SNKO3230I,2026-09-29 01:42:04
수입,NINGBO TRADER,9022S,20260830,HASLR01260800219,HEUNG-A LINE CO LTD,HLHU8352982,40',45GP,I,2,1,26SNKO3230I,2026-09-29 01:42:04
수입,NINGBO TRADER,9022S,20260830,HASLR01260800219,HEUNG-A LINE CO LTD,HLHU8367827,40',45GP,I,2,1,26SNKO3230I,2026-09-29 01:42:04
수입,NINGBO TRADER,9022S,20260830,HASLR01260800219,HEUNG-A LINE CO LTD,HLHU8376006,40',45GP,I,2,1,26SNKO3230I,2026-09-29 01:42:04
수입,NINGBO TRADER,9022S,20260830,HASLR01260800219,HEUNG-A LINE CO LTD,HLHU8561811,40',45GP,I,2,1,26SNKO3230I,2026-09-29 01:42:04
수입,NINGBO TRADER,9022S,20260830,HASLR01260800219,HEUNG-A LINE CO LTD,HLHU8600522,40',45GP,I,2,1,26SNKO3230I,2026-09-29 01:42:04
수입,NINGBO TRADER,9022S,20260830,HASLR01260800219,HEUNG-A LINE CO LTD,KMLU2204002,20',22GP,I,1,1,26SNKO3230I,2026-09-29 01:42:04
수입,NINGBO TRADER,9022S,20260830,HASLR01260800219,HEUNG-A LINE CO LTD,SEGU4168877,40',45GP,I,2,1,26SNKO3230I,2026-09-29 01:42:04
수입,NINGBO TRADER,9022S,20260830,HASLR01260800219,HEUNG-A LINE CO LTD,SEGU7339000,40',42UT,I,2,1,26SNKO3230I,2026-09-29 01:42:04
수입,NINGBO TRADER,9022S,20260830,HASLR01260800219,HEUNG-A LINE CO LTD,SEGU7339741,40',42UT,I,2,1,26SNKO3230I,2026-09-29 01:42:04
수입,NINGBO TRADER,9022S,20260830,HASLR01260800219,HEUNG-A LINE CO LTD,SKHU6360501,40',45GP,I,2,1,26SNKO3230I,2026-09-29 01:42:04
수입,NINGBO TRADER,9022S,20260830,HASLR01260800219,HEUNG-A LINE CO LTD,SKHU6361051,40',45GP,I,2,1,26SNKO3230I,2026-09-29 01:42:04
수입,NINGBO TRADER,9022S,20260830,HASLR01260800219,HEUNG-A LINE CO LTD,SKHU6369089,40',45GP,I,2,1,26SNKO3230I,2026-09-29 01:42:04
수입,NINGBO TRADER,9022S,20260830,HASLR01260800219,HEUNG-A LINE CO LTD,SKHU6381103,40',45GP,I,2,1,26SNKO3230I,2026-09-29 01:42:04
수입,NINGBO TRADER,9022S,20260830,HASLR01260800219,HEUNG-A LINE CO LTD,SKHU6386342,40',45GP,I,2,1,26SNKO3230I,2026-09-29 01:42:04
수입,NINGBO TRADER,9022S,20260830,HASLR01260800219,HEUNG-A LINE CO LTD,SKHU6427478,40',45GP,I,2,1,26SNKO3230I,2026-09-29 01:42:04
수입,NINGBO TRADER,9022S,20260830,HASLR01260800219,HEUNG-A LINE CO LTD,SKHU6457148,40',45GP,I,2,1,26SNKO3230I,2026-09-29 01:42:04
수입,NINGBO TRADER,9022S,20260830,HASLR01260800219,HEUNG-A LINE CO LTD,SKHU6480050,40',45GP,I,2,1,26SNKO3230I,2026-09-29 01:42:04
수입,NINGBO TRADER,9022S,20260830,HASLR01260800219,HEUNG-A LINE CO LTD,SKHU6543293,40',45GP,I,2,1,26SNKO3230I,2026-09-29 01:42:04
수입,NINGBO TRADER,9022S,20260830,HASLR01260800219,HEUNG-A LINE CO LTD,SKHU8706511,40',45GP,I,2,1,26SNKO3230I,2026-09-29 01:42:04
수입,NINGBO TRADER,9022S,20260830,HASLR01260800219,HEUNG-A LINE CO LTD,SKHU8723458,40',45GP,I,2,1,26SNKO3230I,2026-09-29 01:42:04
수입,NINGBO TRADER,9022S,20260830,HASLR01260800219,HEUNG-A LINE CO LTD,SKHU8916143,40',45GP,I,2,1,26SNKO3230I,2026-09-29 01:42:04
수입,NINGBO TRADER,9022S,20260830,HASLR01260800219,HEUNG-A LINE CO LTD,SKHU8916586,40',45GP,I,2,1,26SNKO3230I,2026-09-29 01:42:04
수입,NINGBO TRADER,9022S,20260830,HASLR01260800219,HEUNG-A LINE CO LTD,SKHU8926516,40',45GP,I,2,1,26SNKO3230I,2026-09-29 01:42:04
수입,NINGBO TRADER,9022S,20260830,HASLR01260800219,HEUNG-A LINE CO LTD,SKHU8939529,40',45GP,I,2,1,26SNKO3230I,2026-09-29 01:42:04
수입,NINGBO TRADER,9022S,20260830,HASLR01260800219,HEUNG-A LINE CO LTD,SKHU9003576,40',45GP,I,2,1,26SNKO3230I,2026-09-29 01:42:04
수입,NINGBO TRADER,9022S,20260830,HASLR01260800219,HEUNG-A LINE CO LTD,SKHU9102542,40',45GP,I,2,1,26SNKO3230I,2026-09-29 01:42:04
수입,NINGBO TRADER,9022S,20260830,HASLR01260800219,HEUNG-A LINE CO LTD,SKHU9210188,40',45GP,I,2,1,26SNKO3230I,2026-09-29 01:42:04
수입,NINGBO TRADER,9022S,20260830,HASLR01260800219,HEUNG-A LINE CO LTD,SKHU9303249,40',45GP,I,2,1,26SNKO3230I,2026-09-29 01:42:04
수입,NINGBO TRADER,9022S,20260830,HASLR01260800219,HEUNG-A LINE CO LTD,SKHU9407346,40',45GP,I,2,1,26SNKO3230I,2026-09-29 01:42:04
수입,NINGBO TRADER,9022S,20260830,HASLR01260800219,HEUNG-A LINE CO LTD,SKHU9548895,40',45GP,I,2,1,26SNKO3230I,2026-09-29 01:42:04
수입,NINGBO TRADER,9022S,20260830,HASLR01260800219,HEUNG-A LINE CO LTD,SKHU9552663,40',45GP,I,2,1,26SNKO3230I,2026-09-29 01:42:04
수입,NINGBO TRADER,9022S,20260830,HASLR01260800219,HEUNG-A LINE CO LTD,SKHU9554917,40',45GP,I,2,1,26SNKO3230I,2026-09-29 01:42:04
수입,NINGBO TRADER,9022S,20260830,HASLR01260800219,HEUNG-A LINE CO LTD,SKHU9607323,40',45GP,I,2,1,26SNKO3230I,2026-09-29 01:42:04
수입,NINGBO TRADER,9022S,20260830,HASLR01260800219,HEUNG-A LINE CO LTD,SKHU9611278,40',45GP,I,2,1,26SNKO3230I,2026-09-29 01:42:04
수입,NINGBO TRADER,9022S,20260830,HASLR01260800219,HEUNG-A LINE CO LTD,SKHU9920087,40',45GP,I,2,1,26SNKO3230I,2026-09-29 01:42:04
수입,NINGBO TRADER,9022S,20260830,HASLR01260800219,HEUNG-A LINE CO LTD,SKHU9945439,40',45GP,I,2,1,26SNKO3230I,2026-09-29 01:42:04
수입,NINGBO TRADER,9022S,20260830,HASLR01260800219,HEUNG-A LINE CO LTD,SKHU9957379,40',45GP,I,2,1,26SNKO3230I,2026-09-29 01:42:04
수입,NINGBO TRADER,9022S,20260830,HASLR01260800219,HEUNG-A LINE CO LTD,SKHU9958210,40',45GP,I,2,1,26SNKO3230I,2026-09-29 01:42:04
수입,NINGBO TRADER,9022S,20260830,HASLR01260800219,HEUNG-A LINE CO LTD,SKLU0525557,20',22GP,I,1,1,26SNKO3230I,2026-09-29 01:42:04
수입,NINGBO TRADER,9022S,20260830,HASLR01260800219,HEUNG-A LINE CO LTD,SKLU1301232,20',22GP,I,1,1,26SNKO3230I,2026-09-29 01:42:04
수입,NINGBO TRADER,9022S,20260830,HASLR01260800219,HEUNG-A LINE CO LTD,SKLU1404164,20',22GP,I,1,1,26SNKO3230I,2026-09-29 01:42:04
수입,NINGBO TRADER,9022S,20260830,HASLR01260800219,HEUNG-A LINE CO LTD,SKLU1446827,20',22GP,I,1,1,26SNKO3230I,2026-09-29 01:42:04
수입,NINGBO TRADER,9022S,20260830,HASLR01260800219,HEUNG-A LINE CO LTD,SKLU1581072,20',22GP,I,1,1,26SNKO3230I,2026-09-29 01:42:04
수입,NINGBO TRADER,9022S,20260830,HASLR01260800219,HEUNG-A LINE CO LTD,SKLU1675567,20',22GP,I,1,1,26SNKO3230I,2026-09-29 01:42:04
수입,NINGBO TRADER,9022S,20260830,HASLR01260800219,HEUNG-A LINE CO LTD,SKLU1809060,20',22GP,I,1,1,26SNKO3230I,2026-09-29 01:42:04
수입,NINGBO TRADER,9022S,20260830,HASLR01260800219,HEUNG-A LINE CO LTD,SKLU1967949,20',22GP,I,1,1,26SNKO3230I,2026-09-29 01:42:04
수입,NINGBO TRADER,9022S,20260830,HASLR01260800219,HEUNG-A LINE CO LTD,SKLU2040909,20',22GP,I,1,1,26SNKO3230I,2026-09-29 01:42:04
수입,NINGBO TRADER,9022S,20260830,HASLR01260800219,HEUNG-A LINE CO LTD,SKLU2078000,20',22GP,I,1,1,26SNKO3230I,2026-09-29 01:42:04
수입,NINGBO TRADER,9022S,20260830,HASLR01260800219,HEUNG-A LINE CO LTD,TCLU7049802,40',42UT,I,2,1,26SNKO3230I,2026-09-29 01:42:04
수입,NINGBO TRADER,9022S,20260830,HASLR01260800219,HEUNG-A LINE CO LTD,TCLU7182456,20',22GP,I,1,1,26SNKO3230I,2026-09-29 01:42:04
수입,NINGBO TRADER,9022S,20260830,HASLR01260800219,HEUNG-A LINE CO LTD,TCNU7585510,40',45GP,I,2,1,26SNKO3230I,2026-09-29 01:42:04
수입,NINGBO TRADER,9022S,20260830,HASLR01260800219,HEUNG-A LINE CO LTD,TCNU9435530,40',45GP,I,2,1,26SNKO3230I,2026-09-29 01:42:04
수입,NINGBO TRADER,9022S,20260830,HASLR01260800219,HEUNG-A LINE CO LTD,TEMU0571875,20',22GP,I,1,1,26SNKO3230I,2026-09-29 01:42:04
수입,NINGBO TRADER,9022S,20260830,HASLR01260800219,HEUNG-A LINE CO LTD,TRHU5286133,40',45GP,I,2,1,26SNKO3230I,2026-09-29 01:42:04
수입,NINGBO TRADER,9022S,20260830,HASLR01260800219,HEUNG-A LINE CO LTD,TRIU0562510,40',42UT,I,2,1,26SNKO3230I,2026-09-29 01:42:04
수입,NINGBO TRADER,9022S,20260830,HASLR01260800219,HEUNG-A LINE CO LTD,TRIU0582521,40',42UT,I,2,1,26SNKO3230I,2026-09-29 01:42:04
수입,SAWASDEE CAPELLA,2608N,20260830,HASLS21260701519,BESCON LINE CO LTD,TNZU4024010,40',45GP,I,2,1,26SNKO3218I,2026-09-29 01:42:04
수입,SAWASDEE CAPELLA,2608N,20260830,HASLS21260701520,BESCON LINE CO LTD,MWLU1235911,40',45GP,I,2,1,26SNKO3218I,2026-09-29 01:42:04
수입,SAWASDEE CAPELLA,2608N,20260830,HASLS21260702094,HS HYOSUNG CORPORATION,SKHU6346885,40',45GP,I,2,1,26SNKO3218I,2026-09-29 01:42:04
수입,SAWASDEE CAPELLA,2608N,20260830,HASLS21260702094,HS HYOSUNG CORPORATION,SKHU6357581,40',45GP,I,2,1,26SNKO3218I,2026-09-29 01:42:04
수입,SAWASDEE CAPELLA,2608N,20260830,HASLS21260702094,HS HYOSUNG CORPORATION,SKHU9504557,40',45GP,I,2,1,26SNKO3218I,2026-09-29 01:42:04
수입,SAWASDEE CAPELLA,2608N,20260830,HASLS21260702094,HS HYOSUNG CORPORATION,SKHU9509097,40',45GP,I,2,1,26SNKO3218I,2026-09-29 01:42:04
수입,SAWASDEE CAPELLA,2608N,20260830,HASLS21260702094,HS HYOSUNG CORPORATION,SKHU9941541,40',45GP,I,2,1,26SNKO3218I,2026-09-29 01:42:04
수입,SAWASDEE CAPELLA,2608N,20260830,HASLS21260702162,BESCON LINE CO LTD,SUZU2095151,20',22GP,I,1,1,26SNKO3218I,2026-09-29 01:42:04
수입,SAWASDEE CAPELLA,2608N,20260830,HASLS21260800445,ANC SCM INC,HALU2014299,20',22GP,I,1,1,26SNKO3218I,2026-09-29 01:42:04
수입,SAWASDEE CAPELLA,2608N,20260830,HASLS21260800573,WORLD CORPORATION,KMLU2201750,20',22GP,I,1,1,26SNKO3218I,2026-09-29 01:42:04
수입,SAWASDEE CAPELLA,2608N,20260830,HASLS21260800586,ILSIM LOGISTAR CO LTD,SEGU4729561,40',45GP,I,2,1,26SNKO3218I,2026-09-29 01:42:04
수입,SAWASDEE CAPELLA,2608N,20260830,HASLS21260800594,YOUNGONE SHIPPING CO LTD,SKHU9943061,40',45GP,I,2,1,26SNKO3218I,2026-09-29 01:42:04
수입,SAWASDEE CAPELLA,2608N,20260830,HASLS21260800763,ILSIM LOGISTAR CO LTD,SKHU8407104,40',45GP,I,2,1,26SNKO3218I,2026-09-29 01:42:04
수입,SAWASDEE CAPELLA,2608N,20260830,HASLS21260800763,ILSIM LOGISTAR CO LTD,SKHU9105156,40',45GP,I,2,1,26SNKO3218I,2026-09-29 01:42:04
수입,SAWASDEE CAPELLA,2608N,20260830,HASLS21260800802,CHANGSAENG CO LTD,FBIU5094280,40',45RE,I,2,1,26SNKO3218I,2026-09-29 01:42:04
수입,SAWASDEE CAPELLA,2608N,20260830,HASLS21260800819,SAMJOO MARKETING INC,SKRU6505190,40',45RE,I,2,1,26SNKO3218I,2026-09-29 01:42:04
수입,SAWASDEE CAPELLA,2608N,20260830,HASLS21260800915,AGREAT COLTD,FSCU5891617,40',45RE,I,2,1,26SNKO3218I,2026-09-29 01:42:04
수입,SAWASDEE CAPELLA,2608N,20260830,HASLS21260800954,DHL GLOBAL FORWARDING KOREA LTD,HLHU8523956,40',45GP,I,2,1,26SNKO3218I,2026-09-29 01:42:04
수입,SAWASDEE CAPELLA,2608N,20260830,HASLS21260800979,HANARO TNS COLTD,SKHU8902936,40',45GP,I,2,1,26SNKO3218I,2026-09-29 01:42:04
수입,SAWASDEE CAPELLA,2608N,20260830,HASLS21260801001,GLOWAY CO LTD,SKRU9908672,40',45RE,I,2,1,26SNKO3218I,2026-09-29 01:42:04
수입,SAWASDEE CAPELLA,2608N,20260830,HASLS21260801019,UNI-GLOBAL LOGISTICS KOREA COLTD,HALU2564530,20',22GP,I,1,1,26SNKO3218I,2026-09-29 01:42:04
수입,SAWASDEE CAPELLA,2608N,20260830,HASLS21260801029,MNCL LINE CO LTD,HALU2439159,20',22GP,I,1,1,26SNKO3218I,2026-09-29 01:42:04
수입,SAWASDEE CAPELLA,2608N,20260830,HASLS21260801482,MNL TRADE COMPANY LIMITEDD BUILDING,FBIU5371337,40',45RE,I,2,1,26SNKO3218I,2026-09-29 01:42:04
수입,SAWASDEE CAPELLA,2608N,20260830,HASLS21260801707,CHANGSAENG CO LTD,TEMU9748679,40',45RE,I,2,1,26SNKO3218I,2026-09-29 01:42:04
수입,SAWASDEE CAPELLA,2608N,20260830,HASLS21260801716,DUAL AIR  SEA COLTD,SKRU9603816,40',45RE,I,2,1,26SNKO3218I,2026-09-29 01:42:04
수입,SAWASDEE CAPELLA,2608N,20260830,HASLS22260700243,WORL-KET,SKRU6507022,40',45RE,I,2,1,26SNKO3218I,2026-09-29 01:42:04
수입,SAWASDEE CAPELLA,2608N,20260830,HASLS22260700639,CTO KOREA CO LTD,HALU2435153,20',22GP,I,1,1,26SNKO3218I,2026-09-29 01:42:04
수입,SAWASDEE CAPELLA,2608N,20260830,HASLS22260700904,CTO KOREA CO LTD,SKLU0725112,20',22GP,I,1,1,26SNKO3218I,2026-09-29 01:42:04
수입,SAWASDEE CAPELLA,2608N,20260830,HASLS22260701411,NUTRION CO LTD,SKHU6320480,40',45GP,I,2,1,26SNKO3218I,2026-09-29 01:42:04
수입,SAWASDEE CAPELLA,2608N,20260830,HASLS22260701413,NUTRION CO LTD,SKLU2473030,20',22GP,I,1,1,26SNKO3218I,2026-09-29 01:42:04
수입,SAWASDEE CAPELLA,2608N,20260830,HASLS22260701418,NUTRION CO LTD,SKLU2319576,20',22GP,I,1,1,26SNKO3218I,2026-09-29 01:42:04
수입,SAWASDEE CAPELLA,2608N,20260830,HASLS22260701620,BEL SHIPPING CO LTD,SKLU2306856,20',22GP,I,1,1,26SNKO3218I,2026-09-29 01:42:04
수입,SAWASDEE CAPELLA,2608N,20260830,HASLS22260701622,BEL SHIPPING CO LTD,HALU2307743,20',22GP,I,1,1,26SNKO3218I,2026-09-29 01:42:04
수입,SAWASDEE CAPELLA,2608N,20260830,HASLS22260701802,ANK INTERNATIONAL COLTD,TRIU6763872,20',22RE,I,1,1,26SNKO3218I,2026-09-29 01:42:04
수입,SAWASDEE CAPELLA,2608N,20260830,HASLS22260701839,KS WAYS COLTD,HLHU8445468,40',45GP,I,2,1,26SNKO3218I,2026-09-29 01:42:04
수입,SAWASDEE CAPELLA,2608N,20260830,HASLS22260702138,WORL-KET COMPANY LIMITED,HLHU8308130,40',45GP,I,2,1,26SNKO3218I,2026-09-29 01:42:04
수입,SAWASDEE CAPELLA,2608N,20260830,HASLS22260702332,PARKS WAY COLTD,HALU2507248,20',22GP,I,1,1,26SNKO3218I,2026-09-29 01:42:04
수입,SAWASDEE PACIFIC,2627E,20260830,HASLC03260800158,KUMHO TIRE CO INC,HALU5655613,40',45GP,I,2,1,26SNKO3215I,2026-09-29 01:42:04
수입,SAWASDEE PACIFIC,2627E,20260830,HASLC03260800158,KUMHO TIRE CO INC,HLHU8528290,40',45GP,I,2,1,26SNKO3215I,2026-09-29 01:42:04
수입,SAWASDEE PACIFIC,2627E,20260830,HASLC03260800158,KUMHO TIRE CO INC,SEKU4433996,40',45GP,I,2,1,26SNKO3215I,2026-09-29 01:42:04
수입,SAWASDEE PACIFIC,2627E,20260830,HASLC03260800158,KUMHO TIRE CO INC,SKHU6461960,40',45GP,I,2,1,26SNKO3215I,2026-09-29 01:42:04
수입,SAWASDEE PACIFIC,2627E,20260830,HASLC03260800158,KUMHO TIRE CO INC,SKHU9815311,40',45GP,I,2,1,26SNKO3215I,2026-09-29 01:42:04
수입,SAWASDEE PACIFIC,2627E,20260830,HASLC03260800200,NAMHAE SHIPPING COLTD,SKLU1530727,20',22GP,I,1,1,26SNKO3215I,2026-09-29 01:42:04
수입,SAWASDEE PACIFIC,2627E,20260830,HASLC03260800201,NAMHAE SHIPPING COLTD,SKLU0748550,20',22GP,I,1,1,26SNKO3215I,2026-09-29 01:42:04
수입,SAWASDEE PACIFIC,2627E,20260830,HASLC03260800395,KUMHO TIRE COINC,SKHU6474079,40',45GP,I,2,1,26SNKO3215I,2026-09-29 01:42:04
수입,SAWASDEE PACIFIC,2627E,20260830,HASLC03260800509,SUNRISE KOREA CO LTD,HALU2318542,20',22GP,I,1,1,26SNKO3215I,2026-09-29 01:42:04
수입,SAWASDEE PACIFIC,2627E,20260830,HASLC03260800509,SUNRISE KOREA CO LTD,SKLU2126860,20',22GP,I,1,1,26SNKO3215I,2026-09-29 01:42:04
수입,SAWASDEE PACIFIC,2627E,20260830,HASLC03260800624,NAM SUNG MARITIME COLTD,SKHU9106851,40',45GP,I,2,1,26SNKO3215I,2026-09-29 01:42:04
수입,SAWASDEE PACIFIC,2627E,20260830,HASLC03260800879,CMT GLOBAL COLTD,SKHU6445846,40',45GP,I,2,1,26SNKO3215I,2026-09-29 01:42:04
수입,SAWASDEE PACIFIC,2627E,20260830,HASLC03260800957,ABAD LOGISTICS COLTD,BEAU2358937,20',22GP,I,1,1,26SNKO3215I,2026-09-29 01:42:04
수입,SAWASDEE PACIFIC,2627E,20260830,HASLC03260800958,SUNRISE KOREA CO LTD,UETU2422590,20',22GP,I,1,1,26SNKO3215I,2026-09-29 01:42:04
수입,SAWASDEE PACIFIC,2627E,20260830,HASLC03260801104,SUNRISE KOREA CO LTD,SKLU2308165,20',22GP,I,1,1,26SNKO3215I,2026-09-29 01:42:04
수입,SAWASDEE PACIFIC,2627E,20260830,HASLJ01260800099,DAELIM COLTD,EXFU5650267,20',22TN,I,1,1,26SNKO3215I,2026-09-29 01:42:04
수입,SAWASDEE PACIFIC,2627E,20260830,HASLJ01260800104,DAELIM COLTD,DKOU2515791,20',22TN,I,1,1,26SNKO3215I,2026-09-29 01:42:04
수입,SAWASDEE PACIFIC,2627E,20260830,HASLJ01260800276,DAELIM COLTD,CXTU1120575,20',22TN,I,1,1,26SNKO3215I,2026-09-29 01:42:04
수입,SAWASDEE PACIFIC,2627E,20260830,HASLJ01260800276,DAELIM COLTD,CXTU1150219,20',22TN,I,1,1,26SNKO3215I,2026-09-29 01:42:04
수입,SAWASDEE PACIFIC,2627E,20260830,HASLJ01260800276,DAELIM COLTD,DKOU2510439,20',22TN,I,1,1,26SNKO3215I,2026-09-29 01:42:04
수입,SAWASDEE PACIFIC,2627E,20260830,HASLJ01260800276,DAELIM COLTD,DKOU2516890,20',22TN,I,1,1,26SNKO3215I,2026-09-29 01:42:04
수입,SAWASDEE PACIFIC,2627E,20260830,HASLJ01260800276,DAELIM COLTD,RLTU2034317,20',22TN,I,1,1,26SNKO3215I,2026-09-29 01:42:04
수입,SAWASDEE PACIFIC,2627E,20260830,HASLJ01260800385,JAEURO SA CO LTD,EOLU8249213,20',22TN,I,1,1,26SNKO3215I,2026-09-29 01:42:04
수입,SAWASDEE PACIFIC,2627E,20260830,HASLK01260804204,TO THE ORDER OF,HALU2547507,20',22GP,T,1,1,26SNKO3215I,2026-09-29 01:42:04
수입,SAWASDEE PACIFIC,2627E,20260830,HASLK01260804204,TO THE ORDER OF,SKLU2461410,20',22GP,T,1,1,26SNKO3215I,2026-09-29 01:42:04
수입,SAWASDEE PACIFIC,2627E,20260830,HASLK01260804537,TO THE ORDER OF,HALU2303326,20',22GP,T,1,1,26SNKO3215I,2026-09-29 01:42:04
수입,SAWASDEE PACIFIC,2627E,20260830,HASLK01260804537,TO THE ORDER OF,SKLU1654395,20',22GP,T,1,1,26SNKO3215I,2026-09-29 01:42:04
수입,SINOKOR NIIGATA,2632W,20260830,HASLJ01260700666,GOKU AGRICULTURE IMPORT EXPORT,HALU5640608,40',45GP,T,2,1,26SNKO3221I,2026-09-29 01:42:04
수입,SINOKOR NIIGATA,2632W,20260830,HASLJ01260700666,GOKU AGRICULTURE IMPORT EXPORT,SKHU9315907,40',45GP,T,2,1,26SNKO3221I,2026-09-29 01:42:04
수입,SINOKOR NIIGATA,2632W,20260830,HASLJ01260700666,GOKU AGRICULTURE IMPORT EXPORT,SKHU9960578,40',45GP,T,2,1,26SNKO3221I,2026-09-29 01:42:04
수입,SINOKOR NIIGATA,2632W,20260830,HASLJ01260700669,GOKU AGRICULTURE IMPORT EXPORT,SKHU6350118,40',45GP,T,2,1,26SNKO3221I,2026-09-29 01:42:04
수입,SINOKOR NIIGATA,2632W,20260830,HASLJ01260700669,GOKU AGRICULTURE IMPORT EXPORT,SKHU6378183,40',45GP,T,2,1,26SNKO3221I,2026-09-29 01:42:04
수입,SINOKOR NIIGATA,2632W,20260830,HASLJ01260700669,GOKU AGRICULTURE IMPORT EXPORT,SKHU8916610,40',45GP,T,2,1,26SNKO3221I,2026-09-29 01:42:04
수입,SINOKOR NIIGATA,2632W,20260830,HASLJ01260700669,GOKU AGRICULTURE IMPORT EXPORT,SKHU9916765,40',45GP,T,2,1,26SNKO3221I,2026-09-29 01:42:04
수입,SINOKOR NIIGATA,2632W,20260830,HASLJ01260701042,GOKU AGRICULTURE IMPORT EXPORT,HLHU6424770,40',45GP,T,2,1,26SNKO3221I,2026-09-29 01:42:04
수입,SINOKOR NIIGATA,2632W,20260830,HASLJ01260701042,GOKU AGRICULTURE IMPORT EXPORT,HLHU8208337,40',45GP,T,2,1,26SNKO3221I,2026-09-29 01:42:04
수입,SINOKOR NIIGATA,2632W,20260830,HASLJ01260701042,GOKU AGRICULTURE IMPORT EXPORT,HLHU8421960,40',45GP,T,2,1,26SNKO3221I,2026-09-29 01:42:04
수입,SINOKOR NIIGATA,2632W,20260830,HASLJ01260701042,GOKU AGRICULTURE IMPORT EXPORT,SKHU6527369,40',45GP,T,2,1,26SNKO3221I,2026-09-29 01:42:04
수입,SINOKOR NIIGATA,2632W,20260830,HASLJ02260700627,ARA LOGISTICS CO LTD,AFKU1000358,40',42GP,I,2,1,26SNKO3221I,2026-09-29 01:42:04
수입,SINOKOR NIIGATA,2632W,20260830,HASLJ02260700627,ARA LOGISTICS CO LTD,AKRU4200609,40',42RE,I,2,1,26SNKO3221I,2026-09-29 01:42:04
수입,SINOKOR NIIGATA,2632W,20260830,HASLJ02260700627,ARA LOGISTICS CO LTD,AKRU4209099,40',42RE,I,2,1,26SNKO3221I,2026-09-29 01:42:04
수입,SINOKOR NIIGATA,2632W,20260830,HASLJ02260700627,ARA LOGISTICS CO LTD,TCLU4184809,40',42GP,I,2,1,26SNKO3221I,2026-09-29 01:42:04
수입,SINOKOR NIIGATA,2632W,20260830,HASLJ02260700627,ARA LOGISTICS CO LTD,TCLU7857565,40',45GP,I,2,1,26SNKO3221I,2026-09-29 01:42:04
수입,SINOKOR NIIGATA,2632W,20260830,HASLJ02260700627,ARA LOGISTICS CO LTD,TCNU5179450,40',45GP,I,2,1,26SNKO3221I,2026-09-29 01:42:04
수입,SINOKOR NIIGATA,2632W,20260830,HASLJ02260700627,ARA LOGISTICS CO LTD,TLLU8142780,40',45GP,I,2,1,26SNKO3221I,2026-09-29 01:42:04
수입,SINOKOR NIIGATA,2632W,20260830,HASLJ03260700033,TO ORDER,DFSU1925781,20',22GP,T,1,1,26SNKO3221I,2026-09-29 01:42:04
수입,SINOKOR NIIGATA,2632W,20260830,HASLJ03260700033,TO ORDER,HALU2352613,20',22GP,T,1,1,26SNKO3221I,2026-09-29 01:42:04
수입,SINOKOR NIIGATA,2632W,20260830,HASLJ03260700033,TO ORDER,HALU2415413,20',22GP,T,1,1,26SNKO3221I,2026-09-29 01:42:04
수입,SINOKOR NIIGATA,2632W,20260830,HASLJ03260700033,TO ORDER,HALU2451621,20',22GP,T,1,1,26SNKO3221I,2026-09-29 01:42:04
수입,SINOKOR NIIGATA,2632W,20260830,HASLJ03260700033,TO ORDER,HALU2507269,20',22GP,T,1,1,26SNKO3221I,2026-09-29 01:42:04
수입,SINOKOR NIIGATA,2632W,20260830,HASLJ03260700033,TO ORDER,HALU2534198,20',22GP,T,1,1,26SNKO3221I,2026-09-29 01:42:04
수입,SINOKOR NIIGATA,2632W,20260830,HASLJ03260700033,TO ORDER,HALU2554110,20',22GP,T,1,1,26SNKO3221I,2026-09-29 01:42:04
수입,SINOKOR NIIGATA,2632W,20260830,HASLJ03260700033,TO ORDER,HALU2560880,20',22GP,T,1,1,26SNKO3221I,2026-09-29 01:42:04
수입,SINOKOR NIIGATA,2632W,20260830,HASLJ03260700033,TO ORDER,HALU2561280,20',22GP,T,1,1,26SNKO3221I,2026-09-29 01:42:04
수입,SINOKOR NIIGATA,2632W,20260830,HASLJ03260700033,TO ORDER,HALU2565460,20',22GP,T,1,1,26SNKO3221I,2026-09-29 01:42:04
수입,SINOKOR NIIGATA,2632W,20260830,HASLJ03260700033,TO ORDER,HALU5634729,40',45GP,T,2,1,26SNKO3221I,2026-09-29 01:42:04
수입,SINOKOR NIIGATA,2632W,20260830,HASLJ03260700033,TO ORDER,HLHU8206170,40',45GP,T,2,1,26SNKO3221I,2026-09-29 01:42:04
수입,SINOKOR NIIGATA,2632W,20260830,HASLJ03260700033,TO ORDER,HLHU8310539,40',45GP,T,2,1,26SNKO3221I,2026-09-29 01:42:04
수입,SINOKOR NIIGATA,2632W,20260830,HASLJ03260700033,TO ORDER,HLHU8391649,40',45GP,T,2,1,26SNKO3221I,2026-09-29 01:42:04
수입,SINOKOR NIIGATA,2632W,20260830,HASLJ03260700033,TO ORDER,HLHU8421825,40',45GP,T,2,1,26SNKO3221I,2026-09-29 01:42:04
수입,SINOKOR NIIGATA,2632W,20260830,HASLJ03260700033,TO ORDER,HLHU8458188,40',45GP,T,2,1,26SNKO3221I,2026-09-29 01:42:04
수입,SINOKOR NIIGATA,2632W,20260830,HASLJ03260700033,TO ORDER,HLHU8464180,40',45GP,T,2,1,26SNKO3221I,2026-09-29 01:42:04
수입,SINOKOR NIIGATA,2632W,20260830,HASLJ03260700033,TO ORDER,HLHU8526467,40',45GP,T,2,1,26SNKO3221I,2026-09-29 01:42:04
수입,SINOKOR NIIGATA,2632W,20260830,HASLJ03260700033,TO ORDER,SEGU5480909,40',45GP,T,2,1,26SNKO3221I,2026-09-29 01:42:04
수입,SINOKOR NIIGATA,2632W,20260830,HASLJ03260700033,TO ORDER,SEKU4427165,40',45GP,T,2,1,26SNKO3221I,2026-09-29 01:42:04
수입,SINOKOR NIIGATA,2632W,20260830,HASLJ03260700033,TO ORDER,SKHU6206374,40',45GP,T,2,1,26SNKO3221I,2026-09-29 01:42:04
수입,SINOKOR NIIGATA,2632W,20260830,HASLJ03260700033,TO ORDER,SKHU6557888,40',45GP,T,2,1,26SNKO3221I,2026-09-29 01:42:04
수입,SINOKOR NIIGATA,2632W,20260830,HASLJ03260700033,TO ORDER,SKHU6579085,40',45GP,T,2,1,26SNKO3221I,2026-09-29 01:42:04
수입,SINOKOR NIIGATA,2632W,20260830,HASLJ03260700033,TO ORDER,SKHU6588908,40',45GP,T,2,1,26SNKO3221I,2026-09-29 01:42:04
수입,SINOKOR NIIGATA,2632W,20260830,HASLJ03260700033,TO ORDER,SKHU6590572,40',45GP,T,2,1,26SNKO3221I,2026-09-29 01:42:04
수입,SINOKOR NIIGATA,2632W,20260830,HASLJ03260700033,TO ORDER,SKHU8111154,40',45GP,T,2,1,26SNKO3221I,2026-09-29 01:42:04
수입,SINOKOR NIIGATA,2632W,20260830,HASLJ03260700033,TO ORDER,SKHU8902670,40',45GP,T,2,1,26SNKO3221I,2026-09-29 01:42:04
수입,SINOKOR NIIGATA,2632W,20260830,HASLJ03260700033,TO ORDER,SKHU9511622,40',45GP,T,2,1,26SNKO3221I,2026-09-29 01:42:04
수입,SINOKOR NIIGATA,2632W,20260830,HASLJ03260700033,TO ORDER,SKHU9556289,40',45GP,T,2,1,26SNKO3221I,2026-09-29 01:42:04
수입,SINOKOR NIIGATA,2632W,20260830,HASLJ03260700033,TO ORDER,SKHU9936761,40',45GP,T,2,1,26SNKO3221I,2026-09-29 01:42:04
수입,SINOKOR NIIGATA,2632W,20260830,HASLJ03260700033,TO ORDER,SKLU0406223,20',22GP,T,1,1,26SNKO3221I,2026-09-29 01:42:04
수입,SINOKOR NIIGATA,2632W,20260830,HASLJ03260700033,TO ORDER,SKLU1338458,20',22GP,T,1,1,26SNKO3221I,2026-09-29 01:42:04
수입,SINOKOR NIIGATA,2632W,20260830,HASLJ03260700033,TO ORDER,SKLU1404800,20',22GP,T,1,1,26SNKO3221I,2026-09-29 01:42:04
수입,SINOKOR NIIGATA,2632W,20260830,HASLJ03260700033,TO ORDER,SKLU1442890,20',22GP,T,1,1,26SNKO3221I,2026-09-29 01:42:04
수입,SINOKOR NIIGATA,2632W,20260830,HASLJ03260700033,TO ORDER,SKLU1515363,20',22GP,T,1,1,26SNKO3221I,2026-09-29 01:42:04
수입,SINOKOR NIIGATA,2632W,20260830,HASLJ03260700033,TO ORDER,SKLU1529623,20',22GP,T,1,1,26SNKO3221I,2026-09-29 01:42:04
수입,SINOKOR NIIGATA,2632W,20260830,HASLJ03260700033,TO ORDER,SKLU1566592,20',22GP,T,1,1,26SNKO3221I,2026-09-29 01:42:04
수입,SINOKOR NIIGATA,2632W,20260830,HASLJ03260700033,TO ORDER,SKLU1649911,20',22GP,T,1,1,26SNKO3221I,2026-09-29 01:42:04
수입,SINOKOR NIIGATA,2632W,20260830,HASLJ03260700033,TO ORDER,SKLU1816198,20',22GP,T,1,1,26SNKO3221I,2026-09-29 01:42:04
수입,SINOKOR NIIGATA,2632W,20260830,HASLJ03260700033,TO ORDER,SKLU1943037,20',22GP,T,1,1,26SNKO3221I,2026-09-29 01:42:04
수입,SINOKOR NIIGATA,2632W,20260830,HASLJ03260700033,TO ORDER,SKLU1949821,20',22GP,T,1,1,26SNKO3221I,2026-09-29 01:42:04
수입,SINOKOR NIIGATA,2632W,20260830,HASLJ03260700033,TO ORDER,SKLU1964030,20',22GP,T,1,1,26SNKO3221I,2026-09-29 01:42:04
수입,SINOKOR NIIGATA,2632W,20260830,HASLJ03260700033,TO ORDER,SKLU2426635,20',22GP,T,1,1,26SNKO3221I,2026-09-29 01:42:04
수입,SINOKOR NIIGATA,2632W,20260830,HASLJ03260700063,PRIME TAN COLTD,HALU2028693,20',22GP,T,1,1,26SNKO3221I,2026-09-29 01:42:04
수입,SINOKOR NIIGATA,2632W,20260830,HASLJ03260700063,PRIME TAN COLTD,HALU2440165,20',22GP,T,1,1,26SNKO3221I,2026-09-29 01:42:04
수입,SINOKOR NIIGATA,2632W,20260830,HASLJ03260700063,PRIME TAN COLTD,HALU2541807,20',22GP,T,1,1,26SNKO3221I,2026-09-29 01:42:04
수입,SINOKOR NIIGATA,2632W,20260830,HASLJ03260700063,PRIME TAN COLTD,HALU2594849,20',22GP,T,1,1,26SNKO3221I,2026-09-29 01:42:04
수입,SINOKOR NIIGATA,2632W,20260830,HASLJ03260700063,PRIME TAN COLTD,SKLU2327015,20',22GP,T,1,1,26SNKO3221I,2026-09-29 01:42:04
수입,SINOKOR NIIGATA,2632W,20260830,HASLJ03260700069,G OCEAN INTERNATIONAL COMPANY,TEMU9255055,40',45RE,T,2,1,26SNKO3221I,2026-09-29 01:42:04
수입,SINOKOR NIIGATA,2632W,20260830,HASLJ03260800042,SH INNOVATION,HALU2505538,20',22GP,I,1,1,26SNKO3221I,2026-09-29 01:42:04
수입,SINOKOR NIIGATA,2632W,20260830,HASLJ5Q260800009,HEUNG A PUSAN,HALU2523486,20',22GP,I,1,1,26SNKO3221I,2026-09-29 01:42:04
수입,SINOKOR NIIGATA,2632W,20260830,HASLJ6K260800001,HEUNG-A LINE CO LTD,HALU2470046,20',22GP,I,1,1,26SNKO3221I,2026-09-29 01:42:04
수입,SINOKOR NIIGATA,2632W,20260830,HASLJ6K260800001,HEUNG-A LINE CO LTD,SKLU1805850,20',22GP,I,1,1,26SNKO3221I,2026-09-29 01:42:04
수입,SINOKOR NIIGATA,2632W,20260830,HASLJ6K260800001,HEUNG-A LINE CO LTD,SKLU2009360,20',22GP,I,1,1,26SNKO3221I,2026-09-29 01:42:04
수입,SINOKOR NIIGATA,2632W,20260830,HASLJ6K260800001,HEUNG-A LINE CO LTD,SKRU1901590,20',22RE,I,1,1,26SNKO3221I,2026-09-29 01:42:04
수입,SINOKOR NIIGATA,2632W,20260830,HASLJ6K260800001,HEUNG-A LINE CO LTD,TCLU6057378,40',42PC,I,2,1,26SNKO3221I,2026-09-29 01:42:04
수입,SINOKOR NIIGATA,2632W,20260830,HASLJ6K260800001,HEUNG-A LINE CO LTD,TTNU0701950,40',42PC,I,2,1,26SNKO3221I,2026-09-29 01:42:04
수입,SINOKOR NIIGATA,2632W,20260830,HASLJ6L260800004,HEUNG-A LINE COLTD,BEAU2350073,20',22GP,I,1,1,26SNKO3221I,2026-09-29 01:42:04
수입,SINOKOR NIIGATA,2632W,20260830,HASLJ6L260800004,HEUNG-A LINE COLTD,BEAU2524215,20',22GP,I,1,1,26SNKO3221I,2026-09-29 01:42:04
수입,SINOKOR NIIGATA,2632W,20260830,HASLJ6L260800004,HEUNG-A LINE COLTD,DFSU1958717,20',22GP,I,1,1,26SNKO3221I,2026-09-29 01:42:04
수입,SINOKOR NIIGATA,2632W,20260830,HASLJ6L260800004,HEUNG-A LINE COLTD,FBIU0236144,20',22GP,I,1,1,26SNKO3221I,2026-09-29 01:42:04
수입,SINOKOR NIIGATA,2632W,20260830,HASLJ6L260800004,HEUNG-A LINE COLTD,GCXU2422142,20',22GP,I,1,1,26SNKO3221I,2026-09-29 01:42:04
수입,SINOKOR NIIGATA,2632W,20260830,HASLJ6L260800004,HEUNG-A LINE COLTD,HALU2422243,20',22GP,I,1,1,26SNKO3221I,2026-09-29 01:42:04
수입,SINOKOR NIIGATA,2632W,20260830,HASLJ6L260800004,HEUNG-A LINE COLTD,HALU2508809,20',22GP,I,1,1,26SNKO3221I,2026-09-29 01:42:04
수입,SINOKOR NIIGATA,2632W,20260830,HASLJ6L260800004,HEUNG-A LINE COLTD,HALU2558190,20',22GP,I,1,1,26SNKO3221I,2026-09-29 01:42:04
수입,SINOKOR NIIGATA,2632W,20260830,HASLJ6L260800004,HEUNG-A LINE COLTD,HALU2562543,20',22GP,I,1,1,26SNKO3221I,2026-09-29 01:42:04
수입,SINOKOR NIIGATA,2632W,20260830,HASLJ6L260800004,HEUNG-A LINE COLTD,HALU2563344,20',22GP,I,1,1,26SNKO3221I,2026-09-29 01:42:04
수입,SINOKOR NIIGATA,2632W,20260830,HASLJ6L260800004,HEUNG-A LINE COLTD,HALU2563386,20',22GP,I,1,1,26SNKO3221I,2026-09-29 01:42:04
수입,SINOKOR NIIGATA,2632W,20260830,HASLJ6L260800004,HEUNG-A LINE COLTD,HALU2563690,20',22GP,I,1,1,26SNKO3221I,2026-09-29 01:42:04
수입,SINOKOR NIIGATA,2632W,20260830,HASLJ6L260800004,HEUNG-A LINE COLTD,HALU2565706,20',22GP,I,1,1,26SNKO3221I,2026-09-29 01:42:04
수입,SINOKOR NIIGATA,2632W,20260830,HASLJ6L260800004,HEUNG-A LINE COLTD,HALU2567484,20',22GP,I,1,1,26SNKO3221I,2026-09-29 01:42:04
수입,SINOKOR NIIGATA,2632W,20260830,HASLJ6L260800004,HEUNG-A LINE COLTD,HALU2592281,20',22GP,I,1,1,26SNKO3221I,2026-09-29 01:42:04
수입,SINOKOR NIIGATA,2632W,20260830,HASLJ6L260800004,HEUNG-A LINE COLTD,HALU2592337,20',22GP,I,1,1,26SNKO3221I,2026-09-29 01:42:04
수입,SINOKOR NIIGATA,2632W,20260830,HASLJ6L260800004,HEUNG-A LINE COLTD,HALU2593740,20',22GP,I,1,1,26SNKO3221I,2026-09-29 01:42:04
수입,SINOKOR NIIGATA,2632W,20260830,HASLJ6L260800004,HEUNG-A LINE COLTD,RFCU2351000,20',22GP,I,1,1,26SNKO3221I,2026-09-29 01:42:04
수입,SINOKOR NIIGATA,2632W,20260830,HASLJ6L260800004,HEUNG-A LINE COLTD,SKLU0570746,20',22GP,I,1,1,26SNKO3221I,2026-09-29 01:42:04
수입,SINOKOR NIIGATA,2632W,20260830,HASLJ6L260800004,HEUNG-A LINE COLTD,SKLU0712178,20',22GP,I,1,1,26SNKO3221I,2026-09-29 01:42:04
수입,SINOKOR NIIGATA,2632W,20260830,HASLJ6L260800004,HEUNG-A LINE COLTD,SKLU1543977,20',22GP,I,1,1,26SNKO3221I,2026-09-29 01:42:04
수입,SINOKOR NIIGATA,2632W,20260830,HASLJ6L260800004,HEUNG-A LINE COLTD,SKLU1561950,20',22GP,I,1,1,26SNKO3221I,2026-09-29 01:42:04
수입,SINOKOR NIIGATA,2632W,20260830,HASLJ6L260800004,HEUNG-A LINE COLTD,SKLU1632267,20',22GP,I,1,1,26SNKO3221I,2026-09-29 01:42:04
수입,SINOKOR NIIGATA,2632W,20260830,HASLJ6L260800004,HEUNG-A LINE COLTD,SKLU1651550,20',22GP,I,1,1,26SNKO3221I,2026-09-29 01:42:04
수입,SINOKOR NIIGATA,2632W,20260830,HASLJ6L260800004,HEUNG-A LINE COLTD,SKLU1665785,20',22GP,I,1,1,26SNKO3221I,2026-09-29 01:42:04
수입,SINOKOR NIIGATA,2632W,20260830,HASLJ6L260800004,HEUNG-A LINE COLTD,SKLU1931720,20',22GP,I,1,1,26SNKO3221I,2026-09-29 01:42:04
수입,SINOKOR NIIGATA,2632W,20260830,HASLJ6L260800004,HEUNG-A LINE COLTD,SKLU2040107,20',22GP,I,1,1,26SNKO3221I,2026-09-29 01:42:04
수입,SINOKOR NIIGATA,2632W,20260830,HASLJ6L260800004,HEUNG-A LINE COLTD,SKLU2111622,20',22GP,I,1,1,26SNKO3221I,2026-09-29 01:42:04
수입,SINOKOR NIIGATA,2632W,20260830,HASLJ6L260800004,HEUNG-A LINE COLTD,SKLU2302505,20',22GP,I,1,1,26SNKO3221I,2026-09-29 01:42:04
수입,SINOKOR NIIGATA,2632W,20260830,HASLJ6L260800004,HEUNG-A LINE COLTD,SKLU2360230,20',22GP,I,1,1,26SNKO3221I,2026-09-29 01:42:04
수입,SINOKOR NIIGATA,2632W,20260830,HASLJ6L260800004,HEUNG-A LINE COLTD,SKLU2474470,20',22GP,I,1,1,26SNKO3221I,2026-09-29 01:42:04
수입,SINOKOR NIIGATA,2632W,20260830,HASLJ6L260800004,HEUNG-A LINE COLTD,SKLU2476024,20',22GP,I,1,1,26SNKO3221I,2026-09-29 01:42:04
수입,SINOKOR NIIGATA,2632W,20260830,HASLJ6L260800004,HEUNG-A LINE COLTD,SKLU3509626,20',22GP,I,1,1,26SNKO3221I,2026-09-29 01:42:04
수입,TOYAMA TRADER,2629W,20260830,HASLJ01260700003,DVGAMMA COLTD,TGBU4383351,40',45GP,T,2,1,26SNKO3207I,2026-09-29 01:42:04
수입,TOYAMA TRADER,2629W,20260830,HASLJ01260700418,KODAI THAILAND COLTD,SKLU1600038,20',22GP,T,1,1,26SNKO3207I,2026-09-29 01:42:04
수입,TOYAMA TRADER,2629W,20260830,HASLJ01260700964,METAL ONE THAILAND COLTD,SKLU1929722,20',22GP,T,1,1,26SNKO3207I,2026-09-29 01:42:04
수입,TOYAMA TRADER,2629W,20260830,HASLJ01260700990,NINGBO SHENGYE INTERNATIONAL TRADE,HLHU8527674,40',45GP,T,2,1,26SNKO3207I,2026-09-29 01:42:04
수입,TOYAMA TRADER,2629W,20260830,HASLJ01260700990,NINGBO SHENGYE INTERNATIONAL TRADE,SKHU9536507,40',45GP,T,2,1,26SNKO3207I,2026-09-29 01:42:04
수입,TOYAMA TRADER,2629W,20260830,HASLJ01260701237,PTLINTEC INDONESIA,SKHU6416072,40',45GP,T,2,1,26SNKO3207I,2026-09-29 01:42:04
수입,TOYAMA TRADER,2629W,20260830,HASLJ01260701492,ZHEJIANG WANCHUAN IMPORT AND EXPORT,HLHU8321030,40',45GP,T,2,1,26SNKO3207I,2026-09-29 01:42:04
수입,TOYAMA TRADER,2629W,20260830,HASLJ01260701520,0314990414KODAI SANGYOVIETNAM,HALU8505324,40',45RE,T,2,1,26SNKO3207I,2026-09-29 01:42:04
수입,TOYAMA TRADER,2629W,20260830,HASLJ01260701601,ZHEJIANG WANCHUAN IMPORT AND EXPORT,HLHU8347564,40',45GP,T,2,1,26SNKO3207I,2026-09-29 01:42:04
수입,TOYAMA TRADER,2629W,20260830,HASLJ01260701758,NIPPON EXPRESSCHINACOLTD,SKLU2348949,20',22GP,T,1,1,26SNKO3207I,2026-09-29 01:42:04
수입,TOYAMA TRADER,2629W,20260830,HASLJ01260701774,SHANGHAI DAISHOWA COLTD,SKHU6207724,40',45GP,T,2,1,26SNKO3207I,2026-09-29 01:42:04
수입,TOYAMA TRADER,2629W,20260830,HASLJ01260701774,SHANGHAI DAISHOWA COLTD,SKHU8429968,40',45GP,T,2,1,26SNKO3207I,2026-09-29 01:42:04
수입,TOYAMA TRADER,2629W,20260830,HASLJ01260701833,TO ORDER OF BANK OF COMMUNICATIONS,SKRU1300691,20',22RE,T,1,1,26SNKO3207I,2026-09-29 01:42:04
수입,TOYAMA TRADER,2629W,20260830,HASLJ01260701876,TO THE ORDER OF KOOKMIN BANK,SKLU2316900,20',22GP,I,1,1,26SNKO3207I,2026-09-29 01:42:04
수입,TOYAMA TRADER,2629W,20260830,HASLJ01260701876,TO THE ORDER OF KOOKMIN BANK,SKLU2420719,20',22GP,I,1,1,26SNKO3207I,2026-09-29 01:42:04
수입,TOYAMA TRADER,2629W,20260830,HASLJ01260800110,KODAI SANGYOVIETNAM COLTD,SKRU9300949,40',45RE,T,2,1,26SNKO3207I,2026-09-29 01:42:04
수입,TOYAMA TRADER,2629W,20260830,HASLJ01260800112,KODAI THAILANDCOLTD,FSCU5837215,40',45RE,T,2,1,26SNKO3207I,2026-09-29 01:42:04
수입,TOYAMA TRADER,2629W,20260830,HASLJ01260800121,JEONJU PAPER,HLHU8488639,40',45GP,I,2,1,26SNKO3207I,2026-09-29 01:42:04
수입,TOYAMA TRADER,2629W,20260830,HASLJ01260800121,JEONJU PAPER,HLHU8518749,40',45GP,I,2,1,26SNKO3207I,2026-09-29 01:42:04
수입,TOYAMA TRADER,2629W,20260830,HASLJ01260800121,JEONJU PAPER,SKHU6372293,40',45GP,I,2,1,26SNKO3207I,2026-09-29 01:42:04
수입,TOYAMA TRADER,2629W,20260830,HASLJ01260800121,JEONJU PAPER,SKHU6450225,40',45GP,I,2,1,26SNKO3207I,2026-09-29 01:42:04
수입,TOYAMA TRADER,2629W,20260830,HASLJ01260800121,JEONJU PAPER,SKHU9606040,40',45GP,I,2,1,26SNKO3207I,2026-09-29 01:42:04
수입,TOYAMA TRADER,2629W,20260830,HASLJ01260800214,PLAZA-VIETNAM FOOD PRODUCTION,SKRU9500417,40',45RE,T,2,1,26SNKO3207I,2026-09-29 01:42:04
수입,TOYAMA TRADER,2629W,20260830,HASLJ02260700837,DALIAN BHC GLOBAL LOGISTICS COLTD,FBIU5090366,40',45RE,T,2,1,26SNKO3207I,2026-09-29 01:42:04
수입,TOYAMA TRADER,2629W,20260830,HASLJ02260700859,TO ORDER OF BANGKOK BANK PUBLIC,HLHU8110696,40',45GP,T,2,1,26SNKO3207I,2026-09-29 01:42:04
수입,TOYAMA TRADER,2629W,20260830,HASLJ02260700967,NANPORO AUTO PART SDN BHD,SKHU9812164,40',45GP,T,2,1,26SNKO3207I,2026-09-29 01:42:04
수입,TOYAMA TRADER,2629W,20260830,HASLJ02260700971,TO ORDER OF BANGKOK BANK PUBLIC,SKHU9100616,40',45GP,T,2,1,26SNKO3207I,2026-09-29 01:42:04
수입,TOYAMA TRADER,2629W,20260830,HASLJ02260800166,TK EASTERN UNION,SKHU9824859,40',45GP,T,2,1,26SNKO3207I,2026-09-29 01:42:04
수입,TOYAMA TRADER,2629W,20260830,HASLJ5R260800012,HEUNG-A PUSAN,BEAU2860020,20',22GP,I,1,1,26SNKO3207I,2026-09-29 01:42:04
수입,TOYAMA TRADER,2629W,20260830,HASLJ5R260800012,HEUNG-A PUSAN,FBIU0071492,20',22GP,I,1,1,26SNKO3207I,2026-09-29 01:42:04
수입,TOYAMA TRADER,2629W,20260830,HASLJ5R260800012,HEUNG-A PUSAN,SKLU1118833,20',22GP,I,1,1,26SNKO3207I,2026-09-29 01:42:04
수입,TOYAMA TRADER,2629W,20260830,HASLJ5R260800012,HEUNG-A PUSAN,SKLU1938262,20',22GP,I,1,1,26SNKO3207I,2026-09-29 01:42:04
수입,TOYAMA TRADER,2629W,20260830,HASLJ5R260800012,HEUNG-A PUSAN,SKLU3507120,20',22GP,I,1,1,26SNKO3207I,2026-09-29 01:42:04
수입,TOYAMA TRADER,2629W,20260830,HASLJ5R260800012,HEUNG-A PUSAN,TEMU1212334,20',22GP,I,1,1,26SNKO3207I,2026-09-29 01:42:04
수입,TOYAMA TRADER,2629W,20260830,HASLJ5R260800013,HEUNG-A PUSAN,BEAU2860415,20',22GP,I,1,1,26SNKO3207I,2026-09-29 01:42:04
수입,TOYAMA TRADER,2629W,20260830,HASLJ5R260800013,HEUNG-A PUSAN,FCIU6059705,20',22GP,I,1,1,26SNKO3207I,2026-09-29 01:42:04
수입,TOYAMA TRADER,2629W,20260830,HASLJ5R260800013,HEUNG-A PUSAN,GCXU2424870,20',22GP,I,1,1,26SNKO3207I,2026-09-29 01:42:04
수입,TOYAMA TRADER,2629W,20260830,HASLJ5R260800013,HEUNG-A PUSAN,HALU2057963,20',22GP,I,1,1,26SNKO3207I,2026-09-29 01:42:04
수입,TOYAMA TRADER,2629W,20260830,HASLJ5R260800013,HEUNG-A PUSAN,HALU2089024,20',22GP,I,1,1,26SNKO3207I,2026-09-29 01:42:04
수입,TOYAMA TRADER,2629W,20260830,HASLJ5R260800013,HEUNG-A PUSAN,HALU2108762,20',22GP,I,1,1,26SNKO3207I,2026-09-29 01:42:04
수입,TOYAMA TRADER,2629W,20260830,HASLJ5R260800013,HEUNG-A PUSAN,HALU2329547,20',22GP,I,1,1,26SNKO3207I,2026-09-29 01:42:04
수입,TOYAMA TRADER,2629W,20260830,HASLJ5R260800013,HEUNG-A PUSAN,HALU2468774,20',22GP,I,1,1,26SNKO3207I,2026-09-29 01:42:04
수입,TOYAMA TRADER,2629W,20260830,HASLJ5R260800013,HEUNG-A PUSAN,HALU2537643,20',22GP,I,1,1,26SNKO3207I,2026-09-29 01:42:04
수입,TOYAMA TRADER,2629W,20260830,HASLJ5R260800013,HEUNG-A PUSAN,HALU2554070,20',22GP,I,1,1,26SNKO3207I,2026-09-29 01:42:04
수입,TOYAMA TRADER,2629W,20260830,HASLJ5R260800013,HEUNG-A PUSAN,HALU2567519,20',22GP,I,1,1,26SNKO3207I,2026-09-29 01:42:04
수입,TOYAMA TRADER,2629W,20260830,HASLJ5R260800013,HEUNG-A PUSAN,HALU2569698,20',22GP,I,1,1,26SNKO3207I,2026-09-29 01:42:04
수입,TOYAMA TRADER,2629W,20260830,HASLJ5R260800013,HEUNG-A PUSAN,HALU2570636,20',22GP,I,1,1,26SNKO3207I,2026-09-29 01:42:04
수입,TOYAMA TRADER,2629W,20260830,HASLJ5R260800013,HEUNG-A PUSAN,SKLU0711058,20',22GP,I,1,1,26SNKO3207I,2026-09-29 01:42:04
수입,TOYAMA TRADER,2629W,20260830,HASLJ5R260800013,HEUNG-A PUSAN,SKLU0746115,20',22GP,I,1,1,26SNKO3207I,2026-09-29 01:42:04
수입,TOYAMA TRADER,2629W,20260830,HASLJ5R260800013,HEUNG-A PUSAN,SKLU1004194,20',22GP,I,1,1,26SNKO3207I,2026-09-29 01:42:04
수입,TOYAMA TRADER,2629W,20260830,HASLJ5R260800013,HEUNG-A PUSAN,SKLU1433624,20',22GP,I,1,1,26SNKO3207I,2026-09-29 01:42:04
수입,TOYAMA TRADER,2629W,20260830,HASLJ5R260800013,HEUNG-A PUSAN,SKLU1553110,20',22GP,I,1,1,26SNKO3207I,2026-09-29 01:42:04
수입,TOYAMA TRADER,2629W,20260830,HASLJ5R260800013,HEUNG-A PUSAN,SKLU1568213,20',22GP,I,1,1,26SNKO3207I,2026-09-29 01:42:04
수입,TOYAMA TRADER,2629W,20260830,HASLJ5R260800013,HEUNG-A PUSAN,SKLU1587804,20',22GP,I,1,1,26SNKO3207I,2026-09-29 01:42:04
수입,TOYAMA TRADER,2629W,20260830,HASLJ5R260800013,HEUNG-A PUSAN,SKLU1622485,20',22GP,I,1,1,26SNKO3207I,2026-09-29 01:42:04
수입,TOYAMA TRADER,2629W,20260830,HASLJ5R260800013,HEUNG-A PUSAN,SKLU1651966,20',22GP,I,1,1,26SNKO3207I,2026-09-29 01:42:04
수입,TOYAMA TRADER,2629W,20260830,HASLJ5R260800013,HEUNG-A PUSAN,SKLU1657305,20',22GP,I,1,1,26SNKO3207I,2026-09-29 01:42:04
수입,TOYAMA TRADER,2629W,20260830,HASLJ5R260800013,HEUNG-A PUSAN,SKLU1802569,20',22GP,I,1,1,26SNKO3207I,2026-09-29 01:42:04
수입,TOYAMA TRADER,2629W,20260830,HASLJ5R260800013,HEUNG-A PUSAN,SKLU1943654,20',22GP,I,1,1,26SNKO3207I,2026-09-29 01:42:04
수입,TOYAMA TRADER,2629W,20260830,HASLJ5R260800013,HEUNG-A PUSAN,SKLU2001862,20',22GP,I,1,1,26SNKO3207I,2026-09-29 01:42:04
수입,TOYAMA TRADER,2629W,20260830,HASLJ5R260800013,HEUNG-A PUSAN,SKLU2016796,20',22GP,I,1,1,26SNKO3207I,2026-09-29 01:42:04
수입,TOYAMA TRADER,2629W,20260830,HASLJ5R260800013,HEUNG-A PUSAN,SKLU2017914,20',22GP,I,1,1,26SNKO3207I,2026-09-29 01:42:04
수입,TOYAMA TRADER,2629W,20260830,HASLJ5R260800014,HEUNG-A PUSAN,BMOU5412194,40',45GP,I,2,1,26SNKO3207I,2026-09-29 01:42:04
수입,TOYAMA TRADER,2629W,20260830,HASLJ5R260800014,HEUNG-A PUSAN,BMOU5935390,40',45GP,I,2,1,26SNKO3207I,2026-09-29 01:42:04
수입,TOYAMA TRADER,2629W,20260830,HASLJ5R260800014,HEUNG-A PUSAN,HLHU8201311,40',45GP,I,2,1,26SNKO3207I,2026-09-29 01:42:04
수입,TOYAMA TRADER,2629W,20260830,HASLJ5R260800014,HEUNG-A PUSAN,HLHU8450335,40',45GP,I,2,1,26SNKO3207I,2026-09-29 01:42:04
수입,TOYAMA TRADER,2629W,20260830,HASLJ5R260800014,HEUNG-A PUSAN,HLHU8502784,40',45GP,I,2,1,26SNKO3207I,2026-09-29 01:42:04
수입,TOYAMA TRADER,2629W,20260830,HASLJ5R260800014,HEUNG-A PUSAN,HLHU8580869,40',45GP,I,2,1,26SNKO3207I,2026-09-29 01:42:04
수입,TOYAMA TRADER,2629W,20260830,HASLJ5R260800014,HEUNG-A PUSAN,SKHU6209943,40',45GP,I,2,1,26SNKO3207I,2026-09-29 01:42:04
수입,TOYAMA TRADER,2629W,20260830,HASLJ5R260800014,HEUNG-A PUSAN,SKHU8100118,40',45GP,I,2,1,26SNKO3207I,2026-09-29 01:42:04
수입,TOYAMA TRADER,2629W,20260830,HASLJ5R260800014,HEUNG-A PUSAN,SKHU9536425,40',45GP,I,2,1,26SNKO3207I,2026-09-29 01:42:04
수입,TOYAMA TRADER,2629W,20260830,HASLJ5R260800014,HEUNG-A PUSAN,TCLU1566794,40',45GP,I,2,1,26SNKO3207I,2026-09-29 01:42:04
수입,TOYAMA TRADER,2629W,20260830,HASLJ5Z260700008,MOLAX LINE LTD,HALU2420338,20',22GP,I,1,1,26SNKO3207I,2026-09-29 01:42:04
수입,TOYAMA TRADER,2629W,20260830,HASLJ5Z260800002,HEUNG-A PUSAN,BEAU2347423,20',22GP,I,1,1,26SNKO3207I,2026-09-29 01:42:04
수입,TOYAMA TRADER,2629W,20260830,HASLJ5Z260800002,HEUNG-A PUSAN,CXDU2382201,20',22GP,I,1,1,26SNKO3207I,2026-09-29 01:42:04
수입,TOYAMA TRADER,2629W,20260830,HASLJ5Z260800002,HEUNG-A PUSAN,DFSU1451825,20',22GP,I,1,1,26SNKO3207I,2026-09-29 01:42:04
수입,TOYAMA TRADER,2629W,20260830,HASLJ5Z260800002,HEUNG-A PUSAN,DFSU1458368,20',22GP,I,1,1,26SNKO3207I,2026-09-29 01:42:04
수입,TOYAMA TRADER,2629W,20260830,HASLJ5Z260800002,HEUNG-A PUSAN,DFSU1829216,20',22GP,I,1,1,26SNKO3207I,2026-09-29 01:42:04
수입,TOYAMA TRADER,2629W,20260830,HASLJ5Z260800002,HEUNG-A PUSAN,FCIU6144134,20',22GP,I,1,1,26SNKO3207I,2026-09-29 01:42:04
수입,TOYAMA TRADER,2629W,20260830,HASLJ5Z260800002,HEUNG-A PUSAN,HALU2054286,20',22GP,I,1,1,26SNKO3207I,2026-09-29 01:42:04
수입,TOYAMA TRADER,2629W,20260830,HASLJ5Z260800002,HEUNG-A PUSAN,HALU2301299,20',22GP,I,1,1,26SNKO3207I,2026-09-29 01:42:04
수입,TOYAMA TRADER,2629W,20260830,HASLJ5Z260800002,HEUNG-A PUSAN,HALU2541176,20',22GP,I,1,1,26SNKO3207I,2026-09-29 01:42:04
수입,TOYAMA TRADER,2629W,20260830,HASLJ5Z260800002,HEUNG-A PUSAN,HALU2542758,20',22GP,I,1,1,26SNKO3207I,2026-09-29 01:42:04
수입,TOYAMA TRADER,2629W,20260830,HASLJ5Z260800002,HEUNG-A PUSAN,SKLU0552104,20',22GP,I,1,1,26SNKO3207I,2026-09-29 01:42:04
수입,TOYAMA TRADER,2629W,20260830,HASLJ5Z260800002,HEUNG-A PUSAN,SKLU0729078,20',22GP,I,1,1,26SNKO3207I,2026-09-29 01:42:04
수입,TOYAMA TRADER,2629W,20260830,HASLJ5Z260800002,HEUNG-A PUSAN,SKLU1104803,20',22GP,I,1,1,26SNKO3207I,2026-09-29 01:42:04
수입,TOYAMA TRADER,2629W,20260830,HASLJ5Z260800002,HEUNG-A PUSAN,SKLU1121349,20',22GP,I,1,1,26SNKO3207I,2026-09-29 01:42:04
수입,TOYAMA TRADER,2629W,20260830,HASLJ5Z260800002,HEUNG-A PUSAN,SKLU1424427,20',22GP,I,1,1,26SNKO3207I,2026-09-29 01:42:04
수입,TOYAMA TRADER,2629W,20260830,HASLJ5Z260800002,HEUNG-A PUSAN,SKLU1429136,20',22GP,I,1,1,26SNKO3207I,2026-09-29 01:42:04
수입,TOYAMA TRADER,2629W,20260830,HASLJ5Z260800002,HEUNG-A PUSAN,SKLU1524175,20',22GP,I,1,1,26SNKO3207I,2026-09-29 01:42:04
수입,TOYAMA TRADER,2629W,20260830,HASLJ5Z260800002,HEUNG-A PUSAN,SKLU1534867,20',22GP,I,1,1,26SNKO3207I,2026-09-29 01:42:04
수입,TOYAMA TRADER,2629W,20260830,HASLJ5Z260800002,HEUNG-A PUSAN,SKLU1564901,20',22GP,I,1,1,26SNKO3207I,2026-09-29 01:42:04
수입,TOYAMA TRADER,2629W,20260830,HASLJ5Z260800002,HEUNG-A PUSAN,SKLU1621339,20',22GP,I,1,1,26SNKO3207I,2026-09-29 01:42:04
수입,TOYAMA TRADER,2629W,20260830,HASLJ5Z260800002,HEUNG-A PUSAN,SKLU1631790,20',22GP,I,1,1,26SNKO3207I,2026-09-29 01:42:04
수입,TOYAMA TRADER,2629W,20260830,HASLJ5Z260800002,HEUNG-A PUSAN,SKLU1663036,20',22GP,I,1,1,26SNKO3207I,2026-09-29 01:42:04
수입,TOYAMA TRADER,2629W,20260830,HASLJ5Z260800002,HEUNG-A PUSAN,SKLU1668280,20',22GP,I,1,1,26SNKO3207I,2026-09-29 01:42:04
수입,TOYAMA TRADER,2629W,20260830,HASLJ5Z260800002,HEUNG-A PUSAN,SKLU1900143,20',22GP,I,1,1,26SNKO3207I,2026-09-29 01:42:04
수입,TOYAMA TRADER,2629W,20260830,HASLJ5Z260800002,HEUNG-A PUSAN,SKLU1904895,20',22GP,I,1,1,26SNKO3207I,2026-09-29 01:42:04
수입,TOYAMA TRADER,2629W,20260830,HASLJ5Z260800002,HEUNG-A PUSAN,SKLU1941707,20',22GP,I,1,1,26SNKO3207I,2026-09-29 01:42:04
수입,TOYAMA TRADER,2629W,20260830,HASLJ5Z260800002,HEUNG-A PUSAN,SKLU1967091,20',22GP,I,1,1,26SNKO3207I,2026-09-29 01:42:04
수입,TOYAMA TRADER,2629W,20260830,HASLJ5Z260800002,HEUNG-A PUSAN,SKLU2306115,20',22GP,I,1,1,26SNKO3207I,2026-09-29 01:42:04
수입,TOYAMA TRADER,2629W,20260830,HASLJ5Z260800002,HEUNG-A PUSAN,SKLU2357200,20',22GP,I,1,1,26SNKO3207I,2026-09-29 01:42:04
수입,TOYAMA TRADER,2629W,20260830,HASLJ5Z260800002,HEUNG-A PUSAN,SKLU2478500,20',22GP,I,1,1,26SNKO3207I,2026-09-29 01:42:04
수입,TOYAMA TRADER,2629W,20260830,HASLJ5Z260800003,HEUNG-A PUSAN,FBIU5092800,40',45RE,I,2,1,26SNKO3207I,2026-09-29 01:42:04
수입,TOYAMA TRADER,2629W,20260830,HASLJ5Z260800003,HEUNG-A PUSAN,SZLU9227940,40',45RE,I,2,1,26SNKO3207I,2026-09-29 01:42:04
수입,TOYAMA TRADER,2629W,20260830,HASLJ5Z260800004,HEUNG-A PUSAN,SKHU5500532,40',42UT,I,2,1,26SNKO3207I,2026-09-29 01:42:04
수입,TOYAMA TRADER,2629W,20260830,HASLJ5Z260800004,HEUNG-A PUSAN,SKHU5500928,40',42UT,I,2,1,26SNKO3207I,2026-09-29 01:42:04
수입,TOYAMA TRADER,2629W,20260830,HASLJ5Z260800004,HEUNG-A PUSAN,SKHU5500949,40',42UT,I,2,1,26SNKO3207I,2026-09-29 01:42:04
수입,TOYAMA TRADER,2629W,20260830,HASLJ5Z260800004,HEUNG-A PUSAN,SKHU5600526,40',42UT,I,2,1,26SNKO3207I,2026-09-29 01:42:04
수출,HANSUNG WEIHAI,2648E,20260830,HASLC01260721907,SHANGHAI BAIHAN INTERNATIONALLOGISTICS COLTD,SKHU6565733,40',45GP,,2,1,26SNKO3152E,2026-09-29 01:42:04
수출,HANSUNG WEIHAI,2648E,20260830,HASLC01260802320,SHANGHAI BAIHAN INTERNATIONALLOGISTICS COLTD,HLHU8539910,40',45GP,,2,1,26SNKO3152E,2026-09-29 01:42:04
수출,HANSUNG WEIHAI,2648E,20260830,HASLC02260701050,TIANJIN QIMING SUPPLY CHAIN COLTD  RM1104 11FLHEXIE MANSIONNO 3,BEAU2296780,20',22GP,,1,1,26SNKO3152E,2026-09-29 01:42:04
수출,HANSUNG WEIHAI,2648E,20260830,HASLC02260701050,TIANJIN QIMING SUPPLY CHAIN COLTD  RM1104 11FLHEXIE MANSIONNO 3,HALU2043208,20',22GP,,1,1,26SNKO3152E,2026-09-29 01:42:04
수출,HANSUNG WEIHAI,2648E,20260830,HASLC02260701050,TIANJIN QIMING SUPPLY CHAIN COLTD  RM1104 11FLHEXIE MANSIONNO 3,HALU2065911,20',22GP,,1,1,26SNKO3152E,2026-09-29 01:42:04
수출,HANSUNG WEIHAI,2648E,20260830,HASLC02260701050,TIANJIN QIMING SUPPLY CHAIN COLTD  RM1104 11FLHEXIE MANSIONNO 3,HALU2090283,20',22GP,,1,1,26SNKO3152E,2026-09-29 01:42:04
수출,HANSUNG WEIHAI,2648E,20260830,HASLC02260701050,TIANJIN QIMING SUPPLY CHAIN COLTD  RM1104 11FLHEXIE MANSIONNO 3,HALU2094360,20',22GP,,1,1,26SNKO3152E,2026-09-29 01:42:04
수출,HANSUNG WEIHAI,2648E,20260830,HASLC02260701050,TIANJIN QIMING SUPPLY CHAIN COLTD  RM1104 11FLHEXIE MANSIONNO 3,HALU2510386,20',22GP,,1,1,26SNKO3152E,2026-09-29 01:42:04
수출,HANSUNG WEIHAI,2648E,20260830,HASLC02260701050,TIANJIN QIMING SUPPLY CHAIN COLTD  RM1104 11FLHEXIE MANSIONNO 3,SKLU0413201,20',22GP,,1,1,26SNKO3152E,2026-09-29 01:42:04
수출,HANSUNG WEIHAI,2648E,20260830,HASLC02260701050,TIANJIN QIMING SUPPLY CHAIN COLTD  RM1104 11FLHEXIE MANSIONNO 3,SKLU0721565,20',22GP,,1,1,26SNKO3152E,2026-09-29 01:42:04
수출,HANSUNG WEIHAI,2648E,20260830,HASLC02260701050,TIANJIN QIMING SUPPLY CHAIN COLTD  RM1104 11FLHEXIE MANSIONNO 3,SKLU0742172,20',22GP,,1,1,26SNKO3152E,2026-09-29 01:42:04
수출,HANSUNG WEIHAI,2648E,20260830,HASLC02260701050,TIANJIN QIMING SUPPLY CHAIN COLTD  RM1104 11FLHEXIE MANSIONNO 3,SKLU2034803,20',22GP,,1,1,26SNKO3152E,2026-09-29 01:42:04
수출,HANSUNG WEIHAI,2648E,20260830,HASLC03260701662,R  R GLOBAL COLTDROOM 907BLOCK CTIANJIN,TGCU2400140,20',22GP,,1,1,26SNKO3152E,2026-09-29 01:42:04
수출,HANSUNG WEIHAI,2648E,20260830,HASLC03260702267,QINGDAO ZHENRO INTL SHIPPINGCO    LTD,SKLU1974260,20',22GP,,1,1,26SNKO3152E,2026-09-29 01:42:04
수출,HANSUNG WEIHAI,2648E,20260830,HASLC03260702326,QINGDAO YUDU UNION SCM CORP LTD,BEAU2859693,20',22GP,,1,1,26SNKO3152E,2026-09-29 01:42:04
수출,HANSUNG WEIHAI,2648E,20260830,HASLC03260702326,QINGDAO YUDU UNION SCM CORP LTD,TGCU2379607,20',22GP,,1,1,26SNKO3152E,2026-09-29 01:42:04
수출,HANSUNG WEIHAI,2648E,20260830,HASLC03260800272,QINGDAO WANBANG YUNDAINTERNATIONAL LOGISTICS COLTD,HALU2564227,20',22GP,,1,1,26SNKO3152E,2026-09-29 01:42:04
수출,HANSUNG WEIHAI,2648E,20260830,HASLC03260800303,SAINT VOYAGE LOGISTICS COLTDROOM1907 CENTURY MANSION NO39,SKHU6507948,40',45GP,,2,1,26SNKO3152E,2026-09-29 01:42:04
수출,HANSUNG WEIHAI,2648E,20260830,HASLC03260800423,QINGDAO SUNRISE INTERNATIONALLOGISTICS LTD,HALU2313200,20',22GP,,1,1,26SNKO3152E,2026-09-29 01:42:04
수출,HANSUNG WEIHAI,2648E,20260830,HASLC03260800585,QINGDAO BONWEI LOGISTICS CO LTD    6HA BUILDING JINDU GARDENNO37,TRHU3404495,20',22GP,,1,1,26SNKO3152E,2026-09-29 01:42:04
수출,HANSUNG WEIHAI,2648E,20260830,HASLC04260700297,DALIAN ZUOJIUTAI INTERNATIONAL     TRADE COLTD,SKHU6428601,40',45GP,,2,1,26SNKO3152E,2026-09-29 01:42:04
수출,HANSUNG WEIHAI,2648E,20260830,HASLC04260800023,NEW SKYWARDDALIANSUPPLYCHAIN COLTD,TRHU6233544,40',45GP,,2,1,26SNKO3152E,2026-09-29 01:42:04
수출,HANSUNG WEIHAI,2648E,20260830,HASLC04260800025,SHANGHAI CONCEPT INTERNATIONAL     LOGISTICS COLTD,NCCU1240316,20',22TN,,1,1,26SNKO3152E,2026-09-29 01:42:04
수출,HANSUNG WEIHAI,2648E,20260830,HASLC04260800025,SHANGHAI CONCEPT INTERNATIONAL     LOGISTICS COLTD,NCCU1287000,20',22TN,,1,1,26SNKO3152E,2026-09-29 01:42:04
수출,HANSUNG WEIHAI,2648E,20260830,HASLC04260800025,SHANGHAI CONCEPT INTERNATIONAL     LOGISTICS COLTD,NCCU1320480,20',22TN,,1,1,26SNKO3152E,2026-09-29 01:42:04
수출,HANSUNG WEIHAI,2648E,20260830,HASLC04260800031,NEW SKYWARDDALIANSUPPLYCHAIN COLTD,SKHU8706722,40',45GP,,2,1,26SNKO3152E,2026-09-29 01:42:04
수출,HANSUNG WEIHAI,2648E,20260830,HASLK01260607584,MAXPEED CO LTD OB OFHANON SYSTEMS,HALU5687288,40',45GP,,2,1,26SNKO3152E,2026-09-29 01:42:04
수출,HANSUNG WEIHAI,2648E,20260830,HASLK01260607584,MAXPEED CO LTD OB OFHANON SYSTEMS,SKHU8424647,40',45GP,,2,1,26SNKO3152E,2026-09-29 01:42:04
수출,HANSUNG WEIHAI,2648E,20260830,HASLK01260607584,MAXPEED CO LTD OB OFHANON SYSTEMS,SKHU8911080,40',45GP,,2,1,26SNKO3152E,2026-09-29 01:42:04
수출,HANSUNG WEIHAI,2648E,20260830,HASLK01260607584,MAXPEED CO LTD OB OFHANON SYSTEMS,SKHU9200024,40',45GP,,2,1,26SNKO3152E,2026-09-29 01:42:04
수출,HANSUNG WEIHAI,2648E,20260830,HASLK01260607584,MAXPEED CO LTD OB OFHANON SYSTEMS,SKLU2036365,20',22GP,,1,1,26SNKO3152E,2026-09-29 01:42:04
수출,HANSUNG WEIHAI,2648E,20260830,HASLK01260704157,JMC CORPORATION71 IJIN-RO ONSAN-EUP,SKLU1943839,20',22GP,,1,1,26SNKO3152E,2026-09-29 01:42:04
수출,HANSUNG WEIHAI,2648E,20260830,HASLK01260704157,JMC CORPORATION71 IJIN-RO ONSAN-EUP,SKLU2071833,20',22GP,,1,1,26SNKO3152E,2026-09-29 01:42:04
수출,HANSUNG WEIHAI,2648E,20260830,HASLK01260802025,HANSUNG SHIPPING CO LTD,DJDU7063528,20',22TN,,1,1,26SNKO3152E,2026-09-29 01:42:04
수출,HANSUNG WEIHAI,2648E,20260830,HASLK01260802025,HANSUNG SHIPPING CO LTD,EXFU8956538,20',22TN,,1,1,26SNKO3152E,2026-09-29 01:42:04
수출,HANSUNG WEIHAI,2648E,20260830,HASLK01260802025,HANSUNG SHIPPING CO LTD,RYDU2638727,20',22TN,,1,1,26SNKO3152E,2026-09-29 01:42:04
수출,HANSUNG WEIHAI,2648E,20260830,HASLK01260802025,HANSUNG SHIPPING CO LTD,RYDU2638769,20',22TN,,1,1,26SNKO3152E,2026-09-29 01:42:04
수출,HANSUNG WEIHAI,2648E,20260830,HASLK01260802025,HANSUNG SHIPPING CO LTD,RYDU2638917,20',22TN,,1,1,26SNKO3152E,2026-09-29 01:42:04
수출,HANSUNG WEIHAI,2648E,20260830,HASLK01260802025,HANSUNG SHIPPING CO LTD,RYDU2638959,20',22TN,,1,1,26SNKO3152E,2026-09-29 01:42:04
수출,HANSUNG WEIHAI,2648E,20260830,HASLK01260802025,HANSUNG SHIPPING CO LTD,RYDU2639852,20',22TN,,1,1,26SNKO3152E,2026-09-29 01:42:04
수출,HANSUNG WEIHAI,2648E,20260830,HASLK01260802025,HANSUNG SHIPPING CO LTD,RYDU2639873,20',22TN,,1,1,26SNKO3152E,2026-09-29 01:42:04
수출,HANSUNG WEIHAI,2648E,20260830,HASLK01260802025,HANSUNG SHIPPING CO LTD,RYDU2639929,20',22TN,,1,1,26SNKO3152E,2026-09-29 01:42:04
수출,HANSUNG WEIHAI,2648E,20260830,HASLK01260802025,HANSUNG SHIPPING CO LTD,RYDU2639960,20',22TN,,1,1,26SNKO3152E,2026-09-29 01:42:04
수출,HANSUNG WEIHAI,2648E,20260830,HASLK01260802025,HANSUNG SHIPPING CO LTD,RYDU2640025,20',22TN,,1,1,26SNKO3152E,2026-09-29 01:42:04
수출,HANSUNG WEIHAI,2648E,20260830,HASLK01260802025,HANSUNG SHIPPING CO LTD,RYDU2640030,20',22TN,,1,1,26SNKO3152E,2026-09-29 01:42:04
수출,HANSUNG WEIHAI,2648E,20260830,HASLK01260802025,HANSUNG SHIPPING CO LTD,RYDU2640046,20',22TN,,1,1,26SNKO3152E,2026-09-29 01:42:04
수출,HANSUNG WEIHAI,2648E,20260830,HASLK01260802025,HANSUNG SHIPPING CO LTD,RYDU2640128,20',22TN,,1,1,26SNKO3152E,2026-09-29 01:42:04
수출,HANSUNG WEIHAI,2648E,20260830,HASLK01260802025,HANSUNG SHIPPING CO LTD,RYDU2640154,20',22TN,,1,1,26SNKO3152E,2026-09-29 01:42:04
수출,HANSUNG WEIHAI,2648E,20260830,HASLK01260802025,HANSUNG SHIPPING CO LTD,SEGU8181917,20',22TN,,1,1,26SNKO3152E,2026-09-29 01:42:04
수출,HANSUNG WEIHAI,2648E,20260830,HASLK01260802025,HANSUNG SHIPPING CO LTD,SEGU8183186,20',22TN,,1,1,26SNKO3152E,2026-09-29 01:42:04
수출,HANSUNG WEIHAI,2648E,20260830,HASLK01260802025,HANSUNG SHIPPING CO LTD,SLZU2819230,20',22TN,,1,1,26SNKO3152E,2026-09-29 01:42:04
수출,HANSUNG WEIHAI,2648E,20260830,HASLK01260802025,HANSUNG SHIPPING CO LTD,TIFU1764033,20',22TN,,1,1,26SNKO3152E,2026-09-29 01:42:04
수출,HANSUNG WEIHAI,2648E,20260830,HASLK01260802025,HANSUNG SHIPPING CO LTD,TIFU1764732,20',22TN,,1,1,26SNKO3152E,2026-09-29 01:42:04
수출,HANSUNG WEIHAI,2648E,20260830,HASLK01260803536,MTS LOGISTICS CO LTD OB OFJOOWON TECH COLTD,SKHU8419316,40',45GP,,2,1,26SNKO3152E,2026-09-29 01:42:04
수출,HANSUNG WEIHAI,2648E,20260830,HASLK01260805902,UPS SCS KOREA LIMITED,SKHU9304688,40',45GP,,2,1,26SNKO3152E,2026-09-29 01:42:04
수출,HANSUNG WEIHAI,2648E,20260830,HASLK01260806110,HYUNDAI WELDING CO LTD157-37 WEWORK BD 15F,HALU2035141,20',22GP,,1,1,26SNKO3152E,2026-09-29 01:42:04
수출,HANSUNG WEIHAI,2648E,20260830,HASLK01260807313,GREEN  GLOBE LINE CO LTD OB OF- AS PER ATTACHED RIDER -,SKHU8411130,40',45GP,,2,1,26SNKO3152E,2026-09-29 01:42:04
수출,HANSUNG WEIHAI,2648E,20260830,HASLK01260807431,MOLAX LINE LTD OB OF- AS PER ATTACHED RIDER -,SKLU0577761,20',22GP,,1,1,26SNKO3152E,2026-09-29 01:42:04
수출,HANSUNG WEIHAI,2648E,20260830,HASLK01260807465,FAIRCON LINE CO LTD,HLHU8200193,40',45GP,,2,1,26SNKO3152E,2026-09-29 01:42:04
수출,HANSUNG WEIHAI,2648E,20260830,HASLK01260807581,ORIENT STAR LOGIX CO LTD OB OF- AS PER ATTACHED RIDER -,HALU2412923,20',22GP,,1,1,26SNKO3152E,2026-09-29 01:42:04
수출,HANSUNG WEIHAI,2648E,20260830,HASLK01260807666,HYUNDAI WELDING CO LTD157-37 WEWORK BD 15F,SKLU1325316,20',22GP,,1,1,26SNKO3152E,2026-09-29 01:42:04
수출,HANSUNG WEIHAI,2648E,20260830,HASLK02260800876,SANTOH INCORPORATION OB OFSAMHWA TRADING COLTD,SKLU0732960,20',22GP,,1,1,26SNKO3152E,2026-09-29 01:42:04
수출,HANSUNG WEIHAI,2648E,20260830,HASLK02260801041,HEUNG-A LINE COLTD,HLHU8334823,40',45GP,,2,1,26SNKO3152E,2026-09-29 01:42:04
수출,HANSUNG WEIHAI,2648E,20260830,HASLK02260801041,HEUNG-A LINE COLTD,HLHU8412227,40',45GP,,2,1,26SNKO3152E,2026-09-29 01:42:04
수출,HANSUNG WEIHAI,2648E,20260830,HASLK02260801041,HEUNG-A LINE COLTD,HLHU8512988,40',45GP,,2,1,26SNKO3152E,2026-09-29 01:42:04
수출,HANSUNG WEIHAI,2648E,20260830,HASLK02260801041,HEUNG-A LINE COLTD,SKHU6357236,40',45GP,,2,1,26SNKO3152E,2026-09-29 01:42:04
수출,HANSUNG WEIHAI,2648E,20260830,HASLK02260801041,HEUNG-A LINE COLTD,SKHU6366557,40',45GP,,2,1,26SNKO3152E,2026-09-29 01:42:04
수출,HANSUNG WEIHAI,2648E,20260830,HASLK02260801278,EUNSAN SHIPPING  AIRCARGO COLTD89TH FL EUNSAN BLDG,SKLU2054970,20',22GP,,1,1,26SNKO3152E,2026-09-29 01:42:04
수출,HANSUNG WEIHAI,2648E,20260830,HASLS11260601116,PT MOL LOGISTICS INDONESIACENTENNIAL TOWER 15TH FLOOR,SKHU6206409,40',45GP,,2,1,26SNKO3152E,2026-09-29 01:42:04
수출,HANSUNG WEIHAI,2648E,20260830,HASLS22260701203,METAL ONE THAILAND CO LTD,SKLU1640684,20',22GP,,1,1,26SNKO3152E,2026-09-29 01:42:04
수출,HANSUNG WEIHAI,2648E,20260830,HASLS52260800024,PT CHEIL JEDANG INDONESIA,HALU2319507,20',22GP,,1,1,26SNKO3152E,2026-09-29 01:42:04
수출,HANSUNG WEIHAI,2648E,20260830,HASLS52260800025,PT CHEIL JEDANG INDONESIA,SKLU2484591,20',22GP,,1,1,26SNKO3152E,2026-09-29 01:42:04
수출,HANSUNG WEIHAI,2648E,20260830,HASLS53260600296,HOCK ENERGY ENTERPRISE SDN BHD,HLHU8320373,40',45GP,,2,1,26SNKO3152E,2026-09-29 01:42:04
수출,HEUNG-A XIAMEN,2633S,20260830,HASLC01260711351,JIANGSU BOHUI PAPER INDUSTRYCOLTD,HLHU8308233,40',45GP,,2,1,26HASL1168E,2026-09-29 01:42:04
수출,HEUNG-A XIAMEN,2633S,20260830,HASLC01260711351,JIANGSU BOHUI PAPER INDUSTRYCOLTD,HLHU8486976,40',45GP,,2,1,26HASL1168E,2026-09-29 01:42:04
수출,HEUNG-A XIAMEN,2633S,20260830,HASLC01260711351,JIANGSU BOHUI PAPER INDUSTRYCOLTD,SKHU8412950,40',45GP,,2,1,26HASL1168E,2026-09-29 01:42:04
수출,HEUNG-A XIAMEN,2633S,20260830,HASLC01260711351,JIANGSU BOHUI PAPER INDUSTRYCOLTD,SKHU9811888,40',45GP,,2,1,26HASL1168E,2026-09-29 01:42:04
수출,HEUNG-A XIAMEN,2633S,20260830,HASLC01260717589,JIAXING EASTERN STEEL CORD COLTD,HALU2525236,20',22GP,,1,1,26HASL1168E,2026-09-29 01:42:04
수출,HEUNG-A XIAMEN,2633S,20260830,HASLC01260717589,JIAXING EASTERN STEEL CORD COLTD,HALU2560366,20',22GP,,1,1,26HASL1168E,2026-09-29 01:42:04
수출,HEUNG-A XIAMEN,2633S,20260830,HASLC01260717589,JIAXING EASTERN STEEL CORD COLTD,SKLU0589551,20',22GP,,1,1,26HASL1168E,2026-09-29 01:42:04
수출,HEUNG-A XIAMEN,2633S,20260830,HASLC01260717591,JIAXING EASTERN STEEL CORD COLTD,SKLU2405191,20',22GP,,1,1,26HASL1168E,2026-09-29 01:42:04
수출,HEUNG-A XIAMEN,2633S,20260830,HASLC01260717706,JIAXING EASTERN STEEL CORD COLTD,HALU2522392,20',22GP,,1,1,26HASL1168E,2026-09-29 01:42:04
수출,HEUNG-A XIAMEN,2633S,20260830,HASLC01260717706,JIAXING EASTERN STEEL CORD COLTD,HALU2568773,20',22GP,,1,1,26HASL1168E,2026-09-29 01:42:04
수출,HEUNG-A XIAMEN,2633S,20260830,HASLC01260718438,ZHANGJIAGANG JUNMA STEELCORD CO LTD,HALU2355572,20',22GP,,1,1,26HASL1168E,2026-09-29 01:42:04
수출,HEUNG-A XIAMEN,2633S,20260830,HASLC01260718438,ZHANGJIAGANG JUNMA STEELCORD CO LTD,SKLU1569483,20',22GP,,1,1,26HASL1168E,2026-09-29 01:42:04
수출,HEUNG-A XIAMEN,2633S,20260830,HASLC01260718438,ZHANGJIAGANG JUNMA STEELCORD CO LTD,SKLU2327674,20',22GP,,1,1,26HASL1168E,2026-09-29 01:42:04
수출,HEUNG-A XIAMEN,2633S,20260830,HASLC01260718438,ZHANGJIAGANG JUNMA STEELCORD CO LTD,SKLU2493783,20',22GP,,1,1,26HASL1168E,2026-09-29 01:42:04
수출,HEUNG-A XIAMEN,2633S,20260830,HASLC01260718457,LOGISTEED CHINA LTD,SKHU9952417,40',45GP,,2,1,26HASL1168E,2026-09-29 01:42:04
수출,HEUNG-A XIAMEN,2633S,20260830,HASLC01260719910,JUNMA TYRE CORD COMPANY LIMITED    NO80CHENGHANG HEDONG ROAD,SKHU9320610,40',45GP,,2,1,26HASL1168E,2026-09-29 01:42:04
수출,HEUNG-A XIAMEN,2633S,20260830,HASLC01260719922,SHANGHAI DOUBLE INTERNATIONALLOGISTIC COLTD,HLHU8515903,40',45GP,,2,1,26HASL1168E,2026-09-29 01:42:04
수출,HEUNG-A XIAMEN,2633S,20260830,HASLC01260719922,SHANGHAI DOUBLE INTERNATIONALLOGISTIC COLTD,HLHU8535392,40',45GP,,2,1,26HASL1168E,2026-09-29 01:42:04
수출,HEUNG-A XIAMEN,2633S,20260830,HASLC01260803322,PAC-TRATIANJIN LOGISTICS COLTD     SHANGHAI BRANCH,SKHU6321212,40',45GP,,2,1,26HASL1168E,2026-09-29 01:42:04
수출,HEUNG-A XIAMEN,2633S,20260830,HASLC03260701973,QINGDAO ZHENRO INT L SHIPPINGCOLTD,HALU2566683,20',22GP,,1,1,26HASL1168E,2026-09-29 01:42:04
수출,HEUNG-A XIAMEN,2633S,20260830,HASLC04260800005,AIT INTERNATIONAL LOGISTICSSHANGHAI CO LTD DALIAN BRANCH,GCXU6011978,40',45GP,,2,1,26HASL1168E,2026-09-29 01:42:04
수출,HEUNG-A XIAMEN,2633S,20260830,HASLC04260800005,AIT INTERNATIONAL LOGISTICSSHANGHAI CO LTD DALIAN BRANCH,SKHU6343567,40',45GP,,2,1,26HASL1168E,2026-09-29 01:42:04
수출,HEUNG-A XIAMEN,2633S,20260830,HASLC04260800005,AIT INTERNATIONAL LOGISTICSSHANGHAI CO LTD DALIAN BRANCH,SKHU6433681,40',45GP,,2,1,26HASL1168E,2026-09-29 01:42:04
수출,HEUNG-A XIAMEN,2633S,20260830,HASLC04260800005,AIT INTERNATIONAL LOGISTICSSHANGHAI CO LTD DALIAN BRANCH,SKHU9112540,40',45GP,,2,1,26HASL1168E,2026-09-29 01:42:04
수출,HEUNG-A XIAMEN,2633S,20260830,HASLC04260800005,AIT INTERNATIONAL LOGISTICSSHANGHAI CO LTD DALIAN BRANCH,SKHU9322125,40',45GP,,2,1,26HASL1168E,2026-09-29 01:42:04
수출,HEUNG-A XIAMEN,2633S,20260830,HASLC04260800005,AIT INTERNATIONAL LOGISTICSSHANGHAI CO LTD DALIAN BRANCH,TGBU5434330,40',45GP,,2,1,26HASL1168E,2026-09-29 01:42:04
수출,HEUNG-A XIAMEN,2633S,20260830,HASLC04260800006,AIT INTERNATIONAL LOGISTICSSHANGHAI CO LTD DALIAN BRANCH,HLHU6421106,40',45GP,,2,1,26HASL1168E,2026-09-29 01:42:04
수출,HEUNG-A XIAMEN,2633S,20260830,HASLC04260800006,AIT INTERNATIONAL LOGISTICSSHANGHAI CO LTD DALIAN BRANCH,HLHU8104693,40',45GP,,2,1,26HASL1168E,2026-09-29 01:42:04
수출,HEUNG-A XIAMEN,2633S,20260830,HASLC04260800006,AIT INTERNATIONAL LOGISTICSSHANGHAI CO LTD DALIAN BRANCH,HLHU8304876,40',45GP,,2,1,26HASL1168E,2026-09-29 01:42:04
수출,HEUNG-A XIAMEN,2633S,20260830,HASLC04260800006,AIT INTERNATIONAL LOGISTICSSHANGHAI CO LTD DALIAN BRANCH,HLHU8384932,40',45GP,,2,1,26HASL1168E,2026-09-29 01:42:04
수출,HEUNG-A XIAMEN,2633S,20260830,HASLC04260800006,AIT INTERNATIONAL LOGISTICSSHANGHAI CO LTD DALIAN BRANCH,HLHU8508355,40',45GP,,2,1,26HASL1168E,2026-09-29 01:42:04
수출,HEUNG-A XIAMEN,2633S,20260830,HASLC04260800006,AIT INTERNATIONAL LOGISTICSSHANGHAI CO LTD DALIAN BRANCH,HLHU8598301,40',45GP,,2,1,26HASL1168E,2026-09-29 01:42:04
수출,HEUNG-A XIAMEN,2633S,20260830,HASLC5T260700586,FOSHAN PYRITE MINERAL MATERIALS    CO LTD,HALU2536884,20',22GP,,1,1,26HASL1168E,2026-09-29 01:42:04
수출,HEUNG-A XIAMEN,2633S,20260830,HASLC5T260700586,FOSHAN PYRITE MINERAL MATERIALS    CO LTD,SKLU0713981,20',22GP,,1,1,26HASL1168E,2026-09-29 01:42:04
수출,HEUNG-A XIAMEN,2633S,20260830,HASLC5T260700586,FOSHAN PYRITE MINERAL MATERIALS    CO LTD,SKLU1201552,20',22GP,,1,1,26HASL1168E,2026-09-29 01:42:04
수출,HEUNG-A XIAMEN,2633S,20260830,HASLC5T260700586,FOSHAN PYRITE MINERAL MATERIALS    CO LTD,SKLU1667577,20',22GP,,1,1,26HASL1168E,2026-09-29 01:42:04
수출,HEUNG-A XIAMEN,2633S,20260830,HASLK01260603208,SBK SHIPPING COLTD OB OFECO DEVICE KOREA COLTD,SKLU0526208,20',22GP,,1,1,26HASL1168E,2026-09-29 01:42:04
수출,HEUNG-A XIAMEN,2633S,20260830,HASLK01260607081,KUKBO LOGIX CO LTD OB OFOCI COMPANY LTD,BJCU0000142,20',22GP,,1,1,26HASL1168E,2026-09-29 01:42:04
수출,HEUNG-A XIAMEN,2633S,20260830,HASLK01260607082,KUKBO LOGIX CO LTD OB OFOCI COMPANY LTD,BJCU0000564,20',22GP,,1,1,26HASL1168E,2026-09-29 01:42:04
수출,HEUNG-A XIAMEN,2633S,20260830,HASLK01260701349,ABLY LOGIS COLTD OB OFSUN SMILE KOREA CO LTD,HALU2558712,20',22GP,,1,1,26HASL1168E,2026-09-29 01:42:04
수출,HEUNG-A XIAMEN,2633S,20260830,HASLK01260702317,EUN CHANG CO LTD1101-11 HOGUK-RO GOKYUNG-MYEON,SKHU6513853,40',45GP,,2,1,26HASL1168E,2026-09-29 01:42:04
수출,HEUNG-A XIAMEN,2633S,20260830,HASLK01260702317,EUN CHANG CO LTD1101-11 HOGUK-RO GOKYUNG-MYEON,SKHU8113584,40',45GP,,2,1,26HASL1168E,2026-09-29 01:42:04
수출,HEUNG-A XIAMEN,2633S,20260830,HASLK01260702801,DK LOGISTICS CO LTD OB OFPARKLON YANGJU BRANCH COLTD,SKHU9211965,40',45GP,,2,1,26HASL1168E,2026-09-29 01:42:04
수출,HEUNG-A XIAMEN,2633S,20260830,HASLK01260703208,ORIENT STAR LOGIX CO LTD4F SUNGJEE BLDG 10 DONGMAK-RO,SKHU6374336,40',45GP,,2,1,26HASL1168E,2026-09-29 01:42:04
수출,HEUNG-A XIAMEN,2633S,20260830,HASLK01260703208,ORIENT STAR LOGIX CO LTD4F SUNGJEE BLDG 10 DONGMAK-RO,SKHU6385011,40',45GP,,2,1,26HASL1168E,2026-09-29 01:42:04
수출,HEUNG-A XIAMEN,2633S,20260830,HASLK01260703208,ORIENT STAR LOGIX CO LTD4F SUNGJEE BLDG 10 DONGMAK-RO,SKHU9954209,40',45GP,,2,1,26HASL1168E,2026-09-29 01:42:04
수출,HEUNG-A XIAMEN,2633S,20260830,HASLK01260704110,HEUNG-A LOGISTICS COLTDHANRIM BD 14F 336 DONGHO-RO,HLHU6408193,40',45GP,,2,1,26HASL1168E,2026-09-29 01:42:04
수출,HEUNG-A XIAMEN,2633S,20260830,HASLK01260704110,HEUNG-A LOGISTICS COLTDHANRIM BD 14F 336 DONGHO-RO,SKHU9609141,40',45GP,,2,1,26HASL1168E,2026-09-29 01:42:04
수출,HEUNG-A XIAMEN,2633S,20260830,HASLK01260704538,MITSUI-SOKO KOREA COLTD,SKRU2500919,20',22RE,,1,1,26HASL1168E,2026-09-29 01:42:04
수출,HEUNG-A XIAMEN,2633S,20260830,HASLK01260704930,KOREA CONCEPT COLTDRM907NAMKANG BLDG32-2,NCCU1284607,20',22TN,,1,1,26HASL1168E,2026-09-29 01:42:04
수출,HEUNG-A XIAMEN,2633S,20260830,HASLK01260704930,KOREA CONCEPT COLTDRM907NAMKANG BLDG32-2,NCCU1320978,20',22TN,,1,1,26HASL1168E,2026-09-29 01:42:04
수출,HEUNG-A XIAMEN,2633S,20260830,HASLK01260704930,KOREA CONCEPT COLTDRM907NAMKANG BLDG32-2,NCCU1321845,20',22TN,,1,1,26HASL1168E,2026-09-29 01:42:04
수출,HEUNG-A XIAMEN,2633S,20260830,HASLK01260704987,LOTTE GLOBAL LOGISTICS COLTDYONSEI SEVERANCE GUILDING10,HALU2508959,20',22GP,,1,1,26HASL1168E,2026-09-29 01:42:04
수출,HEUNG-A XIAMEN,2633S,20260830,HASLK01260704988,LOTTE GLOBAL LOGISTICS COLTDYONSEI SEVERANCE GUILDING10,SKLU2412204,20',22GP,,1,1,26HASL1168E,2026-09-29 01:42:04
수출,HEUNG-A XIAMEN,2633S,20260830,HASLK01260705585,NRS LOGISTICS KOREA CO LTDOB OF ECOLAB KOREA LTD,NROU4110987,20',22TN,,1,1,26HASL1168E,2026-09-29 01:42:04
수출,HEUNG-A XIAMEN,2633S,20260830,HASLK01260705657,LOTTE GLOBAL LOGISTICS COLTDYONSEI SEVERANCE BUILDING10,FBIU5372349,40',45RE,,2,1,26HASL1168E,2026-09-29 01:42:04
수출,HEUNG-A XIAMEN,2633S,20260830,HASLK01260706100,KUKBO LOGIX CO LTD OB OFOCI COMPANY LTD,EURU1215955,20',22TN,,1,1,26HASL1168E,2026-09-29 01:42:04
수출,HEUNG-A XIAMEN,2633S,20260830,HASLK01260706100,KUKBO LOGIX CO LTD OB OFOCI COMPANY LTD,RDXU2521683,20',22TN,,1,1,26HASL1168E,2026-09-29 01:42:04
수출,HEUNG-A XIAMEN,2633S,20260830,HASLK01260706543,LX HAUSYS LTD58 SAEMUNAN-RO,TGCU2412177,20',22GP,,1,1,26HASL1168E,2026-09-29 01:42:04
수출,HEUNG-A XIAMEN,2633S,20260830,HASLK01260706684,YOUNG SUNG SEA  AIR CO LTD OB OFTODA MATERIALS INC,SKLU0561298,20',22GP,,1,1,26HASL1168E,2026-09-29 01:42:04
수출,HEUNG-A XIAMEN,2633S,20260830,HASLK01260706902,SAMYANG CORPORATION295 PANGYO-RO BUNDANG-GU,BEAU2088045,20',22GP,,1,1,26HASL1168E,2026-09-29 01:42:04
수출,HEUNG-A XIAMEN,2633S,20260830,HASLK01260706902,SAMYANG CORPORATION295 PANGYO-RO BUNDANG-GU,BEAU2995405,20',22GP,,1,1,26HASL1168E,2026-09-29 01:42:04
수출,HEUNG-A XIAMEN,2633S,20260830,HASLK01260706902,SAMYANG CORPORATION295 PANGYO-RO BUNDANG-GU,CXDU2377777,20',22GP,,1,1,26HASL1168E,2026-09-29 01:42:04
수출,HEUNG-A XIAMEN,2633S,20260830,HASLK01260706902,SAMYANG CORPORATION295 PANGYO-RO BUNDANG-GU,HALU2345358,20',22GP,,1,1,26HASL1168E,2026-09-29 01:42:04
수출,HEUNG-A XIAMEN,2633S,20260830,HASLK01260706902,SAMYANG CORPORATION295 PANGYO-RO BUNDANG-GU,HALU2402890,20',22GP,,1,1,26HASL1168E,2026-09-29 01:42:04
수출,HEUNG-A XIAMEN,2633S,20260830,HASLK01260706902,SAMYANG CORPORATION295 PANGYO-RO BUNDANG-GU,HALU2434537,20',22GP,,1,1,26HASL1168E,2026-09-29 01:42:04
수출,HEUNG-A XIAMEN,2633S,20260830,HASLK01260706902,SAMYANG CORPORATION295 PANGYO-RO BUNDANG-GU,HALU2524158,20',22GP,,1,1,26HASL1168E,2026-09-29 01:42:04
수출,HEUNG-A XIAMEN,2633S,20260830,HASLK01260706902,SAMYANG CORPORATION295 PANGYO-RO BUNDANG-GU,HALU2524923,20',22GP,,1,1,26HASL1168E,2026-09-29 01:42:04
수출,HEUNG-A XIAMEN,2633S,20260830,HASLK01260706902,SAMYANG CORPORATION295 PANGYO-RO BUNDANG-GU,HALU2527835,20',22GP,,1,1,26HASL1168E,2026-09-29 01:42:04
수출,HEUNG-A XIAMEN,2633S,20260830,HASLK01260706902,SAMYANG CORPORATION295 PANGYO-RO BUNDANG-GU,HALU2528528,20',22GP,,1,1,26HASL1168E,2026-09-29 01:42:04
수출,HEUNG-A XIAMEN,2633S,20260830,HASLK01260706902,SAMYANG CORPORATION295 PANGYO-RO BUNDANG-GU,HALU2529036,20',22GP,,1,1,26HASL1168E,2026-09-29 01:42:04
수출,HEUNG-A XIAMEN,2633S,20260830,HASLK01260706902,SAMYANG CORPORATION295 PANGYO-RO BUNDANG-GU,HALU2529870,20',22GP,,1,1,26HASL1168E,2026-09-29 01:42:04
수출,HEUNG-A XIAMEN,2633S,20260830,HASLK01260706902,SAMYANG CORPORATION295 PANGYO-RO BUNDANG-GU,SKLU0753752,20',22GP,,1,1,26HASL1168E,2026-09-29 01:42:04
수출,HEUNG-A XIAMEN,2633S,20260830,HASLK01260706902,SAMYANG CORPORATION295 PANGYO-RO BUNDANG-GU,SKLU1333097,20',22GP,,1,1,26HASL1168E,2026-09-29 01:42:04
수출,HEUNG-A XIAMEN,2633S,20260830,HASLK01260706902,SAMYANG CORPORATION295 PANGYO-RO BUNDANG-GU,SKLU1540155,20',22GP,,1,1,26HASL1168E,2026-09-29 01:42:04
수출,HEUNG-A XIAMEN,2633S,20260830,HASLK01260706902,SAMYANG CORPORATION295 PANGYO-RO BUNDANG-GU,SKLU1540725,20',22GP,,1,1,26HASL1168E,2026-09-29 01:42:04
수출,HEUNG-A XIAMEN,2633S,20260830,HASLK01260706902,SAMYANG CORPORATION295 PANGYO-RO BUNDANG-GU,SKLU1541090,20',22GP,,1,1,26HASL1168E,2026-09-29 01:42:04
수출,HEUNG-A XIAMEN,2633S,20260830,HASLK01260706902,SAMYANG CORPORATION295 PANGYO-RO BUNDANG-GU,SKLU1560655,20',22GP,,1,1,26HASL1168E,2026-09-29 01:42:04
수출,HEUNG-A XIAMEN,2633S,20260830,HASLK01260706902,SAMYANG CORPORATION295 PANGYO-RO BUNDANG-GU,SKLU1571304,20',22GP,,1,1,26HASL1168E,2026-09-29 01:42:04
수출,HEUNG-A XIAMEN,2633S,20260830,HASLK01260706902,SAMYANG CORPORATION295 PANGYO-RO BUNDANG-GU,SKLU1908627,20',22GP,,1,1,26HASL1168E,2026-09-29 01:42:04
수출,HEUNG-A XIAMEN,2633S,20260830,HASLK01260706902,SAMYANG CORPORATION295 PANGYO-RO BUNDANG-GU,SKLU1915586,20',22GP,,1,1,26HASL1168E,2026-09-29 01:42:04
수출,HEUNG-A XIAMEN,2633S,20260830,HASLK01260706902,SAMYANG CORPORATION295 PANGYO-RO BUNDANG-GU,SKLU1922796,20',22GP,,1,1,26HASL1168E,2026-09-29 01:42:04
수출,HEUNG-A XIAMEN,2633S,20260830,HASLK01260706902,SAMYANG CORPORATION295 PANGYO-RO BUNDANG-GU,SKLU1927611,20',22GP,,1,1,26HASL1168E,2026-09-29 01:42:04
수출,HEUNG-A XIAMEN,2633S,20260830,HASLK01260706902,SAMYANG CORPORATION295 PANGYO-RO BUNDANG-GU,SKLU1934518,20',22GP,,1,1,26HASL1168E,2026-09-29 01:42:04
수출,HEUNG-A XIAMEN,2633S,20260830,HASLK01260706902,SAMYANG CORPORATION295 PANGYO-RO BUNDANG-GU,SKLU1946967,20',22GP,,1,1,26HASL1168E,2026-09-29 01:42:04
수출,HEUNG-A XIAMEN,2633S,20260830,HASLK01260706902,SAMYANG CORPORATION295 PANGYO-RO BUNDANG-GU,SKLU2009930,20',22GP,,1,1,26HASL1168E,2026-09-29 01:42:04
수출,HEUNG-A XIAMEN,2633S,20260830,HASLK01260706902,SAMYANG CORPORATION295 PANGYO-RO BUNDANG-GU,SKLU2054395,20',22GP,,1,1,26HASL1168E,2026-09-29 01:42:04
수출,HEUNG-A XIAMEN,2633S,20260830,HASLK01260706902,SAMYANG CORPORATION295 PANGYO-RO BUNDANG-GU,SKLU2071448,20',22GP,,1,1,26HASL1168E,2026-09-29 01:42:04
수출,HEUNG-A XIAMEN,2633S,20260830,HASLK01260706902,SAMYANG CORPORATION295 PANGYO-RO BUNDANG-GU,SKLU2104330,20',22GP,,1,1,26HASL1168E,2026-09-29 01:42:04
수출,HEUNG-A XIAMEN,2633S,20260830,HASLK01260706902,SAMYANG CORPORATION295 PANGYO-RO BUNDANG-GU,SKLU2430194,20',22GP,,1,1,26HASL1168E,2026-09-29 01:42:04
수출,HEUNG-A XIAMEN,2633S,20260830,HASLK01260706902,SAMYANG CORPORATION295 PANGYO-RO BUNDANG-GU,TEMU0570101,20',22GP,,1,1,26HASL1168E,2026-09-29 01:42:04
수출,HEUNG-A XIAMEN,2633S,20260830,HASLK01260706906,SAMYANG CORPORATION295 PANGYO-RO BUNDANG-GU,HALU2421226,20',22GP,,1,1,26HASL1168E,2026-09-29 01:42:04
수출,HEUNG-A XIAMEN,2633S,20260830,HASLK01260706906,SAMYANG CORPORATION295 PANGYO-RO BUNDANG-GU,HALU2425052,20',22GP,,1,1,26HASL1168E,2026-09-29 01:42:04
수출,HEUNG-A XIAMEN,2633S,20260830,HASLK01260706906,SAMYANG CORPORATION295 PANGYO-RO BUNDANG-GU,HALU2550666,20',22GP,,1,1,26HASL1168E,2026-09-29 01:42:04
수출,HEUNG-A XIAMEN,2633S,20260830,HASLK01260706906,SAMYANG CORPORATION295 PANGYO-RO BUNDANG-GU,SKLU0535690,20',22GP,,1,1,26HASL1168E,2026-09-29 01:42:04
수출,HEUNG-A XIAMEN,2633S,20260830,HASLK01260706906,SAMYANG CORPORATION295 PANGYO-RO BUNDANG-GU,SKLU1530630,20',22GP,,1,1,26HASL1168E,2026-09-29 01:42:04
수출,HEUNG-A XIAMEN,2633S,20260830,HASLK01260706906,SAMYANG CORPORATION295 PANGYO-RO BUNDANG-GU,SKLU1589129,20',22GP,,1,1,26HASL1168E,2026-09-29 01:42:04
수출,HEUNG-A XIAMEN,2633S,20260830,HASLK01260706906,SAMYANG CORPORATION295 PANGYO-RO BUNDANG-GU,SKLU1648216,20',22GP,,1,1,26HASL1168E,2026-09-29 01:42:04
수출,HEUNG-A XIAMEN,2633S,20260830,HASLK01260706906,SAMYANG CORPORATION295 PANGYO-RO BUNDANG-GU,SKLU2406876,20',22GP,,1,1,26HASL1168E,2026-09-29 01:42:04
수출,HEUNG-A XIAMEN,2633S,20260830,HASLK01260706945,HEUNG-A LOGISTICS CO LTD OB OFRINNAI KOREA CORPORATION,SKLU1117605,20',22GP,,1,1,26HASL1168E,2026-09-29 01:42:04
수출,HEUNG-A XIAMEN,2633S,20260830,HASLK01260707194,TONG-YANG MEDIA CO LTD1F A-DONG 512 HOEDONG-GIL,HLHU8600121,40',45GP,,2,1,26HASL1168E,2026-09-29 01:42:04
수출,HEUNG-A XIAMEN,2633S,20260830,HASLK01260707194,TONG-YANG MEDIA CO LTD1F A-DONG 512 HOEDONG-GIL,SKHU6535019,40',45GP,,2,1,26HASL1168E,2026-09-29 01:42:04
수출,HEUNG-A XIAMEN,2633S,20260830,HASLK01260707278,DAESANG CORPORATION,HALU2420106,20',22GP,,1,1,26HASL1168E,2026-09-29 01:42:04
수출,HEUNG-A XIAMEN,2633S,20260830,HASLK01260708219,SOLVAY SILICA KOREA COLTD229 SAEMANGEUMSANDAN 2-RO,HLHU8470012,40',45GP,,2,1,26HASL1168E,2026-09-29 01:42:04
수출,HEUNG-A XIAMEN,2633S,20260830,HASLK01260708219,SOLVAY SILICA KOREA COLTD229 SAEMANGEUMSANDAN 2-RO,HLHU8510521,40',45GP,,2,1,26HASL1168E,2026-09-29 01:42:04
수출,HEUNG-A XIAMEN,2633S,20260830,HASLK01260708219,SOLVAY SILICA KOREA COLTD229 SAEMANGEUMSANDAN 2-RO,SKHU6321655,40',45GP,,2,1,26HASL1168E,2026-09-29 01:42:04
수출,HEUNG-A XIAMEN,2633S,20260830,HASLK01260708219,SOLVAY SILICA KOREA COLTD229 SAEMANGEUMSANDAN 2-RO,SKHU9322655,40',45GP,,2,1,26HASL1168E,2026-09-29 01:42:04
수출,HEUNG-A XIAMEN,2633S,20260830,HASLK01260708219,SOLVAY SILICA KOREA COLTD229 SAEMANGEUMSANDAN 2-RO,SKHU9420055,40',45GP,,2,1,26HASL1168E,2026-09-29 01:42:04
수출,HEUNG-A XIAMEN,2633S,20260830,HASLK01260708219,SOLVAY SILICA KOREA COLTD229 SAEMANGEUMSANDAN 2-RO,SKHU9938419,40',45GP,,2,1,26HASL1168E,2026-09-29 01:42:04
수출,HEUNG-A XIAMEN,2633S,20260830,HASLK01260708293,NNR GLOBAL LOGISTICS KOREA COLTDOB OF LCC CO LTD,HALU2546500,20',22GP,,1,1,26HASL1168E,2026-09-29 01:42:04
수출,HEUNG-A XIAMEN,2633S,20260830,HASLK01260708293,NNR GLOBAL LOGISTICS KOREA COLTDOB OF LCC CO LTD,SKHU9317880,40',45GP,,2,1,26HASL1168E,2026-09-29 01:42:04
수출,HEUNG-A XIAMEN,2633S,20260830,HASLK01260708554,UNION CORPORATION13TH FL OCI BLDG 94 SOGONG-RO,SKLU2071509,20',22GP,,1,1,26HASL1168E,2026-09-29 01:42:04
수출,HEUNG-A XIAMEN,2633S,20260830,HASLK01260708780,ISA COMPANY LIMITED OB OFOHSUNG CHEMICAL IND CO LTD,GESU8059165,20',22TN,,1,1,26HASL1168E,2026-09-29 01:42:04
수출,HEUNG-A XIAMEN,2633S,20260830,HASLK01260708780,ISA COMPANY LIMITED OB OFOHSUNG CHEMICAL IND CO LTD,SEGU8064335,20',22TN,,1,1,26HASL1168E,2026-09-29 01:42:04
수출,HEUNG-A XIAMEN,2633S,20260830,HASLK01260709455,UNION CORPORATION13TH FL OCI BLDG 94 SOGONG-RO,SKLU2338133,20',22GP,,1,1,26HASL1168E,2026-09-29 01:42:04
수출,HEUNG-A XIAMEN,2633S,20260830,HASLK01260709554,CARGOPLAN COLTD OB OFAZELIS KOREA COLTD,HALU2022566,20',22GP,,1,1,26HASL1168E,2026-09-29 01:42:04
수출,HEUNG-A XIAMEN,2633S,20260830,HASLK01260709583,BORAM LOGISTICS CO LTD OB OFSUGIYAMA KOREA COLTD,SKHU5501945,40',42UT,,2,1,26HASL1168E,2026-09-29 01:42:04
수출,HEUNG-A XIAMEN,2633S,20260830,HASLK01260709966,NNR GLOBAL LOGISTICS KOREA COLTDOB OF VOLVIK INC,SKHU9924966,40',45GP,,2,1,26HASL1168E,2026-09-29 01:42:04
수출,HEUNG-A XIAMEN,2633S,20260830,HASLK01260710083,TS CORPORATION299 OLYMPIC-RO SONGPA-GU,HALU2562190,20',22GP,,1,1,26HASL1168E,2026-09-29 01:42:04
수출,HEUNG-A XIAMEN,2633S,20260830,HASLK01260710083,TS CORPORATION299 OLYMPIC-RO SONGPA-GU,SKLU1400575,20',22GP,,1,1,26HASL1168E,2026-09-29 01:42:04
수출,HEUNG-A XIAMEN,2633S,20260830,HASLK01260710083,TS CORPORATION299 OLYMPIC-RO SONGPA-GU,SKLU2342133,20',22GP,,1,1,26HASL1168E,2026-09-29 01:42:04
수출,HEUNG-A XIAMEN,2633S,20260830,HASLK01260710199,HYUNDAI GLOBAL CO LTD OB OFB  TECH CORPORATION,HALU2362099,20',22GP,,1,1,26HASL1168E,2026-09-29 01:42:04
수출,HEUNG-A XIAMEN,2633S,20260830,HASLK01260800072,SH ENERGY AND CHEMICAL COLTD445 TEHERAN-RO 14FLGANGNAM-GU,SKHU1500576,20',22UT,,1,1,26HASL1168E,2026-09-29 01:42:04
수출,HEUNG-A XIAMEN,2633S,20260830,HASLK01260800200,HEUNG-A LOGISTICS CO LTD OB OFG-BIZ CO LTD,HLHU8105560,40',45GP,,2,1,26HASL1168E,2026-09-29 01:42:04
수출,HEUNG-A XIAMEN,2633S,20260830,HASLK01260800206,HEUNG-A LOGISTICS CO LTD OB OFG-BIZ CO LTD,SKHU9970600,40',45GP,,2,1,26HASL1168E,2026-09-29 01:42:04
수출,HEUNG-A XIAMEN,2633S,20260830,HASLK01260800206,HEUNG-A LOGISTICS CO LTD OB OFG-BIZ CO LTD,TGBU5683482,40',45GP,,2,1,26HASL1168E,2026-09-29 01:42:04
수출,HEUNG-A XIAMEN,2633S,20260830,HASLK01260800386,EXPEDITORS KOREA LTD2F EC VENTURE DREAM TOWER 2-CHA,FBIU5103632,40',45RE,,2,1,26HASL1168E,2026-09-29 01:42:04
수출,HEUNG-A XIAMEN,2633S,20260830,HASLK01260800386,EXPEDITORS KOREA LTD2F EC VENTURE DREAM TOWER 2-CHA,FSCU5908622,40',45RE,,2,1,26HASL1168E,2026-09-29 01:42:04
수출,HEUNG-A XIAMEN,2633S,20260830,HASLK01260800504,UNIGIO KOREA COLTD706 DONGWHA BLDG 71 YEOUINARU-RO,TGBU5436040,40',45GP,,2,1,26HASL1168E,2026-09-29 01:42:04
수출,HEUNG-A XIAMEN,2633S,20260830,HASLK01260800535,SAGAWA LOGISTICS KOREA COLTDA-2001583YANGCHEON-RO,TRHU5296194,40',45GP,,2,1,26HASL1168E,2026-09-29 01:42:04
수출,HEUNG-A XIAMEN,2633S,20260830,HASLK01260800643,YULCHON CO LTD,SKLU1906352,20',22GP,,1,1,26HASL1168E,2026-09-29 01:42:04
수출,HEUNG-A XIAMEN,2633S,20260830,HASLK01260800757,DAESANG CORPORATION,HLHU8456117,40',45GP,,2,1,26HASL1168E,2026-09-29 01:42:04
수출,HEUNG-A XIAMEN,2633S,20260830,HASLK01260800784,DAESANG CORPORATION,SKLU2051307,20',22GP,,1,1,26HASL1168E,2026-09-29 01:42:04
수출,HEUNG-A XIAMEN,2633S,20260830,HASLK01260800788,DAESANG CORPORATION,FBLU0208698,40',45GP,,2,1,26HASL1168E,2026-09-29 01:42:04
수출,HEUNG-A XIAMEN,2633S,20260830,HASLK01260800881,TS CORPORATION299 OLYMPIC-RO SONGPA-GU,HALU2557172,20',22GP,,1,1,26HASL1168E,2026-09-29 01:42:04
수출,HEUNG-A XIAMEN,2633S,20260830,HASLK01260801099,PUCORE COLTD5F GRAND CENTRAL TOWER A 14,SKLU1107058,20',22GP,,1,1,26HASL1168E,2026-09-29 01:42:04
수출,HEUNG-A XIAMEN,2633S,20260830,HASLK01260801123,ISA COMPANY LIMITED OB OFISU CHEMICAL CO LTD,PCVU2563667,20',22TN,,1,1,26HASL1168E,2026-09-29 01:42:04
수출,HEUNG-A XIAMEN,2633S,20260830,HASLK01260801132,HYOSUNG CHEMICAL CORPORATIONFILM PU,HALU2323786,20',22GP,,1,1,26HASL1168E,2026-09-29 01:42:04
수출,HEUNG-A XIAMEN,2633S,20260830,HASLK01260801132,HYOSUNG CHEMICAL CORPORATIONFILM PU,SKHU9807722,40',45GP,,2,1,26HASL1168E,2026-09-29 01:42:04
수출,HEUNG-A XIAMEN,2633S,20260830,HASLK01260801208,TOP LOGISTICS KOREA COLTD3F MARCUS BLDG 55 MAGOKDONG-RO,KMLU4200238,40',42GP,,2,1,26HASL1168E,2026-09-29 01:42:04
수출,HEUNG-A XIAMEN,2633S,20260830,HASLK01260801211,TOP LOGISTICS KOREA COLTD3F MARCUS BLDG 55 MAGOKDONG-RO,HALU2465728,20',22GP,,1,1,26HASL1168E,2026-09-29 01:42:04
수출,HEUNG-A XIAMEN,2633S,20260830,HASLK01260801383,UNID CO LTD17TH FLFERRUM TOWER,SKLU0535323,20',22GP,,1,1,26HASL1168E,2026-09-29 01:42:04
수출,HEUNG-A XIAMEN,2633S,20260830,HASLK01260801595,LPK CONTAINER COLTD,HLXU8025542,40',45GP,,2,1,26HASL1168E,2026-09-29 01:42:04
수출,HEUNG-A XIAMEN,2633S,20260830,HASLK01260801595,LPK CONTAINER COLTD,OOLU8756460,40',45GP,,2,1,26HASL1168E,2026-09-29 01:42:04
수출,HEUNG-A XIAMEN,2633S,20260830,HASLK01260801595,LPK CONTAINER COLTD,WHSU5009769,40',45GP,,2,1,26HASL1168E,2026-09-29 01:42:04
수출,HEUNG-A XIAMEN,2633S,20260830,HASLK01260801603,KOREA CONCEPT COLTD,NCCU1263749,20',22TN,,1,1,26HASL1168E,2026-09-29 01:42:04
수출,HEUNG-A XIAMEN,2633S,20260830,HASLK01260801704,MILKYWAY INTERNATIONAL  CHEMICALLOGISTICS KOREA,CRXU8606625,20',22TN,,1,1,26HASL1168E,2026-09-29 01:42:04
수출,HEUNG-A XIAMEN,2633S,20260830,HASLK01260801704,MILKYWAY INTERNATIONAL  CHEMICALLOGISTICS KOREA,CRXU8606667,20',22TN,,1,1,26HASL1168E,2026-09-29 01:42:04
수출,HEUNG-A XIAMEN,2633S,20260830,HASLK01260801704,MILKYWAY INTERNATIONAL  CHEMICALLOGISTICS KOREA,CRXU8609218,20',22TN,,1,1,26HASL1168E,2026-09-29 01:42:04
수출,HEUNG-A XIAMEN,2633S,20260830,HASLK01260801704,MILKYWAY INTERNATIONAL  CHEMICALLOGISTICS KOREA,FTLU7251900,20',22TN,,1,1,26HASL1168E,2026-09-29 01:42:04
수출,HEUNG-A XIAMEN,2633S,20260830,HASLK01260801833,SEBANG EXPRESS CO LTD11TH FLOOR 158 EULJI-RO,HLHU8202690,40',45GP,,2,1,26HASL1168E,2026-09-29 01:42:04
수출,HEUNG-A XIAMEN,2633S,20260830,HASLK01260801833,SEBANG EXPRESS CO LTD11TH FLOOR 158 EULJI-RO,HLHU8387700,40',45GP,,2,1,26HASL1168E,2026-09-29 01:42:04
수출,HEUNG-A XIAMEN,2633S,20260830,HASLK01260801833,SEBANG EXPRESS CO LTD11TH FLOOR 158 EULJI-RO,SKHU9420815,40',45GP,,2,1,26HASL1168E,2026-09-29 01:42:04
수출,HEUNG-A XIAMEN,2633S,20260830,HASLK01260801843,KP ELECTRIC CO LTD328 BANGCHUK-RO MICHUHOL-GU INCH,SKHU1640053,20',22PC,,1,1,26HASL1168E,2026-09-29 01:42:04
수출,HEUNG-A XIAMEN,2633S,20260830,HASLK01260801843,KP ELECTRIC CO LTD328 BANGCHUK-RO MICHUHOL-GU INCH,SKHU8114600,40',45GP,,2,1,26HASL1168E,2026-09-29 01:42:04
수출,HEUNG-A XIAMEN,2633S,20260830,HASLK01260801895,LOTTE GLOBAL LOGISTICS COLTDYONSEI SEVERANCE GUILDING10,SKLU1982136,20',22GP,,1,1,26HASL1168E,2026-09-29 01:42:04
수출,HEUNG-A XIAMEN,2633S,20260830,HASLK01260801927,BEN LINE AGENCIES KOREA LTDSEOUL 7F BOLIM BD,JOTU0000130,20',22TN,,1,1,26HASL1168E,2026-09-29 01:42:04
수출,HEUNG-A XIAMEN,2633S,20260830,HASLK01260801935,SK CHEMICALS CO LTD,DFSU3116148,20',22GP,,1,1,26HASL1168E,2026-09-29 01:42:04
수출,HEUNG-A XIAMEN,2633S,20260830,HASLK01260802053,ENERTEC COLTD8FL GONGDEOK-CORE BLDG 47 MALL,SKLU1108732,20',22GP,,1,1,26HASL1168E,2026-09-29 01:42:04
수출,HEUNG-A XIAMEN,2633S,20260830,HASLK01260802055,JAS FORWARDING KOREA CO LTD,HLHU8465314,40',45GP,,2,1,26HASL1168E,2026-09-29 01:42:04
수출,HEUNG-A XIAMEN,2633S,20260830,HASLK01260802057,BEN LINE AGENCIES KOREA LTD65 MYEONGDONG-GIL JUNG-GU,JOTU0006231,20',22TN,,1,1,26HASL1168E,2026-09-29 01:42:04
수출,HEUNG-A XIAMEN,2633S,20260830,HASLK01260802075,MIR STEEL COLTD15 NOKSANSANEOPBUK-RO GANGSEO-GU,HALU5689362,40',45GP,,2,1,26HASL1168E,2026-09-29 01:42:04
수출,HEUNG-A XIAMEN,2633S,20260830,HASLK01260802075,MIR STEEL COLTD15 NOKSANSANEOPBUK-RO GANGSEO-GU,HLHU8415340,40',45GP,,2,1,26HASL1168E,2026-09-29 01:42:04
수출,HEUNG-A XIAMEN,2633S,20260830,HASLK01260802075,MIR STEEL COLTD15 NOKSANSANEOPBUK-RO GANGSEO-GU,SKHU6300570,40',45GP,,2,1,26HASL1168E,2026-09-29 01:42:04
수출,HEUNG-A XIAMEN,2633S,20260830,HASLK01260802075,MIR STEEL COLTD15 NOKSANSANEOPBUK-RO GANGSEO-GU,SKHU6452681,40',45GP,,2,1,26HASL1168E,2026-09-29 01:42:04
수출,HEUNG-A XIAMEN,2633S,20260830,HASLK01260802247,SK CHEMICALS CO LTD310 PANGYORO BUNDANG-GU,HALU2457260,20',22GP,,1,1,26HASL1168E,2026-09-29 01:42:04
수출,HEUNG-A XIAMEN,2633S,20260830,HASLK01260802247,SK CHEMICALS CO LTD310 PANGYORO BUNDANG-GU,HALU2505060,20',22GP,,1,1,26HASL1168E,2026-09-29 01:42:04
수출,HEUNG-A XIAMEN,2633S,20260830,HASLK01260802247,SK CHEMICALS CO LTD310 PANGYORO BUNDANG-GU,SKLU1824974,20',22GP,,1,1,26HASL1168E,2026-09-29 01:42:04
수출,HEUNG-A XIAMEN,2633S,20260830,HASLK01260802531,CLASQUIN KOREA CO LTD4F INWOO BUILDING 11,HLHU8333410,40',45GP,,2,1,26HASL1168E,2026-09-29 01:42:04
수출,HEUNG-A XIAMEN,2633S,20260830,HASLK01260802531,CLASQUIN KOREA CO LTD4F INWOO BUILDING 11,HLHU8447202,40',45GP,,2,1,26HASL1168E,2026-09-29 01:42:04
수출,HEUNG-A XIAMEN,2633S,20260830,HASLK01260802531,CLASQUIN KOREA CO LTD4F INWOO BUILDING 11,SKHU6321064,40',45GP,,2,1,26HASL1168E,2026-09-29 01:42:04
수출,HEUNG-A XIAMEN,2633S,20260830,HASLK01260802531,CLASQUIN KOREA CO LTD4F INWOO BUILDING 11,SKHU6408689,40',45GP,,2,1,26HASL1168E,2026-09-29 01:42:04
수출,HEUNG-A XIAMEN,2633S,20260830,HASLK01260802531,CLASQUIN KOREA CO LTD4F INWOO BUILDING 11,SKHU8120460,40',45GP,,2,1,26HASL1168E,2026-09-29 01:42:04
수출,HEUNG-A XIAMEN,2633S,20260830,HASLK01260802800,SHIN EUN IL COHYUNDAI SHIPPING CO LTD,SKLU1506607,20',22GP,,1,1,26HASL1168E,2026-09-29 01:42:04
수출,HEUNG-A XIAMEN,2633S,20260830,HASLK01260803067,SAJO DAERIM CORPORATION,SKLU1955660,20',22GP,,1,1,26HASL1168E,2026-09-29 01:42:04
수출,HEUNG-A XIAMEN,2633S,20260830,HASLK01260803606,DACHSER KOREA INC SEOUL BRANCHAS AGENT OF KINGWOOD LOGISTICS LTD,SKHU8923097,40',45GP,,2,1,26HASL1168E,2026-09-29 01:42:04
수출,HEUNG-A XIAMEN,2633S,20260830,HASLK01260803795,NTL NAIGAI TRANS LINEKOREACOLTDOB OF SEOIL INDUSTRIAL COLTD,SKLU0704378,20',22GP,,1,1,26HASL1168E,2026-09-29 01:42:04
수출,HEUNG-A XIAMEN,2633S,20260830,HASLK01260804084,SAGAWA LOGISTICS KOREA COLTD,SKHU8109835,40',45GP,,2,1,26HASL1168E,2026-09-29 01:42:04
수출,HEUNG-A XIAMEN,2633S,20260830,HASLK01260804084,SAGAWA LOGISTICS KOREA COLTD,SKHU9630508,40',45GP,,2,1,26HASL1168E,2026-09-29 01:42:04
수출,HEUNG-A XIAMEN,2633S,20260830,HASLK01260804683,JBI COLTD15 NOKSANSANEOPBUK-RO GANGSEO-GU,HLHU8510835,40',45GP,,2,1,26HASL1168E,2026-09-29 01:42:04
수출,HEUNG-A XIAMEN,2633S,20260830,HASLK01260804683,JBI COLTD15 NOKSANSANEOPBUK-RO GANGSEO-GU,SKHU6548628,40',45GP,,2,1,26HASL1168E,2026-09-29 01:42:04
수출,HEUNG-A XIAMEN,2633S,20260830,HASLK01260804683,JBI COLTD15 NOKSANSANEOPBUK-RO GANGSEO-GU,TRHU6244723,40',45GP,,2,1,26HASL1168E,2026-09-29 01:42:04
수출,HEUNG-A XIAMEN,2633S,20260830,HASLK01260804940,SAGAWA LOGISTICS KOREA COLTDA-2001583YANGCHEON-RO,SKHU9955458,40',45GP,,2,1,26HASL1168E,2026-09-29 01:42:04
수출,HEUNG-A XIAMEN,2633S,20260830,HASLK01260805024,ORIENT STAR LOGIX CO LTD,SKLU0580045,20',22GP,,1,1,26HASL1168E,2026-09-29 01:42:04
수출,HEUNG-A XIAMEN,2633S,20260830,HASLK01260805171,ECOLAB KOREA LTD8F SONO TOWER 135 BEOBWON-RO,SKLU1979410,20',22GP,,1,1,26HASL1168E,2026-09-29 01:42:04
수출,HEUNG-A XIAMEN,2633S,20260830,HASLK01260805172,ECOLAB KOREA LTD8F SONO TOWER 135 BEOBWON-RO,TGCU2381034,20',22GP,,1,1,26HASL1168E,2026-09-29 01:42:04
수출,HEUNG-A XIAMEN,2633S,20260830,HASLK01260805312,PUCORE COLTD5F GRAND CENTRAL TOWER A 14,SKLU2114149,20',22GP,,1,1,26HASL1168E,2026-09-29 01:42:04
수출,HEUNG-A XIAMEN,2633S,20260830,HASLK01260806268,NAMSUN COLTD14-5HYORYEONGGONGDAN-GIL,SKHU6575747,40',45GP,,2,1,26HASL1168E,2026-09-29 01:42:04
수출,HEUNG-A XIAMEN,2633S,20260830,HASLK01260806569,NRS LOGISTICS KOREA COLTD,NRSU3810810,20',22TN,,1,1,26HASL1168E,2026-09-29 01:42:04
수출,HEUNG-A XIAMEN,2633S,20260830,HASLK01260806608,HUVIS CORPORATION343 HAKDONG-RO GANGNAM-GU,TCNU6459190,40',45GP,,2,1,26HASL1168E,2026-09-29 01:42:04
수출,HEUNG-A XIAMEN,2633S,20260830,HASLK01260806699,BDP LOGISTICS KOREA13TH FLOOR ILJIN BUILDING 45,HALU2542969,20',22GP,,1,1,26HASL1168E,2026-09-29 01:42:04
수출,HEUNG-A XIAMEN,2633S,20260830,HASLK01260806724,TAMONTEN METALS FZCOPO BOX 341444 DUBAI IFZA AREA,BEAU2087286,20',22GP,,1,1,26HASL1168E,2026-09-29 01:42:04
수출,HEUNG-A XIAMEN,2633S,20260830,HASLK01260806724,TAMONTEN METALS FZCOPO BOX 341444 DUBAI IFZA AREA,DFSU1452020,20',22GP,,1,1,26HASL1168E,2026-09-29 01:42:04
수출,HEUNG-A XIAMEN,2633S,20260830,HASLK01260807144,HYOSUNG CHEMICAL CORPORATIONFILM PU,HALU2460393,20',22GP,,1,1,26HASL1168E,2026-09-29 01:42:04
수출,HEUNG-A XIAMEN,2633S,20260830,HASLK01260807585,PROLINE SEAAIR COLTDOB OF,SEKU4430810,40',45GP,,2,1,26HASL1168E,2026-09-29 01:42:04
수출,HEUNG-A XIAMEN,2633S,20260830,HASLK01260807585,PROLINE SEAAIR COLTDOB OF,SKHU6570350,40',45GP,,2,1,26HASL1168E,2026-09-29 01:42:04
수출,HEUNG-A XIAMEN,2633S,20260830,HASLK01260807596,IKSUNG CO LTD714 GEUMIL-RO SAMSEONG-MYEON,HLHU6420732,40',45GP,,2,1,26HASL1168E,2026-09-29 01:42:04
수출,HEUNG-A XIAMEN,2633S,20260830,HASLK01260807604,KOREA GINSENG CORP71 BEOTKKOT-GIL DAEDEOK-GU,SKHU6468311,40',45GP,,2,1,26HASL1168E,2026-09-29 01:42:04
수출,HEUNG-A XIAMEN,2633S,20260830,HASLK01260807798,ORIENT STAR LOGIX CO LTD4F SUNGJEE BLDG 10 DONGMAK-RO,BEAU2482378,20',22GP,,1,1,26HASL1168E,2026-09-29 01:42:04
수출,HEUNG-A XIAMEN,2633S,20260830,HASLK02260501625,CTN WORLD CO LTD OB OFESAB CK CORP,HALU2455714,20',22GP,,1,1,26HASL1168E,2026-09-29 01:42:04
수출,HEUNG-A XIAMEN,2633S,20260830,HASLK02260501625,CTN WORLD CO LTD OB OFESAB CK CORP,SKLU2427987,20',22GP,,1,1,26HASL1168E,2026-09-29 01:42:04
수출,HEUNG-A XIAMEN,2633S,20260830,HASLK02260601755,NISSUI CORPORATIONNISHI-SHIMBASHI SQUARE,SKRU9902545,40',45RE,,2,1,26HASL1168E,2026-09-29 01:42:04
수출,HEUNG-A XIAMEN,2633S,20260830,HASLK02260700156,NISSUI CORPORATIONNISHI-SHIMBASHI SQUARE,FSCU5894426,40',45RE,,2,1,26HASL1168E,2026-09-29 01:42:04
수출,HEUNG-A XIAMEN,2633S,20260830,HASLK02260700156,NISSUI CORPORATIONNISHI-SHIMBASHI SQUARE,SKRU9401055,40',45RE,,2,1,26HASL1168E,2026-09-29 01:42:04
수출,HEUNG-A XIAMEN,2633S,20260830,HASLK02260700156,NISSUI CORPORATIONNISHI-SHIMBASHI SQUARE,SKRU9401754,40',45RE,,2,1,26HASL1168E,2026-09-29 01:42:04
수출,HEUNG-A XIAMEN,2633S,20260830,HASLK02260700984,HY TRADING COMPANY LTD308 25 TTUKSEOM-RO 1 GIL,SKLU1422065,20',22GP,,1,1,26HASL1168E,2026-09-29 01:42:04
수출,HEUNG-A XIAMEN,2633S,20260830,HASLK02260701122,SUNIL PRODUCTS COLTD,HLHU8483299,40',45GP,,2,1,26HASL1168E,2026-09-29 01:42:04
수출,HEUNG-A XIAMEN,2633S,20260830,HASLK02260701123,SUNIL PRODUCTS COLTD,SKHU9816215,40',45GP,,2,1,26HASL1168E,2026-09-29 01:42:04
수출,HEUNG-A XIAMEN,2633S,20260830,HASLK02260701125,SUNIL PRODUCTS COLTD,HLHU8519745,40',45GP,,2,1,26HASL1168E,2026-09-29 01:42:04
수출,HEUNG-A XIAMEN,2633S,20260830,HASLK02260701126,SUNIL PRODUCTS COLTD,HLHU8591734,40',45GP,,2,1,26HASL1168E,2026-09-29 01:42:04
수출,HEUNG-A XIAMEN,2633S,20260830,HASLK02260701137,ARA LOGISTICS CO LTDON BEHALF OF,FBIU5369176,40',45RE,,2,1,26HASL1168E,2026-09-29 01:42:04
수출,HEUNG-A XIAMEN,2633S,20260830,HASLK02260701137,ARA LOGISTICS CO LTDON BEHALF OF,FBIU5371147,40',45RE,,2,1,26HASL1168E,2026-09-29 01:42:04
수출,HEUNG-A XIAMEN,2633S,20260830,HASLK02260701137,ARA LOGISTICS CO LTDON BEHALF OF,FBIU5372652,40',45RE,,2,1,26HASL1168E,2026-09-29 01:42:04
수출,HEUNG-A XIAMEN,2633S,20260830,HASLK02260701137,ARA LOGISTICS CO LTDON BEHALF OF,FSCU5869022,40',45RE,,2,1,26HASL1168E,2026-09-29 01:42:04
수출,HEUNG-A XIAMEN,2633S,20260830,HASLK02260701137,ARA LOGISTICS CO LTDON BEHALF OF,FSCU5895588,40',45RE,,2,1,26HASL1168E,2026-09-29 01:42:04
수출,HEUNG-A XIAMEN,2633S,20260830,HASLK02260701137,ARA LOGISTICS CO LTDON BEHALF OF,FSCU5908495,40',45RE,,2,1,26HASL1168E,2026-09-29 01:42:04
수출,HEUNG-A XIAMEN,2633S,20260830,HASLK02260701137,ARA LOGISTICS CO LTDON BEHALF OF,SKRU9900429,40',45RE,,2,1,26HASL1168E,2026-09-29 01:42:04
수출,HEUNG-A XIAMEN,2633S,20260830,HASLK02260701391,CNS CO LTD,HALU2445660,20',22GP,,1,1,26HASL1168E,2026-09-29 01:42:04
수출,HEUNG-A XIAMEN,2633S,20260830,HASLK02260701391,CNS CO LTD,SKLU1618778,20',22GP,,1,1,26HASL1168E,2026-09-29 01:42:04
수출,HEUNG-A XIAMEN,2633S,20260830,HASLK02260701391,CNS CO LTD,SKLU1925100,20',22GP,,1,1,26HASL1168E,2026-09-29 01:42:04
수출,HEUNG-A XIAMEN,2633S,20260830,HASLK02260701417,HITE JINRO COLTDHITE BLDG 132-12 CHEONGDAM-DONG,FBIU5086520,40',45RE,,2,1,26HASL1168E,2026-09-29 01:42:04
수출,HEUNG-A XIAMEN,2633S,20260830,HASLK02260701814,KUKBO EXPRESS CO LTD OB OFSOJITZ KOREA CORPORATION,SKLU2480934,20',22GP,,1,1,26HASL1168E,2026-09-29 01:42:04
수출,HEUNG-A XIAMEN,2633S,20260830,HASLK02260701834,WEFUN COLTD103-1702 47 8GIL SEONGSUIL-RO,BEAU2424920,20',22GP,,1,1,26HASL1168E,2026-09-29 01:42:04
수출,HEUNG-A XIAMEN,2633S,20260830,HASLK02260701834,WEFUN COLTD103-1702 47 8GIL SEONGSUIL-RO,SKLU0732512,20',22GP,,1,1,26HASL1168E,2026-09-29 01:42:04
수출,HEUNG-A XIAMEN,2633S,20260830,HASLK02260800125,CTI GLOBAL LTD OB OFSM ENG COLTD,SKLU1953502,20',22GP,,1,1,26HASL1168E,2026-09-29 01:42:04
수출,HEUNG-A XIAMEN,2633S,20260830,HASLK02260800204,DYD SHIPPING COLTD OB OF,SKLU2473766,20',22GP,,1,1,26HASL1168E,2026-09-29 01:42:04
수출,HEUNG-A XIAMEN,2633S,20260830,HASLK02260800283,HANS INTECH COLTD407-1IMPO-RIBUKAN-MYEON,SKHU8431076,40',45GP,,2,1,26HASL1168E,2026-09-29 01:42:04
수출,HEUNG-A XIAMEN,2633S,20260830,HASLK02260800318,NISSUI CORPORATIONNISHI-SHIMBASHI SQUARE,FBIU5372436,40',45RE,,2,1,26HASL1168E,2026-09-29 01:42:04
수출,HEUNG-A XIAMEN,2633S,20260830,HASLK02260800408,FOODWELL CORPORATION121SEONGSEOSEO-RODALSEO-GU,SKRU1900340,20',22RE,,1,1,26HASL1168E,2026-09-29 01:42:04
수출,HEUNG-A XIAMEN,2633S,20260830,HASLK02260800495,UNIVERSAL SEA  AIR COLTD63 JUNGANG-DAERO,SKRU1300794,20',22RE,,1,1,26HASL1168E,2026-09-29 01:42:04
수출,HEUNG-A XIAMEN,2633S,20260830,HASLK02260800901,YEONG NAM,SKLU2039467,20',22GP,,1,1,26HASL1168E,2026-09-29 01:42:04
수출,HEUNG-A XIAMEN,2633S,20260830,HASLK02260801124,HEUNG-A LINE COLTD,SEGU9954436,20',22RE,,1,1,26HASL1168E,2026-09-29 01:42:04
수출,HEUNG-A XIAMEN,2633S,20260830,HASLK02260801125,HEUNG-A LINE COLTD,HALU2500407,20',22RE,,1,1,26HASL1168E,2026-09-29 01:42:04
수출,HEUNG-A XIAMEN,2633S,20260830,HASLR01260700110,AL PLUS GLOBAL FZCOUNIT NO 1901-A UPTOWN TOWER PLOT,CBHU3962859,20',22GP,,1,1,26HASL1168E,2026-09-29 01:42:04
수출,HEUNG-A XIAMEN,2633S,20260830,HASLR01260700110,AL PLUS GLOBAL FZCOUNIT NO 1901-A UPTOWN TOWER PLOT,HALU2036174,20',22GP,,1,1,26HASL1168E,2026-09-29 01:42:04
수출,HEUNG-A XIAMEN,2633S,20260830,HASLR01260700110,AL PLUS GLOBAL FZCOUNIT NO 1901-A UPTOWN TOWER PLOT,SKLU1562262,20',22GP,,1,1,26HASL1168E,2026-09-29 01:42:04
수출,HEUNG-A XIAMEN,2633S,20260830,HASLR01260700110,AL PLUS GLOBAL FZCOUNIT NO 1901-A UPTOWN TOWER PLOT,SKLU1576570,20',22GP,,1,1,26HASL1168E,2026-09-29 01:42:04
수출,HEUNG-A XIAMEN,2633S,20260830,HASLR01260700110,AL PLUS GLOBAL FZCOUNIT NO 1901-A UPTOWN TOWER PLOT,TRHU1332694,20',22GP,,1,1,26HASL1168E,2026-09-29 01:42:04
수출,HEUNG-A XIAMEN,2633S,20260830,HASLR01260700194,AL PLUS GLOBAL FZCOUNIT NO 1901-A UPTOWN TOWER PLOT,DFSU1459446,20',22GP,,1,1,26HASL1168E,2026-09-29 01:42:04
수출,HEUNG-A XIAMEN,2633S,20260830,HASLR01260700194,AL PLUS GLOBAL FZCOUNIT NO 1901-A UPTOWN TOWER PLOT,DFSU1928245,20',22GP,,1,1,26HASL1168E,2026-09-29 01:42:04
수출,HEUNG-A XIAMEN,2633S,20260830,HASLR01260700194,AL PLUS GLOBAL FZCOUNIT NO 1901-A UPTOWN TOWER PLOT,HALU2093600,20',22GP,,1,1,26HASL1168E,2026-09-29 01:42:04
수출,HEUNG-A XIAMEN,2633S,20260830,HASLR01260700194,AL PLUS GLOBAL FZCOUNIT NO 1901-A UPTOWN TOWER PLOT,SKLU0750537,20',22GP,,1,1,26HASL1168E,2026-09-29 01:42:04
수출,HEUNG-A XIAMEN,2633S,20260830,HASLR01260700194,AL PLUS GLOBAL FZCOUNIT NO 1901-A UPTOWN TOWER PLOT,SKLU2121512,20',22GP,,1,1,26HASL1168E,2026-09-29 01:42:04
수출,HEUNG-A XIAMEN,2633S,20260830,HASLR01260700194,AL PLUS GLOBAL FZCOUNIT NO 1901-A UPTOWN TOWER PLOT,TEMU1175354,20',22GP,,1,1,26HASL1168E,2026-09-29 01:42:04
수출,HEUNG-A XIAMEN,2633S,20260830,HASLR01260700194,AL PLUS GLOBAL FZCOUNIT NO 1901-A UPTOWN TOWER PLOT,TGCU2399455,20',22GP,,1,1,26HASL1168E,2026-09-29 01:42:04
수출,HEUNG-A XIAMEN,2633S,20260830,HASLR01260700299,SLS TRADING INC,HALU5690297,40',45GP,,2,1,26HASL1168E,2026-09-29 01:42:04
수출,HEUNG-A XIAMEN,2633S,20260830,HASLR01260700299,SLS TRADING INC,SKHU9004607,40',45GP,,2,1,26HASL1168E,2026-09-29 01:42:04
수출,HEUNG-A XIAMEN,2633S,20260830,HASLR01260700299,SLS TRADING INC,TCLU5981828,40',45GP,,2,1,26HASL1168E,2026-09-29 01:42:04
수출,HEUNG-A XIAMEN,2633S,20260830,HASLR01260800017,VANPORT HK CO LIMITED1F HANG LUNG HSE,BMOU5787159,40',45GP,,2,1,26HASL1168E,2026-09-29 01:42:04
수출,HEUNG-A XIAMEN,2633S,20260830,HASLR01260800018,SL METALS CORPORATION134 SOUTH DIXIE HWY SUITE 212,BEAU2342680,20',22GP,,1,1,26HASL1168E,2026-09-29 01:42:04
수출,HEUNG-A XIAMEN,2633S,20260830,HASLR01260800018,SL METALS CORPORATION134 SOUTH DIXIE HWY SUITE 212,SKLU1825163,20',22GP,,1,1,26HASL1168E,2026-09-29 01:42:04
수출,HEUNG-A XIAMEN,2633S,20260830,HASLR01260800021,SL METALS CORPORATION134 SOUTH DIXIE HWY SUITE 212,FCIU4709904,20',22GP,,1,1,26HASL1168E,2026-09-29 01:42:04
수출,HEUNG-A XIAMEN,2633S,20260830,HASLR01260800021,SL METALS CORPORATION134 SOUTH DIXIE HWY SUITE 212,SKLU1955486,20',22GP,,1,1,26HASL1168E,2026-09-29 01:42:04
수출,HEUNG-A XIAMEN,2633S,20260830,HASLR01260800025,SLS TRADING INC,SKHU9607935,40',45GP,,2,1,26HASL1168E,2026-09-29 01:42:04
수출,HEUNG-A XIAMEN,2633S,20260830,HASLR01260800042,VANPORT HK CO LIMITED1F HANG LUNG HSE,SKHU9628007,40',45GP,,2,1,26HASL1168E,2026-09-29 01:42:04
수출,HEUNG-A XIAMEN,2633S,20260830,HASLR01260800079,AL PLUS GLOBAL FZCOUNIT NO 1901-A UPTOWN TOWER PLOT,HALU2359238,20',22GP,,1,1,26HASL1168E,2026-09-29 01:42:04
수출,HEUNG-A XIAMEN,2633S,20260830,HASLR01260800079,AL PLUS GLOBAL FZCOUNIT NO 1901-A UPTOWN TOWER PLOT,SKLU1114421,20',22GP,,1,1,26HASL1168E,2026-09-29 01:42:04
수출,HEUNG-A XIAMEN,2633S,20260830,HASLR01260800079,AL PLUS GLOBAL FZCOUNIT NO 1901-A UPTOWN TOWER PLOT,SKLU2128414,20',22GP,,1,1,26HASL1168E,2026-09-29 01:42:04
수출,HEUNG-A XIAMEN,2633S,20260830,HASLR01260800086,LIMITED LIABILITY COMPANYLENALESSERVIS,SKHU8116705,40',45GP,,2,1,26HASL1168E,2026-09-29 01:42:04
수출,HEUNG-A XIAMEN,2633S,20260830,HASLR01260800150,AL PLUS GLOBAL FZCOUNIT NO 1901-A UPTOWN TOWER PLOT,BEAU2054805,20',22GP,,1,1,26HASL1168E,2026-09-29 01:42:04
수출,HEUNG-A XIAMEN,2633S,20260830,HASLR01260800150,AL PLUS GLOBAL FZCOUNIT NO 1901-A UPTOWN TOWER PLOT,BEAU2348815,20',22GP,,1,1,26HASL1168E,2026-09-29 01:42:04
수출,HEUNG-A XIAMEN,2633S,20260830,HASLR01260800150,AL PLUS GLOBAL FZCOUNIT NO 1901-A UPTOWN TOWER PLOT,BEAU2405788,20',22GP,,1,1,26HASL1168E,2026-09-29 01:42:04
수출,HEUNG-A XIAMEN,2633S,20260830,HASLR01260800150,AL PLUS GLOBAL FZCOUNIT NO 1901-A UPTOWN TOWER PLOT,HALU2049058,20',22GP,,1,1,26HASL1168E,2026-09-29 01:42:04
수출,HEUNG-A XIAMEN,2633S,20260830,HASLR01260800150,AL PLUS GLOBAL FZCOUNIT NO 1901-A UPTOWN TOWER PLOT,HALU2411594,20',22GP,,1,1,26HASL1168E,2026-09-29 01:42:04
수출,HEUNG-A XIAMEN,2633S,20260830,HASLR01260800150,AL PLUS GLOBAL FZCOUNIT NO 1901-A UPTOWN TOWER PLOT,SKLU1443160,20',22GP,,1,1,26HASL1168E,2026-09-29 01:42:04
수출,HEUNG-A XIAMEN,2633S,20260830,HASLR01260800150,AL PLUS GLOBAL FZCOUNIT NO 1901-A UPTOWN TOWER PLOT,SKLU1567053,20',22GP,,1,1,26HASL1168E,2026-09-29 01:42:04
수출,HEUNG-A XIAMEN,2633S,20260830,HASLR01260800150,AL PLUS GLOBAL FZCOUNIT NO 1901-A UPTOWN TOWER PLOT,SKLU1574474,20',22GP,,1,1,26HASL1168E,2026-09-29 01:42:04
수출,HEUNG-A XIAMEN,2633S,20260830,HASLR01260800150,AL PLUS GLOBAL FZCOUNIT NO 1901-A UPTOWN TOWER PLOT,SKLU1595100,20',22GP,,1,1,26HASL1168E,2026-09-29 01:42:04
수출,HEUNG-A XIAMEN,2633S,20260830,HASLR01260800150,AL PLUS GLOBAL FZCOUNIT NO 1901-A UPTOWN TOWER PLOT,SKLU1664367,20',22GP,,1,1,26HASL1168E,2026-09-29 01:42:04
수출,HEUNG-A XIAMEN,2633S,20260830,HASLR01260800150,AL PLUS GLOBAL FZCOUNIT NO 1901-A UPTOWN TOWER PLOT,SKLU2342982,20',22GP,,1,1,26HASL1168E,2026-09-29 01:42:04
수출,HEUNG-A XIAMEN,2633S,20260830,HASLR01260800150,AL PLUS GLOBAL FZCOUNIT NO 1901-A UPTOWN TOWER PLOT,SKLU2477247,20',22GP,,1,1,26HASL1168E,2026-09-29 01:42:04
수출,HEUNG-A XIAMEN,2633S,20260830,HASLR01260800150,AL PLUS GLOBAL FZCOUNIT NO 1901-A UPTOWN TOWER PLOT,TGCU2420655,20',22GP,,1,1,26HASL1168E,2026-09-29 01:42:04
수출,HEUNG-A XIAMEN,2633S,20260830,HASLS11260700353,PT KAYU LAPIS ASLI MURNI,SKHU6471892,40',45GP,,2,1,26HASL1168E,2026-09-29 01:42:04
수출,HEUNG-A XIAMEN,2633S,20260830,HASLS11260700354,PT KAYU LAPIS ASLI MURNIJL EKONOMI RT 15 RW 05,DFSU7719371,40',45GP,,2,1,26HASL1168E,2026-09-29 01:42:04
수출,HEUNG-A XIAMEN,2633S,20260830,HASLS11260700434,PT KAYU LAPIS ASLI MURNIJL EKONOMI RT 15 RW 05,DFSU7719371,40',45GP,,2,1,26HASL1168E,2026-09-29 01:42:04
수출,HEUNG-A XIAMEN,2633S,20260830,HASLS11260700658,PT KALIMAS WOOD WORKING INDUSTRY,HLHU8307495,40',45GP,,2,1,26HASL1168E,2026-09-29 01:42:04
수출,HEUNG-A XIAMEN,2633S,20260830,HASLS11260700934,PT PETNESIA RESINDOJL JEND SUDIRMAN 61 - 62,HALU2548822,20',22GP,,1,1,26HASL1168E,2026-09-29 01:42:04
수출,HEUNG-A XIAMEN,2633S,20260830,HASLS11260700934,PT PETNESIA RESINDOJL JEND SUDIRMAN 61 - 62,SKLU0506095,20',22GP,,1,1,26HASL1168E,2026-09-29 01:42:04
수출,HEUNG-A XIAMEN,2633S,20260830,HASLS11260700934,PT PETNESIA RESINDOJL JEND SUDIRMAN 61 - 62,SKLU0519127,20',22GP,,1,1,26HASL1168E,2026-09-29 01:42:04
수출,HEUNG-A XIAMEN,2633S,20260830,HASLS11260700934,PT PETNESIA RESINDOJL JEND SUDIRMAN 61 - 62,SKLU0581859,20',22GP,,1,1,26HASL1168E,2026-09-29 01:42:04
수출,HEUNG-A XIAMEN,2633S,20260830,HASLS11260800015,PT KALIMAS WOOD WORKING INDUSTRY,HALU5670011,40',45GP,,2,1,26HASL1168E,2026-09-29 01:42:04
수출,HEUNG-A XIAMEN,2633S,20260830,HASLS21260702207,HS HYOSUNG VIET NAM COMPANY LIMITEDN2 STREET NHON TRACH 5 INDUSTRIAL,SKLU0571697,20',22GP,,1,1,26HASL1168E,2026-09-29 01:42:04
수출,HEUNG-A XIAMEN,2633S,20260830,HASLS21260702212,HYOSUNG DONG NAI CO LTDN3 STREET NHON TRACH 5 INDUSTRIAL,SKHU8410453,40',45GP,,2,1,26HASL1168E,2026-09-29 01:42:04
수출,HEUNG-A XIAMEN,2633S,20260830,HASLS21260702274,HYOSUNG DONG NAI CO LTDN3 STREET NHON TRACH 5 INDUSTRIAL,HLHU8511446,40',45GP,,2,1,26HASL1168E,2026-09-29 01:42:04
수출,HEUNG-A XIAMEN,2633S,20260830,HASLS21260800334,HYOSUNG DONG NAI CO LTDN3 STREET NHON TRACH 5 INDUSTRIAL,SKHU6345359,40',45GP,,2,1,26HASL1168E,2026-09-29 01:42:04
수출,HEUNG-A XIAMEN,2633S,20260830,HASLS21260800343,HYOSUNG DONG NAI CO LTDN3 STREET NHON TRACH 5 INDUSTRIAL,SKHU6395853,40',45GP,,2,1,26HASL1168E,2026-09-29 01:42:04
수출,HEUNG-A XIAMEN,2633S,20260830,HASLS21260800872,HYOSUNG DONG NAI CO LTDN3 STREET NHON TRACH 5 INDUSTRIAL,SKHU6593308,40',45GP,,2,1,26HASL1168E,2026-09-29 01:42:04
수출,HEUNG-A XIAMEN,2633S,20260830,HASLS21260800873,HYOSUNG DONG NAI CO LTDN3 STREET NHON TRACH 5 INDUSTRIAL,HLHU6407221,40',45GP,,2,1,26HASL1168E,2026-09-29 01:42:04
수출,HEUNG-A XIAMEN,2633S,20260830,HASLS21260800873,HYOSUNG DONG NAI CO LTDN3 STREET NHON TRACH 5 INDUSTRIAL,HLHU8417070,40',45GP,,2,1,26HASL1168E,2026-09-29 01:42:04
수출,HEUNG-A XIAMEN,2633S,20260830,HASLS21260800873,HYOSUNG DONG NAI CO LTDN3 STREET NHON TRACH 5 INDUSTRIAL,HLHU8517043,40',45GP,,2,1,26HASL1168E,2026-09-29 01:42:04
수출,HEUNG-A XIAMEN,2633S,20260830,HASLS21260800873,HYOSUNG DONG NAI CO LTDN3 STREET NHON TRACH 5 INDUSTRIAL,SKHU6600496,40',45GP,,2,1,26HASL1168E,2026-09-29 01:42:04
수출,HEUNG-A XIAMEN,2633S,20260830,HASLS50260700161,PT CIPTA WIJAYA MANDIRIJL RAYA SEMARANG-PURWODADI,HLHU8504262,40',45GP,,2,1,26HASL1168E,2026-09-29 01:42:04
수출,HEUNG-A XIAMEN,2633S,20260830,HASLS50260700163,PTKINTETSU WORLD EXPRESS INDONESIA AS AGENT OF KINTETSU WORLD EXPRESS,SKHU6502062,40',45GP,,2,1,26HASL1168E,2026-09-29 01:42:04
수출,HEUNG-A XIAMEN,2633S,20260830,HASLS50260700164,PTKINTETSU WORLD EXPRESS INDONESIA AS AGENT OF KINTETSU WORLD EXPRESS,HLHU6413435,40',45GP,,2,1,26HASL1168E,2026-09-29 01:42:04
수출,HEUNG-A XIAMEN,2633S,20260830,HASLS50260700170,PTCIPTA WIJAYA MANDIRIJLRAYA SEMARANG-PURWODADI,HLHU8504365,40',45GP,,2,1,26HASL1168E,2026-09-29 01:42:04
수출,HEUNG-A XIAMEN,2633S,20260830,HASLS50260700171,PTCIPTA WIJAYA MANDIRIJLRAYA SEMARANG-PURWODADI,SKHU8112063,40',45GP,,2,1,26HASL1168E,2026-09-29 01:42:04
수출,HEUNG-A XIAMEN,2633S,20260830,HASLS50260700180,PT KINTETSU WORLD EXPRESS INDONESIAAS AGENT OF KINTETSU WORLD EXPRESS,HALU2364403,20',22GP,,1,1,26HASL1168E,2026-09-29 01:42:04
수출,HEUNG-A XIAMEN,2633S,20260830,HASLS50260700180,PT KINTETSU WORLD EXPRESS INDONESIAAS AGENT OF KINTETSU WORLD EXPRESS,SKHU9533339,40',45GP,,2,1,26HASL1168E,2026-09-29 01:42:04
수출,HEUNG-A XIAMEN,2633S,20260830,HASLS53260600212,HOCK ENERGY ENTERPRISE SDN BHD,SKHU6504390,40',45GP,,2,1,26HASL1168E,2026-09-29 01:42:04
수출,HEUNG-A XIAMEN,2633S,20260830,HASLS53260600258,HOCK HWA HENG ENTERPRISE SDNBHD    NO30-A JALAN KAMPONG BARU,SKHU9616813,40',45GP,,2,1,26HASL1168E,2026-09-29 01:42:04
수출,NINGBO TRADER,9023N,20260830,HASLC01260702307,SNF CHINA FLOCCULANT CO LTDNO6 NORTH BINJIANG ROAD,SKHU8908739,40',45GP,,2,1,26SNKO3148E,2026-09-29 01:42:04
수출,NINGBO TRADER,9023N,20260830,HASLC01260702307,SNF CHINA FLOCCULANT CO LTDNO6 NORTH BINJIANG ROAD,SKHU9616773,40',45GP,,2,1,26SNKO3148E,2026-09-29 01:42:04
수출,NINGBO TRADER,9023N,20260830,HASLC01260702307,SNF CHINA FLOCCULANT CO LTDNO6 NORTH BINJIANG ROAD,SKHU9916718,40',45GP,,2,1,26SNKO3148E,2026-09-29 01:42:04
수출,NINGBO TRADER,9023N,20260830,HASLC01260704865,NANTONG OK SPORTING COLTD1113 WANDA PLAZA NO9,SKHU9508444,40',45GP,,2,1,26SNKO3148E,2026-09-29 01:42:04
수출,NINGBO TRADER,9023N,20260830,HASLC01260708922,SNFCHINA FLOCCULANT COLTDNO6 NORTH BINJIANG ROAD,HALU2059647,20',22GP,,1,1,26SNKO3148E,2026-09-29 01:42:04
수출,NINGBO TRADER,9023N,20260830,HASLC01260708922,SNFCHINA FLOCCULANT COLTDNO6 NORTH BINJIANG ROAD,SKLU2069060,20',22GP,,1,1,26SNKO3148E,2026-09-29 01:42:04
수출,NINGBO TRADER,9023N,20260830,HASLC01260709648,TOPEVER  LOGISTICS  SHANGHAILTD,SKLU1635862,20',22GP,,1,1,26SNKO3148E,2026-09-29 01:42:04
수출,NINGBO TRADER,9023N,20260830,HASLC01260710384,ZIBO SHELLEY TRADING COLTD,SKHU6386337,40',45GP,,2,1,26SNKO3148E,2026-09-29 01:42:04
수출,NINGBO TRADER,9023N,20260830,HASLC01260710394,PINGHU HONGYING SANITARY WARECOLTD,SEKU4984432,40',45GP,,2,1,26SNKO3148E,2026-09-29 01:42:04
수출,NINGBO TRADER,9023N,20260830,HASLC01260710946,ROITECH SHANGHAI EQUIPMENT LTD     OFFICE 501 EAST BUILDING 2,SKHU8903790,40',45GP,,2,1,26SNKO3148E,2026-09-29 01:42:04
수출,NINGBO TRADER,9023N,20260830,HASLC01260710946,ROITECH SHANGHAI EQUIPMENT LTD     OFFICE 501 EAST BUILDING 2,TCLU5411194,40',45GP,,2,1,26SNKO3148E,2026-09-29 01:42:04
수출,NINGBO TRADER,9023N,20260830,HASLC01260710946,ROITECH SHANGHAI EQUIPMENT LTD     OFFICE 501 EAST BUILDING 2,TEMU8425877,40',45GP,,2,1,26SNKO3148E,2026-09-29 01:42:04
수출,NINGBO TRADER,9023N,20260830,HASLC01260711988,CHANGCHUN YUHUI TRADING CO LTD,SKHU9543337,40',45GP,,2,1,26SNKO3148E,2026-09-29 01:42:04
수출,NINGBO TRADER,9023N,20260830,HASLC01260714537,NINGBO BUY HIGH IMP EXPCOLTDROOM 705-3NO 555TIANTONG SOUTH,HALU5668204,40',45GP,,2,1,26SNKO3148E,2026-09-29 01:42:04
수출,NINGBO TRADER,9023N,20260830,HASLC01260715100,MUDANJIANG XIN DALAI ECONOMICAND TRADE COLTD,SKHU9520584,40',45GP,,2,1,26SNKO3148E,2026-09-29 01:42:04
수출,NINGBO TRADER,9023N,20260830,HASLC01260716088,RITM HOLDINGS LTD,SKHU9525009,40',45GP,,2,1,26SNKO3148E,2026-09-29 01:42:04
수출,NINGBO TRADER,9023N,20260830,HASLC01260716088,RITM HOLDINGS LTD,SKLU1521983,20',22GP,,1,1,26SNKO3148E,2026-09-29 01:42:04
수출,NINGBO TRADER,9023N,20260830,HASLC01260716335,ZHANGJIAGANG FTZ CHANGLONGNEW MATERIAL CO LTD,BEAU2357340,20',22GP,,1,1,26SNKO3148E,2026-09-29 01:42:04
수출,NINGBO TRADER,9023N,20260830,HASLC01260716335,ZHANGJIAGANG FTZ CHANGLONGNEW MATERIAL CO LTD,SKLU1412621,20',22GP,,1,1,26SNKO3148E,2026-09-29 01:42:04
수출,NINGBO TRADER,9023N,20260830,HASLC01260716335,ZHANGJIAGANG FTZ CHANGLONGNEW MATERIAL CO LTD,SKLU1441907,20',22GP,,1,1,26SNKO3148E,2026-09-29 01:42:04
수출,NINGBO TRADER,9023N,20260830,HASLC01260716335,ZHANGJIAGANG FTZ CHANGLONGNEW MATERIAL CO LTD,SKLU1914661,20',22GP,,1,1,26SNKO3148E,2026-09-29 01:42:04
수출,NINGBO TRADER,9023N,20260830,HASLC01260716335,ZHANGJIAGANG FTZ CHANGLONGNEW MATERIAL CO LTD,SKLU1926425,20',22GP,,1,1,26SNKO3148E,2026-09-29 01:42:04
수출,NINGBO TRADER,9023N,20260830,HASLC01260716335,ZHANGJIAGANG FTZ CHANGLONGNEW MATERIAL CO LTD,SKLU2016008,20',22GP,,1,1,26SNKO3148E,2026-09-29 01:42:04
수출,NINGBO TRADER,9023N,20260830,HASLC01260716872,CHANGCHUN YUHUI TRADING CO LTD,SKHU8911218,40',45GP,,2,1,26SNKO3148E,2026-09-29 01:42:04
수출,NINGBO TRADER,9023N,20260830,HASLC01260718074,GO HIGHER INTERNATIONAL TRADEHK COMPANY LIMITED,CIMU2032003,40',45GP,,2,1,26SNKO3148E,2026-09-29 01:42:04
수출,NINGBO TRADER,9023N,20260830,HASLC01260718431,NANJING UNISTAR NEW MATERIALSCO   LTD,FSCU3285061,20',22GP,,1,1,26SNKO3148E,2026-09-29 01:42:04
수출,NINGBO TRADER,9023N,20260830,HASLC01260718431,NANJING UNISTAR NEW MATERIALSCO   LTD,FSCU3355533,20',22GP,,1,1,26SNKO3148E,2026-09-29 01:42:04
수출,NINGBO TRADER,9023N,20260830,HASLC01260718431,NANJING UNISTAR NEW MATERIALSCO   LTD,FSCU3475945,20',22GP,,1,1,26SNKO3148E,2026-09-29 01:42:04
수출,NINGBO TRADER,9023N,20260830,HASLC01260718764,SHANGHAI ZHANXIN TECHNOLOGYTRADING COLTD,HALU5680600,40',45GP,,2,1,26SNKO3148E,2026-09-29 01:42:04
수출,NINGBO TRADER,9023N,20260830,HASLC01260718915,HONRUS SHIPPING CO LTDROOM 815 HENGJI BUILDING,XLJU0228855,40',45GP,,2,1,26SNKO3148E,2026-09-29 01:42:04
수출,NINGBO TRADER,9023N,20260830,HASLC01260719167,SHENZHEN ESUN INDUSTRIAL COLTD     15A MICROSOFT KETONG BUILDING,SKHU8125142,40',45GP,,2,1,26SNKO3148E,2026-09-29 01:42:04
수출,NINGBO TRADER,9023N,20260830,HASLC01260719167,SHENZHEN ESUN INDUSTRIAL COLTD     15A MICROSOFT KETONG BUILDING,SKHU9974503,40',45GP,,2,1,26SNKO3148E,2026-09-29 01:42:04
수출,NINGBO TRADER,9023N,20260830,HASLC01260719206,ZHEJIANG UNIFULL INDUSTRIAL FIBRE  CO LTD,SEKU4439171,40',45GP,,2,1,26SNKO3148E,2026-09-29 01:42:04
수출,NINGBO TRADER,9023N,20260830,HASLC01260719208,ZHEJIANG UNIFULL INDUSTRIAL FIBRE  CO LTD,SKHU9944751,40',45GP,,2,1,26SNKO3148E,2026-09-29 01:42:04
수출,NINGBO TRADER,9023N,20260830,HASLC01260719414,JIANGSU SUNHUNK LOGISTICS EQUIPMENTCOLTD,GLLU9135870,40',45GP,,2,1,26SNKO3148E,2026-09-29 01:42:04
수출,NINGBO TRADER,9023N,20260830,HASLC01260719615,EAST ASIA ELECTRONICS TRADE LIMITED1P 1F BEVERLY HOUSE 93-107,SKHU9100637,40',45GP,,2,1,26SNKO3148E,2026-09-29 01:42:04
수출,NINGBO TRADER,9023N,20260830,HASLC01260720761,TONGXIANG TANGTENG TRADING COLTD   NO358 WEST  QINQIU  ROAD SHIMEN,SKHU9411670,40',45GP,,2,1,26SNKO3148E,2026-09-29 01:42:04
수출,NINGBO TRADER,9023N,20260830,HASLC01260721355,GUANGZHOU JINXIANYIN AUTO PARTS    CO LTD,HALU5654350,40',45GP,,2,1,26SNKO3148E,2026-09-29 01:42:04
수출,NINGBO TRADER,9023N,20260830,HASLC01260722556,JIANGYIN HONGTENG MACHINERYCO LTD,FCIU2388657,20',22GP,,1,1,26SNKO3148E,2026-09-29 01:42:04
수출,NINGBO TRADER,9023N,20260830,HASLC01260722556,JIANGYIN HONGTENG MACHINERYCO LTD,FCIU4472772,20',22GP,,1,1,26SNKO3148E,2026-09-29 01:42:04
수출,NINGBO TRADER,9023N,20260830,HASLC01260723322,SHANGHAI HAORUI CONSTRUCTIONMATERIALS COLTD,HALU5645636,40',45GP,,2,1,26SNKO3148E,2026-09-29 01:42:04
수출,NINGBO TRADER,9023N,20260830,HASLC01260723328,SHANGHAI HAORUI CONSTRUCTIONMATERIALS COLTD,SKHU8922146,40',45GP,,2,1,26SNKO3148E,2026-09-29 01:42:04
수출,NINGBO TRADER,9023N,20260830,HASLC01260801539,XIAMEN XINZHENXUAN STONE COLTD     6FXINYI INTERNATIONAL CENTERNO,SKLU2414927,20',22GP,,1,1,26SNKO3148E,2026-09-29 01:42:04
수출,NINGBO TRADER,9023N,20260830,HASLC01260801827,JIANGSU CHANGQING AGROCHEMICAL     TRADING CO LTD,SKHU9963896,40',45GP,,2,1,26SNKO3148E,2026-09-29 01:42:04
수출,NINGBO TRADER,9023N,20260830,HASLC01260802186,KROPP INTERNATIONAL LOGISTICSCOLTD,CICU2127747,40',45GP,,2,1,26SNKO3148E,2026-09-29 01:42:04
수출,NINGBO TRADER,9023N,20260830,HASLC01260802935,GUANGZHOU BIAOBANG CAR CAREINDUSTRY CO LTD,RKSU4005882,40',45GP,,2,1,26SNKO3148E,2026-09-29 01:42:04
수출,NINGBO TRADER,9023N,20260830,HASLC01260802999,HAINING MEILEDI IMPORT ANDEXPORT COLTD,SKHU9411670,40',45GP,,2,1,26SNKO3148E,2026-09-29 01:42:04
수출,NINGBO TRADER,9023N,20260830,HASLC02260800048,GOLD OX INTERNATIONAL DEVELOPMENT  LIMITED,SKLU2015969,20',22GP,,1,1,26SNKO3148E,2026-09-29 01:42:04
수출,NINGBO TRADER,9023N,20260830,HASLC02260800245,DG ZZ SUPPLY COLTDROOM 5612BUILDING 18DONGJIANG,TCLU9872595,40',45GP,,2,1,26SNKO3148E,2026-09-29 01:42:04
수출,NINGBO TRADER,9023N,20260830,HASLC02260800356,BAZHOU YOUDU OUTDOOR PRODUCTSCOLTD,CCLU7366415,40',45GP,,2,1,26SNKO3148E,2026-09-29 01:42:04
수출,NINGBO TRADER,9023N,20260830,HASLC02260800369,LIAONING FENGHUA INTERNATIONAL     TRADE CO LTD,DFSU3093628,20',22GP,,1,1,26SNKO3148E,2026-09-29 01:42:04
수출,NINGBO TRADER,9023N,20260830,HASLC02260800369,LIAONING FENGHUA INTERNATIONAL     TRADE CO LTD,HALU2023433,20',22GP,,1,1,26SNKO3148E,2026-09-29 01:42:04
수출,NINGBO TRADER,9023N,20260830,HASLC02260800369,LIAONING FENGHUA INTERNATIONAL     TRADE CO LTD,SKLU0739142,20',22GP,,1,1,26SNKO3148E,2026-09-29 01:42:04
수출,NINGBO TRADER,9023N,20260830,HASLC02260800369,LIAONING FENGHUA INTERNATIONAL     TRADE CO LTD,SKLU1596283,20',22GP,,1,1,26SNKO3148E,2026-09-29 01:42:04
수출,NINGBO TRADER,9023N,20260830,HASLC02260800369,LIAONING FENGHUA INTERNATIONAL     TRADE CO LTD,SKLU2029767,20',22GP,,1,1,26SNKO3148E,2026-09-29 01:42:04
수출,NINGBO TRADER,9023N,20260830,HASLC02260800454,XINGTAI TRACTOR TRADING COLTDNO 608PINGAN STREETNANHE,JDLU2015972,20',22GP,,1,1,26SNKO3148E,2026-09-29 01:42:04
수출,NINGBO TRADER,9023N,20260830,HASLC02260800469,HARBINBAIZHENG HOUSEHOLD CO LTD    COMPANY ADDRESS150010 ROOM 604,SKHU9606815,40',45GP,,2,1,26SNKO3148E,2026-09-29 01:42:04
수출,NINGBO TRADER,9023N,20260830,HASLC02260800471,DMD GLOBAL GROUP INTERNATIONAL     COLTD,FCIU3746502,20',22GP,,1,1,26SNKO3148E,2026-09-29 01:42:04
수출,NINGBO TRADER,9023N,20260830,HASLC02260800483,CANGZHOU XIAOYUAN CARTON MACHINERY TRADING CO LTD,XSPU2011980,20',22GP,,1,1,26SNKO3148E,2026-09-29 01:42:04
수출,NINGBO TRADER,9023N,20260830,HASLC02260800510,TIANJIN EVERMOREINTERNATIONALCO LTD,JTEU7369918,40',45GP,,2,1,26SNKO3148E,2026-09-29 01:42:04
수출,NINGBO TRADER,9023N,20260830,HASLC02260800515,SUZHOU GUOXIN GROUP XINSHUN IMP    AND EXP COLTD,FCIU3802289,20',22GP,,1,1,26SNKO3148E,2026-09-29 01:42:04
수출,NINGBO TRADER,9023N,20260830,HASLC02260800515,SUZHOU GUOXIN GROUP XINSHUN IMP    AND EXP COLTD,GVCU2229565,20',22GP,,1,1,26SNKO3148E,2026-09-29 01:42:04
수출,NINGBO TRADER,9023N,20260830,HASLC02260800520,TIANJIN JIULONG BUILDINGMATERIALS COLTD,RMXU8149550,40',45GP,,2,1,26SNKO3148E,2026-09-29 01:42:04
수출,NINGBO TRADER,9023N,20260830,HASLC02260800668,HANGZHOU YH INTERNATIONALFORWARDING AGENCY COLTD,CBHU8925673,40',45GP,,2,1,26SNKO3148E,2026-09-29 01:42:04
수출,NINGBO TRADER,9023N,20260830,HASLC02260800668,HANGZHOU YH INTERNATIONALFORWARDING AGENCY COLTD,CCLU7376270,40',45GP,,2,1,26SNKO3148E,2026-09-29 01:42:04
수출,NINGBO TRADER,9023N,20260830,HASLC02260800668,HANGZHOU YH INTERNATIONALFORWARDING AGENCY COLTD,GESU5598564,40',45GP,,2,1,26SNKO3148E,2026-09-29 01:42:04
수출,NINGBO TRADER,9023N,20260830,HASLC02260800690,SHANGHAI XIANGLINYUN POLYMERCO LTD,DFSU2209272,20',22GP,,1,1,26SNKO3148E,2026-09-29 01:42:04
수출,NINGBO TRADER,9023N,20260830,HASLC02260800690,SHANGHAI XIANGLINYUN POLYMERCO LTD,FCIU2058418,20',22GP,,1,1,26SNKO3148E,2026-09-29 01:42:04
수출,NINGBO TRADER,9023N,20260830,HASLC02260800690,SHANGHAI XIANGLINYUN POLYMERCO LTD,FCIU2152039,20',22GP,,1,1,26SNKO3148E,2026-09-29 01:42:04
수출,NINGBO TRADER,9023N,20260830,HASLC02260800690,SHANGHAI XIANGLINYUN POLYMERCO LTD,FCIU2454506,20',22GP,,1,1,26SNKO3148E,2026-09-29 01:42:04
수출,NINGBO TRADER,9023N,20260830,HASLC03260701917,HISENSE INTERNATIONAL TRADEDEVELOPMENT COLTD,BMOU5256300,40',45GP,,2,1,26SNKO3148E,2026-09-29 01:42:04
수출,NINGBO TRADER,9023N,20260830,HASLC03260701917,HISENSE INTERNATIONAL TRADEDEVELOPMENT COLTD,HLHU8201203,40',45GP,,2,1,26SNKO3148E,2026-09-29 01:42:04
수출,NINGBO TRADER,9023N,20260830,HASLC03260701917,HISENSE INTERNATIONAL TRADEDEVELOPMENT COLTD,TRHU4746152,40',45GP,,2,1,26SNKO3148E,2026-09-29 01:42:04
수출,NINGBO TRADER,9023N,20260830,HASLC03260701920,HISENSE INTERNATIONAL TRADEDEVELOPMENT COLTD,SKHU6322158,40',45GP,,2,1,26SNKO3148E,2026-09-29 01:42:04
수출,NINGBO TRADER,9023N,20260830,HASLC03260701920,HISENSE INTERNATIONAL TRADEDEVELOPMENT COLTD,SKHU6324280,40',45GP,,2,1,26SNKO3148E,2026-09-29 01:42:04
수출,NINGBO TRADER,9023N,20260830,HASLC03260701920,HISENSE INTERNATIONAL TRADEDEVELOPMENT COLTD,SKHU6334272,40',45GP,,2,1,26SNKO3148E,2026-09-29 01:42:04
수출,NINGBO TRADER,9023N,20260830,HASLC03260701920,HISENSE INTERNATIONAL TRADEDEVELOPMENT COLTD,SKHU8419321,40',45GP,,2,1,26SNKO3148E,2026-09-29 01:42:04
수출,NINGBO TRADER,9023N,20260830,HASLC03260701920,HISENSE INTERNATIONAL TRADEDEVELOPMENT COLTD,SKHU9526411,40',45GP,,2,1,26SNKO3148E,2026-09-29 01:42:04
수출,NINGBO TRADER,9023N,20260830,HASLC03260702096,ZHANGJIAGANG XINYA CHEMICAL COLTD  ADDRESS RM407 BLDG 2,SKLU0736014,20',22GP,,1,1,26SNKO3148E,2026-09-29 01:42:04
수출,NINGBO TRADER,9023N,20260830,HASLC03260800168,SUNERGY PHARMACHEM GROUP COLIMITED,RXTU2051072,20',22GP,,1,1,26SNKO3148E,2026-09-29 01:42:04
수출,NINGBO TRADER,9023N,20260830,HASLC03260800192,TIANJIN HAITIELIANJIE INTERNATIONALTRADE COLTD,SKHU9937290,40',45GP,,2,1,26SNKO3148E,2026-09-29 01:42:04
수출,NINGBO TRADER,9023N,20260830,HASLC03260800285,SHANDONG AISHULE HYGIENE PRODUCTS  CO LTD,SKHU9305257,40',45GP,,2,1,26SNKO3148E,2026-09-29 01:42:04
수출,NINGBO TRADER,9023N,20260830,HASLC03260800422,HANGZHOU YH INTERNATIONALFORWARDING AGENCY COLTD,ZXJU0338945,20',22GP,,1,1,26SNKO3148E,2026-09-29 01:42:04
수출,NINGBO TRADER,9023N,20260830,HASLC03260800422,HANGZHOU YH INTERNATIONALFORWARDING AGENCY COLTD,ZXJU0339026,20',22GP,,1,1,26SNKO3148E,2026-09-29 01:42:04
수출,NINGBO TRADER,9023N,20260830,HASLC03260800422,HANGZHOU YH INTERNATIONALFORWARDING AGENCY COLTD,ZXJU0339140,20',22GP,,1,1,26SNKO3148E,2026-09-29 01:42:04
수출,NINGBO TRADER,9023N,20260830,HASLC03260800422,HANGZHOU YH INTERNATIONALFORWARDING AGENCY COLTD,ZXJU0339160,20',22GP,,1,1,26SNKO3148E,2026-09-29 01:42:04
수출,NINGBO TRADER,9023N,20260830,HASLC03260800422,HANGZHOU YH INTERNATIONALFORWARDING AGENCY COLTD,ZXJU0339176,20',22GP,,1,1,26SNKO3148E,2026-09-29 01:42:04
수출,NINGBO TRADER,9023N,20260830,HASLC03260800422,HANGZHOU YH INTERNATIONALFORWARDING AGENCY COLTD,ZXJU0339200,20',22GP,,1,1,26SNKO3148E,2026-09-29 01:42:04
수출,NINGBO TRADER,9023N,20260830,HASLC03260800440,WEIFANG TENOR CHEMICAL COLTDADD INDUSTRIAL ZONE WEIFANG,SKLU1825224,20',22GP,,1,1,26SNKO3148E,2026-09-29 01:42:04
수출,NINGBO TRADER,9023N,20260830,HASLC03260800456,WENZHOU YUANMENG TRADING CO LTD    NO 1 BUILDING 4 CENPU JIAYUAN,FCIU9719398,40',45GP,,2,1,26SNKO3148E,2026-09-29 01:42:04
수출,NINGBO TRADER,9023N,20260830,HASLC03260800456,WENZHOU YUANMENG TRADING CO LTD    NO 1 BUILDING 4 CENPU JIAYUAN,SKHU9528311,40',45GP,,2,1,26SNKO3148E,2026-09-29 01:42:04
수출,NINGBO TRADER,9023N,20260830,HASLC03260800464,HARBINBAIZHENG HOUSEHOLD CO LTD    COMPANY ADDRESS,HLHU8116117,40',45GP,,2,1,26SNKO3148E,2026-09-29 01:42:04
수출,NINGBO TRADER,9023N,20260830,HASLC03260800485,SHANDONG YANGGU HUATAICHEMICAL COLTD,TCKU4360876,40',42GP,,2,1,26SNKO3148E,2026-09-29 01:42:04
수출,NINGBO TRADER,9023N,20260830,HASLC03260800534,HANGZHOU YH INTERNATIONALFORWARDING AGENCY COLTD,CIMU2001229,20',22GP,,1,1,26SNKO3148E,2026-09-29 01:42:04
수출,NINGBO TRADER,9023N,20260830,HASLC03260800534,HANGZHOU YH INTERNATIONALFORWARDING AGENCY COLTD,CIMU2001234,20',22GP,,1,1,26SNKO3148E,2026-09-29 01:42:04
수출,NINGBO TRADER,9023N,20260830,HASLC03260800534,HANGZHOU YH INTERNATIONALFORWARDING AGENCY COLTD,CIMU2002020,20',22GP,,1,1,26SNKO3148E,2026-09-29 01:42:04
수출,NINGBO TRADER,9023N,20260830,HASLC03260800534,HANGZHOU YH INTERNATIONALFORWARDING AGENCY COLTD,CIMU2002040,20',22GP,,1,1,26SNKO3148E,2026-09-29 01:42:04
수출,NINGBO TRADER,9023N,20260830,HASLC03260800534,HANGZHOU YH INTERNATIONALFORWARDING AGENCY COLTD,CIMU2002056,20',22GP,,1,1,26SNKO3148E,2026-09-29 01:42:04
수출,NINGBO TRADER,9023N,20260830,HASLC03260800534,HANGZHOU YH INTERNATIONALFORWARDING AGENCY COLTD,CIMU2002164,20',22GP,,1,1,26SNKO3148E,2026-09-29 01:42:04
수출,NINGBO TRADER,9023N,20260830,HASLC03260800534,HANGZHOU YH INTERNATIONALFORWARDING AGENCY COLTD,CIMU2002185,20',22GP,,1,1,26SNKO3148E,2026-09-29 01:42:04
수출,NINGBO TRADER,9023N,20260830,HASLC03260800534,HANGZHOU YH INTERNATIONALFORWARDING AGENCY COLTD,CIMU2002190,20',22GP,,1,1,26SNKO3148E,2026-09-29 01:42:04
수출,NINGBO TRADER,9023N,20260830,HASLC03260800534,HANGZHOU YH INTERNATIONALFORWARDING AGENCY COLTD,CIMU2002204,20',22GP,,1,1,26SNKO3148E,2026-09-29 01:42:04
수출,NINGBO TRADER,9023N,20260830,HASLC03260800534,HANGZHOU YH INTERNATIONALFORWARDING AGENCY COLTD,CIMU2002210,20',22GP,,1,1,26SNKO3148E,2026-09-29 01:42:04
수출,NINGBO TRADER,9023N,20260830,HASLC03260800534,HANGZHOU YH INTERNATIONALFORWARDING AGENCY COLTD,CIMU2002246,20',22GP,,1,1,26SNKO3148E,2026-09-29 01:42:04
수출,NINGBO TRADER,9023N,20260830,HASLC03260800534,HANGZHOU YH INTERNATIONALFORWARDING AGENCY COLTD,CIMU2003582,20',22GP,,1,1,26SNKO3148E,2026-09-29 01:42:04
수출,NINGBO TRADER,9023N,20260830,HASLC03260800613,SHANDONG YINBAO TYRE GROUPSALES COLTD,TRHU6226587,40',45GP,,2,1,26SNKO3148E,2026-09-29 01:42:04
수출,NINGBO TRADER,9023N,20260830,HASLC03260800615,SHANDONG YINBAO TYRE GROUP SALES   COLTD,FCIU7012003,40',45GP,,2,1,26SNKO3148E,2026-09-29 01:42:04
수출,NINGBO TRADER,9023N,20260830,HASLC03260800651,GUANGRAO WEISHI RUBBERCO LTD,SKHU9541822,40',45GP,,2,1,26SNKO3148E,2026-09-29 01:42:04
수출,NINGBO TRADER,9023N,20260830,HASLC03260800651,GUANGRAO WEISHI RUBBERCO LTD,SKHU9801051,40',45GP,,2,1,26SNKO3148E,2026-09-29 01:42:04
수출,NINGBO TRADER,9023N,20260830,HASLC03260800652,GUANGRAO WEISHI RUBBERCO LTD,SKHU8913139,40',45GP,,2,1,26SNKO3148E,2026-09-29 01:42:04
수출,NINGBO TRADER,9023N,20260830,HASLC03260800709,WIZ ABSOLUT CAPITAL LTDPALM GROVE HOUSE PO BOX 438 ROAD,SKLU1423740,20',22GP,,1,1,26SNKO3148E,2026-09-29 01:42:04
수출,NINGBO TRADER,9023N,20260830,HASLC03260800710,WIZ ABSOLUT CAPITAL LTDPALM GROVE HOUSE PO BOX 438 ROAD,HALU2029149,20',22GP,,1,1,26SNKO3148E,2026-09-29 01:42:04
수출,NINGBO TRADER,9023N,20260830,HASLC03260800711,WIZ ABSOLUT CAPITAL LTDPALM GROVE HOUSE PO BOX 438 ROAD,SKLU2006057,20',22GP,,1,1,26SNKO3148E,2026-09-29 01:42:04
수출,NINGBO TRADER,9023N,20260830,HASLC03260800745,HENAN SEVEN INDUSTRY CO LTDNO190119TH FLOORUNIT 1BUILDING,GLDU5632963,20',22GP,,1,1,26SNKO3148E,2026-09-29 01:42:04
수출,NINGBO TRADER,9023N,20260830,HASLC03260800790,QINGDAO AWESOME INTERNATIONALTRADE COLTD,SKHU9403720,40',45GP,,2,1,26SNKO3148E,2026-09-29 01:42:04
수출,NINGBO TRADER,9023N,20260830,HASLC03260800790,QINGDAO AWESOME INTERNATIONALTRADE COLTD,SKHU9509435,40',45GP,,2,1,26SNKO3148E,2026-09-29 01:42:04
수출,NINGBO TRADER,9023N,20260830,HASLC03260800790,QINGDAO AWESOME INTERNATIONALTRADE COLTD,TCNU8973079,40',45GP,,2,1,26SNKO3148E,2026-09-29 01:42:04
수출,NINGBO TRADER,9023N,20260830,HASLC03260800800,DONGYING ZHAN GAO RUBBER COLTD     ADD DAWANG TOWNGUANGRAO COUNTY,SKHU9819718,40',45GP,,2,1,26SNKO3148E,2026-09-29 01:42:04
수출,NINGBO TRADER,9023N,20260830,HASLC04260800045,UNICO LOGISTICS SHANGHAI CO LTD    TIANJIN BRANCH OB OF HANG YUETONG,BMOU4095454,40',45GP,,2,1,26SNKO3148E,2026-09-29 01:42:04
수출,NINGBO TRADER,9023N,20260830,HASLC04260800045,UNICO LOGISTICS SHANGHAI CO LTD    TIANJIN BRANCH OB OF HANG YUETONG,CBHU8217761,40',45GP,,2,1,26SNKO3148E,2026-09-29 01:42:04
수출,NINGBO TRADER,9023N,20260830,HASLC04260800045,UNICO LOGISTICS SHANGHAI CO LTD    TIANJIN BRANCH OB OF HANG YUETONG,FDCU0013564,40',45GP,,2,1,26SNKO3148E,2026-09-29 01:42:04
수출,NINGBO TRADER,9023N,20260830,HASLC04260800045,UNICO LOGISTICS SHANGHAI CO LTD    TIANJIN BRANCH OB OF HANG YUETONG,FDCU0014895,40',45GP,,2,1,26SNKO3148E,2026-09-29 01:42:04
수출,NINGBO TRADER,9023N,20260830,HASLC04260800045,UNICO LOGISTICS SHANGHAI CO LTD    TIANJIN BRANCH OB OF HANG YUETONG,FDCU0018627,40',45GP,,2,1,26SNKO3148E,2026-09-29 01:42:04
수출,NINGBO TRADER,9023N,20260830,HASLC04260800045,UNICO LOGISTICS SHANGHAI CO LTD    TIANJIN BRANCH OB OF HANG YUETONG,FDCU0019177,40',45GP,,2,1,26SNKO3148E,2026-09-29 01:42:04
수출,NINGBO TRADER,9023N,20260830,HASLC04260800045,UNICO LOGISTICS SHANGHAI CO LTD    TIANJIN BRANCH OB OF HANG YUETONG,FDCU0021683,40',45GP,,2,1,26SNKO3148E,2026-09-29 01:42:04
수출,NINGBO TRADER,9023N,20260830,HASLC04260800045,UNICO LOGISTICS SHANGHAI CO LTD    TIANJIN BRANCH OB OF HANG YUETONG,FDCU0072660,40',45GP,,2,1,26SNKO3148E,2026-09-29 01:42:04
수출,NINGBO TRADER,9023N,20260830,HASLC04260800045,UNICO LOGISTICS SHANGHAI CO LTD    TIANJIN BRANCH OB OF HANG YUETONG,FDCU0155912,40',45GP,,2,1,26SNKO3148E,2026-09-29 01:42:04
수출,NINGBO TRADER,9023N,20260830,HASLC04260800045,UNICO LOGISTICS SHANGHAI CO LTD    TIANJIN BRANCH OB OF HANG YUETONG,FDCU0158233,40',45GP,,2,1,26SNKO3148E,2026-09-29 01:42:04
수출,NINGBO TRADER,9023N,20260830,HASLC04260800045,UNICO LOGISTICS SHANGHAI CO LTD    TIANJIN BRANCH OB OF HANG YUETONG,TDTU4046204,40',45GP,,2,1,26SNKO3148E,2026-09-29 01:42:04
수출,NINGBO TRADER,9023N,20260830,HASLC04260800045,UNICO LOGISTICS SHANGHAI CO LTD    TIANJIN BRANCH OB OF HANG YUETONG,ULCU5004118,40',45GP,,2,1,26SNKO3148E,2026-09-29 01:42:04
수출,NINGBO TRADER,9023N,20260830,HASLC04260800045,UNICO LOGISTICS SHANGHAI CO LTD    TIANJIN BRANCH OB OF HANG YUETONG,ULCU5009064,40',45GP,,2,1,26SNKO3148E,2026-09-29 01:42:04
수출,NINGBO TRADER,9023N,20260830,HASLC04260800045,UNICO LOGISTICS SHANGHAI CO LTD    TIANJIN BRANCH OB OF HANG YUETONG,ULCU5020525,40',45GP,,2,1,26SNKO3148E,2026-09-29 01:42:04
수출,NINGBO TRADER,9023N,20260830,HASLC04260800045,UNICO LOGISTICS SHANGHAI CO LTD    TIANJIN BRANCH OB OF HANG YUETONG,ULCU5028444,40',45GP,,2,1,26SNKO3148E,2026-09-29 01:42:04
수출,NINGBO TRADER,9023N,20260830,HASLC04260800045,UNICO LOGISTICS SHANGHAI CO LTD    TIANJIN BRANCH OB OF HANG YUETONG,ULCU5054211,40',45GP,,2,1,26SNKO3148E,2026-09-29 01:42:04
수출,NINGBO TRADER,9023N,20260830,HASLC07260701031,CHAOZHOU ZHONGTONG TRADE CO LTD    GUANGDONG QITAI GROUP BUILDING,SKHU8721331,40',45GP,,2,1,26SNKO3148E,2026-09-29 01:42:04
수출,NINGBO TRADER,9023N,20260830,HASLC07260701114,IVY HK INDUSTRY COLIMITED,SKHU9910900,40',45GP,,2,1,26SNKO3148E,2026-09-29 01:42:04
수출,NINGBO TRADER,9023N,20260830,HASLC07260701248,COMPUCASE ENTERPRISE COLTDNO 225 LANE 54 AN HO ROAD SEC2,MZWU2101032,40',45GP,,2,1,26SNKO3148E,2026-09-29 01:42:04
수출,NINGBO TRADER,9023N,20260830,HASLC07260800298,GUANGDONG HAIYI HEALTH TECHNOLOGY  CO LTD,HALU1001701,20',22RE,,1,1,26SNKO3148E,2026-09-29 01:42:04
수출,NINGBO TRADER,9023N,20260830,HASLC08260800082,UNITED BROTHER CO,OOLU8819830,40',45GP,,2,1,26SNKO3148E,2026-09-29 01:42:04
수출,NINGBO TRADER,9023N,20260830,HASLC08260800083,UNITED BROTHER CO,OOLU8957300,40',45GP,,2,1,26SNKO3148E,2026-09-29 01:42:04
수출,NINGBO TRADER,9023N,20260830,HASLC56260700460,WUYI JINGHE TOOLS CO LTD,HLHU8322268,40',45GP,,2,1,26SNKO3148E,2026-09-29 01:42:04
수출,NINGBO TRADER,9023N,20260830,HASLC56260700895,YIWU INBEN COMMODITYPURCHASE COLTD,HALU2545016,20',22GP,,1,1,26SNKO3148E,2026-09-29 01:42:04
수출,NINGBO TRADER,9023N,20260830,HASLC5T260700125,YIWU YUNJIE TRADING CO LTDUNIFIED CREDIT CODE TAXID,FSCU9432278,40',45GP,,2,1,26SNKO3148E,2026-09-29 01:42:04
수출,NINGBO TRADER,9023N,20260830,HASLC5T260700192,ASIA AUTO PARTS DONGGUAN CO LTD,TRHU5290051,40',45GP,,2,1,26SNKO3148E,2026-09-29 01:42:04
수출,NINGBO TRADER,9023N,20260830,HASLC5T260700255,ZHONGSHAN FUZHOU ADHESIVE-PRODUCT  COLTD,BMOU5410062,40',45GP,,2,1,26SNKO3148E,2026-09-29 01:42:04
수출,NINGBO TRADER,9023N,20260830,HASLC5T260700311,FOSHAN ZISHUO NEW MATERIALTECHNOLOGY COLTD,BEAU2055165,20',22GP,,1,1,26SNKO3148E,2026-09-29 01:42:04
수출,NINGBO TRADER,9023N,20260830,HASLC5T260700311,FOSHAN ZISHUO NEW MATERIALTECHNOLOGY COLTD,BEAU2090818,20',22GP,,1,1,26SNKO3148E,2026-09-29 01:42:04
수출,NINGBO TRADER,9023N,20260830,HASLC5T260700311,FOSHAN ZISHUO NEW MATERIALTECHNOLOGY COLTD,BEAU2355033,20',22GP,,1,1,26SNKO3148E,2026-09-29 01:42:04
수출,NINGBO TRADER,9023N,20260830,HASLC5T260700311,FOSHAN ZISHUO NEW MATERIALTECHNOLOGY COLTD,SKLU0748735,20',22GP,,1,1,26SNKO3148E,2026-09-29 01:42:04
수출,NINGBO TRADER,9023N,20260830,HASLC5T260700311,FOSHAN ZISHUO NEW MATERIALTECHNOLOGY COLTD,TEMU1214804,20',22GP,,1,1,26SNKO3148E,2026-09-29 01:42:04
수출,NINGBO TRADER,9023N,20260830,HASLC5T260700311,FOSHAN ZISHUO NEW MATERIALTECHNOLOGY COLTD,TEMU3518299,20',22GP,,1,1,26SNKO3148E,2026-09-29 01:42:04
수출,NINGBO TRADER,9023N,20260830,HASLC5T260700359,ZHONGSHAN NEWAYCAN TRADINGCORPORATION LIMITED,FCIU3237167,20',22GP,,1,1,26SNKO3148E,2026-09-29 01:42:04
수출,NINGBO TRADER,9023N,20260830,HASLC5T260700360,ZHONGSHAN NEWAYCAN TRADINGCORPORATION LIMITED,FCIU3789016,20',22GP,,1,1,26SNKO3148E,2026-09-29 01:42:04
수출,NINGBO TRADER,9023N,20260830,HASLC5T260700394,ZHUHAI ZHONGKAI INNO-TECH COLTD   ADDRESS 6F PRECISION WORKSHOP,CIMU0211735,40',45GP,,2,1,26SNKO3148E,2026-09-29 01:42:04
수출,NINGBO TRADER,9023N,20260830,HASLC5T260700478,GUANGZHOU AESOP TRADING DEVELOPMENTCO LTD,HALU2088305,20',22GP,,1,1,26SNKO3148E,2026-09-29 01:42:04
수출,NINGBO TRADER,9023N,20260830,HASLC5T260700478,GUANGZHOU AESOP TRADING DEVELOPMENTCO LTD,HALU2444788,20',22GP,,1,1,26SNKO3148E,2026-09-29 01:42:04
수출,NINGBO TRADER,9023N,20260830,HASLC5T260700478,GUANGZHOU AESOP TRADING DEVELOPMENTCO LTD,HALU2506128,20',22GP,,1,1,26SNKO3148E,2026-09-29 01:42:04
수출,NINGBO TRADER,9023N,20260830,HASLC5T260700478,GUANGZHOU AESOP TRADING DEVELOPMENTCO LTD,HALU2551425,20',22GP,,1,1,26SNKO3148E,2026-09-29 01:42:04
수출,NINGBO TRADER,9023N,20260830,HASLC5T260700478,GUANGZHOU AESOP TRADING DEVELOPMENTCO LTD,SKLU0709235,20',22GP,,1,1,26SNKO3148E,2026-09-29 01:42:04
수출,NINGBO TRADER,9023N,20260830,HASLC5T260700478,GUANGZHOU AESOP TRADING DEVELOPMENTCO LTD,SKLU1587419,20',22GP,,1,1,26SNKO3148E,2026-09-29 01:42:04
수출,NINGBO TRADER,9023N,20260830,HASLC5T260700478,GUANGZHOU AESOP TRADING DEVELOPMENTCO LTD,SKLU1666020,20',22GP,,1,1,26SNKO3148E,2026-09-29 01:42:04
수출,NINGBO TRADER,9023N,20260830,HASLC5T260700478,GUANGZHOU AESOP TRADING DEVELOPMENTCO LTD,SKLU1903862,20',22GP,,1,1,26SNKO3148E,2026-09-29 01:42:04
수출,NINGBO TRADER,9023N,20260830,HASLC5T260700478,GUANGZHOU AESOP TRADING DEVELOPMENTCO LTD,SKLU2410048,20',22GP,,1,1,26SNKO3148E,2026-09-29 01:42:04
수출,NINGBO TRADER,9023N,20260830,HASLC5T260700478,GUANGZHOU AESOP TRADING DEVELOPMENTCO LTD,SKLU2416299,20',22GP,,1,1,26SNKO3148E,2026-09-29 01:42:04
수출,NINGBO TRADER,9023N,20260830,HASLC5T260700572,ASIA AUTO PARTS DONGGUAN CO LTD,SKHU6548905,40',45GP,,2,1,26SNKO3148E,2026-09-29 01:42:04
수출,NINGBO TRADER,9023N,20260830,HASLC5T260700854,HOMA APPLIANCES CO LTD,SKHU6430717,40',45GP,,2,1,26SNKO3148E,2026-09-29 01:42:04
수출,NINGBO TRADER,9023N,20260830,HASLC5T260700876,HOMA APPLIANCES COLTD,HLHU8501854,40',45GP,,2,1,26SNKO3148E,2026-09-29 01:42:04
수출,NINGBO TRADER,9023N,20260830,HASLC5T260700876,HOMA APPLIANCES COLTD,SKHU6309650,40',45GP,,2,1,26SNKO3148E,2026-09-29 01:42:04
수출,NINGBO TRADER,9023N,20260830,HASLC5T260700876,HOMA APPLIANCES COLTD,SKHU6369710,40',45GP,,2,1,26SNKO3148E,2026-09-29 01:42:04
수출,NINGBO TRADER,9023N,20260830,HASLC5T260701040,LINKFAIR HOUSEHOLD HK LIMITEDRM 501 5F BLOCK B SHATIN,CIMU2541736,40',45GP,,2,1,26SNKO3148E,2026-09-29 01:42:04
수출,NINGBO TRADER,9023N,20260830,HASLC5T260701041,ZHONGSHAN AN BO ER ELECTRICALAPPLIANCE CO LTD,CIMU2539580,40',45GP,,2,1,26SNKO3148E,2026-09-29 01:42:04
수출,NINGBO TRADER,9023N,20260830,HASLC5T260701046,ZHONGSHAN FUZHOU ADHESIVE-PRODUCT  COLTD,SKHU9817736,40',45GP,,2,1,26SNKO3148E,2026-09-29 01:42:04
수출,NINGBO TRADER,9023N,20260830,HASLC5T260701047,ZHONGSHAN FUZHOU ADHESIVE-PRODUCT  COLTD,SEKU4428120,40',45GP,,2,1,26SNKO3148E,2026-09-29 01:42:04
수출,NINGBO TRADER,9023N,20260830,HASLC5T260701048,ZHONGSHAN FUZHOU ADHESIVE-PRODUCT  COLTD,SKHU6375862,40',45GP,,2,1,26SNKO3148E,2026-09-29 01:42:04
수출,NINGBO TRADER,9023N,20260830,HASLC5T260701049,ZHONGSHAN FUZHOU ADHESIVE-PRODUCT  COLTD,SKHU9955421,40',45GP,,2,1,26SNKO3148E,2026-09-29 01:42:04
수출,NINGBO TRADER,9023N,20260830,HASLC5T260701075,FURNITURE CASA CO LIMITEDRM1807 HUIDE INTERNATIONAL,HHXU3405577,20',22GP,,1,1,26SNKO3148E,2026-09-29 01:42:04
수출,NINGBO TRADER,9023N,20260830,HASLC5T260701107,HEFEI HUALING COLTD,HLHU8392291,40',45GP,,2,1,26SNKO3148E,2026-09-29 01:42:04
수출,NINGBO TRADER,9023N,20260830,HASLC5T260701107,HEFEI HUALING COLTD,HLHU8571661,40',45GP,,2,1,26SNKO3148E,2026-09-29 01:42:04
수출,NINGBO TRADER,9023N,20260830,HASLC5T260701107,HEFEI HUALING COLTD,SKHU6381947,40',45GP,,2,1,26SNKO3148E,2026-09-29 01:42:04
수출,NINGBO TRADER,9023N,20260830,HASLC5T260800196,ZHONGSHAN AN BO ER ELECTRICALAPPLIANCE CO LTD,CIMU2545393,40',45GP,,2,1,26SNKO3148E,2026-09-29 01:42:04
수출,NINGBO TRADER,9023N,20260830,HASLJ01260701631,BE FORWARD COLTD1-32-2 KOJIMACHO CHOFU-SHI,OOLU9309045,40',45GP,,2,1,26SNKO3148E,2026-09-29 01:42:04
수출,NINGBO TRADER,9023N,20260830,HASLJ01260701819,PLUS EIGHTY-ONE COLTD,HLHU8108359,40',45GP,,2,1,26SNKO3148E,2026-09-29 01:42:04
수출,NINGBO TRADER,9023N,20260830,HASLJ01260701819,PLUS EIGHTY-ONE COLTD,HLHU8532161,40',45GP,,2,1,26SNKO3148E,2026-09-29 01:42:04
수출,NINGBO TRADER,9023N,20260830,HASLJ01260800170,FAIR MEDICAL CO LTD1215 IZUMI KASHIWA CITY CHIBA,SKHU9964043,40',45GP,,2,1,26SNKO3148E,2026-09-29 01:42:04
수출,NINGBO TRADER,9023N,20260830,HASLJ02260700785,ASIA LOGIBANK COLTD1002 OOKINI MINAMISENBA BLDG,SKHU9942321,40',45GP,,2,1,26SNKO3148E,2026-09-29 01:42:04
수출,NINGBO TRADER,9023N,20260830,HASLJ02260700786,ASIA LOGIBANK COLTD1002 OOKINI MINAMISENBA BLDG,SKHU6371091,40',45GP,,2,1,26SNKO3148E,2026-09-29 01:42:04
수출,NINGBO TRADER,9023N,20260830,HASLK01260708521,SAMSUNG PRECISION IND CO LTD167 BONGSU-DAERO SEO-GU INCHEON,BEAU2356446,20',22GP,,1,1,26SNKO3148E,2026-09-29 01:42:04
수출,NINGBO TRADER,9023N,20260830,HASLK01260709569,MOLAX LINE LTD910F YOU ONE BLDG,SKHU8106899,40',45GP,,2,1,26SNKO3148E,2026-09-29 01:42:04
수출,NINGBO TRADER,9023N,20260830,HASLK01260709929,DALI TRADE CORPA-1206 RAEMIAN YONGSAN 95,TCLU2317414,20',22GP,,1,1,26SNKO3148E,2026-09-29 01:42:04
수출,NINGBO TRADER,9023N,20260830,HASLK01260709929,DALI TRADE CORPA-1206 RAEMIAN YONGSAN 95,TCLU3887962,20',22GP,,1,1,26SNKO3148E,2026-09-29 01:42:04
수출,NINGBO TRADER,9023N,20260830,HASLK01260709929,DALI TRADE CORPA-1206 RAEMIAN YONGSAN 95,TLLU8091908,20',22GP,,1,1,26SNKO3148E,2026-09-29 01:42:04
수출,NINGBO TRADER,9023N,20260830,HASLK01260709929,DALI TRADE CORPA-1206 RAEMIAN YONGSAN 95,TRHU1365105,20',22GP,,1,1,26SNKO3148E,2026-09-29 01:42:04
수출,NINGBO TRADER,9023N,20260830,HASLK01260709929,DALI TRADE CORPA-1206 RAEMIAN YONGSAN 95,TRHU1495990,20',22GP,,1,1,26SNKO3148E,2026-09-29 01:42:04
수출,NINGBO TRADER,9023N,20260830,HASLK01260709929,DALI TRADE CORPA-1206 RAEMIAN YONGSAN 95,TRHU2188299,20',22GP,,1,1,26SNKO3148E,2026-09-29 01:42:04
수출,NINGBO TRADER,9023N,20260830,HASLK01260709929,DALI TRADE CORPA-1206 RAEMIAN YONGSAN 95,TRHU2387855,20',22GP,,1,1,26SNKO3148E,2026-09-29 01:42:04
수출,NINGBO TRADER,9023N,20260830,HASLK01260709929,DALI TRADE CORPA-1206 RAEMIAN YONGSAN 95,TRHU2392229,20',22GP,,1,1,26SNKO3148E,2026-09-29 01:42:04
수출,NINGBO TRADER,9023N,20260830,HASLK01260709929,DALI TRADE CORPA-1206 RAEMIAN YONGSAN 95,TRHU2455625,20',22GP,,1,1,26SNKO3148E,2026-09-29 01:42:04
수출,NINGBO TRADER,9023N,20260830,HASLK01260709929,DALI TRADE CORPA-1206 RAEMIAN YONGSAN 95,TRHU2690028,20',22GP,,1,1,26SNKO3148E,2026-09-29 01:42:04
수출,NINGBO TRADER,9023N,20260830,HASLK01260709929,DALI TRADE CORPA-1206 RAEMIAN YONGSAN 95,TRHU2690115,20',22GP,,1,1,26SNKO3148E,2026-09-29 01:42:04
수출,NINGBO TRADER,9023N,20260830,HASLK01260709929,DALI TRADE CORPA-1206 RAEMIAN YONGSAN 95,TRHU2823563,20',22GP,,1,1,26SNKO3148E,2026-09-29 01:42:04
수출,NINGBO TRADER,9023N,20260830,HASLK01260800045,MOLAX LINE LTD,SKLU2303604,20',22GP,,1,1,26SNKO3148E,2026-09-29 01:42:04
수출,NINGBO TRADER,9023N,20260830,HASLK01260801080,EVAS COSMETIC CO LTD35-5 SANDAN-RO PYONGTAEK-SI,SKHU6481191,40',45GP,,2,1,26SNKO3148E,2026-09-29 01:42:04
수출,NINGBO TRADER,9023N,20260830,HASLK01260803654,KR TRADING COLTDU-DONGBYUCKSAN E CENTUMCLASS ONE,SKLU1827187,20',22GP,,1,1,26SNKO3148E,2026-09-29 01:42:04
수출,NINGBO TRADER,9023N,20260830,HASLK01260805377,SEJIN LOGISTICS COLTDF4 SEONGYEON BLDG 34-3,HLXU8207594,40',45GP,,2,1,26SNKO3148E,2026-09-29 01:42:04
수출,NINGBO TRADER,9023N,20260830,HASLK01260805378,SEJIN LOGISTICS COLTDF4 SEONGYEON BLDG 34-3,OOLU8855988,40',45GP,,2,1,26SNKO3148E,2026-09-29 01:42:04
수출,NINGBO TRADER,9023N,20260830,HASLK01260805848,RD CO LTD811 KUKJE OFFICETEL JUNGANGDAERO,HLHU8333489,40',45GP,,2,1,26SNKO3148E,2026-09-29 01:42:04
수출,NINGBO TRADER,9023N,20260830,HASLK01260807789,MOTOR SEVEN CO LTD1462-14 HWASEONG-RO HWASEONG-SI,SKHU6315565,40',45GP,,2,1,26SNKO3148E,2026-09-29 01:42:04
수출,NINGBO TRADER,9023N,20260830,HASLK02260800839,BGT COMPANY CO LTDA-1414 IX TOWER 27 DONGTANCHEOMD,FSCU5896882,40',45RE,,2,1,26SNKO3148E,2026-09-29 01:42:04
수출,NINGBO TRADER,9023N,20260830,HASLS11260700483,PT MUTIARA CAKRA HAMIDIJLN EDAM II NO6  RT2 RW16,TRHU2350521,20',22GP,,1,1,26SNKO3148E,2026-09-29 01:42:04
수출,NINGBO TRADER,9023N,20260830,HASLS11260700659,PT USAHA MAPAN MANDIRIJL TANAH MERDEKA V NO59,SKLU1639240,20',22GP,,1,1,26SNKO3148E,2026-09-29 01:42:04
수출,NINGBO TRADER,9023N,20260830,HASLS11260700659,PT USAHA MAPAN MANDIRIJL TANAH MERDEKA V NO59,SKLU1996422,20',22GP,,1,1,26SNKO3148E,2026-09-29 01:42:04
수출,NINGBO TRADER,9023N,20260830,HASLS11260700659,PT USAHA MAPAN MANDIRIJL TANAH MERDEKA V NO59,SKLU2004985,20',22GP,,1,1,26SNKO3148E,2026-09-29 01:42:04
수출,NINGBO TRADER,9023N,20260830,HASLS11260700944,PT EDICO UTAMAJALAN PULO GADUNG NO7,FCIU8556995,40',45GP,,2,1,26SNKO3148E,2026-09-29 01:42:04
수출,NINGBO TRADER,9023N,20260830,HASLS11260701063,PT ASIANAGRO AGUNGJAYAJL PALEMBANG KAV 35-37,SKHU8120829,40',45GP,,2,1,26SNKO3148E,2026-09-29 01:42:04
수출,NINGBO TRADER,9023N,20260830,HASLS11260701063,PT ASIANAGRO AGUNGJAYAJL PALEMBANG KAV 35-37,TRHU6244615,40',45GP,,2,1,26SNKO3148E,2026-09-29 01:42:04
수출,NINGBO TRADER,9023N,20260830,HASLS11260701137,CV PUTRA HARAPAN JAYA SENTOSAJL DUKU SETU NO8  BODE SARI,FCIU9499987,40',45GP,,2,1,26SNKO3148E,2026-09-29 01:42:04
수출,NINGBO TRADER,9023N,20260830,HASLS11260701137,CV PUTRA HARAPAN JAYA SENTOSAJL DUKU SETU NO8  BODE SARI,FCIU9542867,40',45GP,,2,1,26SNKO3148E,2026-09-29 01:42:04
수출,NINGBO TRADER,9023N,20260830,HASLS15260700006,CHEMPLASA TECHNOLOGY SDN BHDPLO 35 JALAN NIBONG 2,TRLU6714070,40',45GP,,2,1,26SNKO3148E,2026-09-29 01:42:04
수출,NINGBO TRADER,9023N,20260830,HASLS15260700006,CHEMPLASA TECHNOLOGY SDN BHDPLO 35 JALAN NIBONG 2,TRLU6982598,40',45GP,,2,1,26SNKO3148E,2026-09-29 01:42:04
수출,NINGBO TRADER,9023N,20260830,HASLS16260600373,BC AUTO PARTS SUPPLY SDN BHDLOT 6713 BATU 3 JALAN KAPAR,SKHU9506272,40',45GP,,2,1,26SNKO3148E,2026-09-29 01:42:04
수출,NINGBO TRADER,9023N,20260830,HASLS16260700095,AIK CHEONG BEVERAGE INDUSTRIES SDN BHD,SEKU4428428,40',45GP,,2,1,26SNKO3148E,2026-09-29 01:42:04
수출,NINGBO TRADER,9023N,20260830,HASLS16260700155,SAN MIGUEL YAMAMURA PACKAGINGPRINTING SDN BHD,TRHU5291865,40',45GP,,2,1,26SNKO3148E,2026-09-29 01:42:04
수출,NINGBO TRADER,9023N,20260830,HASLS16260700272,SAKADO AUTOPARTS M SDN BHDLOT64351 JALAN KERETAPI LAMAKU15,SEKU4981114,40',45GP,,2,1,26SNKO3148E,2026-09-29 01:42:04
수출,NINGBO TRADER,9023N,20260830,HASLS20260700015,COB-WEB INDUSTRIAL CORPORATION,HALU5635427,40',45GP,,2,1,26SNKO3148E,2026-09-29 01:42:04
수출,NINGBO TRADER,9023N,20260830,HASLS20260700015,COB-WEB INDUSTRIAL CORPORATION,SKHU6469431,40',45GP,,2,1,26SNKO3148E,2026-09-29 01:42:04
수출,NINGBO TRADER,9023N,20260830,HASLS21260702376,NAM BAO TIN IMPORT EXPORT COMPANY  LIMITED,SKLU1441553,20',22GP,,1,1,26SNKO3148E,2026-09-29 01:42:04
수출,NINGBO TRADER,9023N,20260830,HASLS21260702376,NAM BAO TIN IMPORT EXPORT COMPANY  LIMITED,SKLU1535884,20',22GP,,1,1,26SNKO3148E,2026-09-29 01:42:04
수출,NINGBO TRADER,9023N,20260830,HASLS21260702376,NAM BAO TIN IMPORT EXPORT COMPANY  LIMITED,SKLU1903055,20',22GP,,1,1,26SNKO3148E,2026-09-29 01:42:04
수출,NINGBO TRADER,9023N,20260830,HASLS21260702376,NAM BAO TIN IMPORT EXPORT COMPANY  LIMITED,SKLU1919853,20',22GP,,1,1,26SNKO3148E,2026-09-29 01:42:04
수출,NINGBO TRADER,9023N,20260830,HASLS21260800109,CHEMICAL TRADING VIETNAMCOMPANY LIMITED,FBLU0222103,40',45GP,,2,1,26SNKO3148E,2026-09-29 01:42:04
수출,NINGBO TRADER,9023N,20260830,HASLS21260800109,CHEMICAL TRADING VIETNAMCOMPANY LIMITED,GCXU6289207,40',45GP,,2,1,26SNKO3148E,2026-09-29 01:42:04
수출,NINGBO TRADER,9023N,20260830,HASLS21260800109,CHEMICAL TRADING VIETNAMCOMPANY LIMITED,HLHU8206545,40',45GP,,2,1,26SNKO3148E,2026-09-29 01:42:04
수출,NINGBO TRADER,9023N,20260830,HASLS21260800109,CHEMICAL TRADING VIETNAMCOMPANY LIMITED,HLHU8304623,40',45GP,,2,1,26SNKO3148E,2026-09-29 01:42:04
수출,NINGBO TRADER,9023N,20260830,HASLS21260800109,CHEMICAL TRADING VIETNAMCOMPANY LIMITED,HLHU8352576,40',45GP,,2,1,26SNKO3148E,2026-09-29 01:42:04
수출,NINGBO TRADER,9023N,20260830,HASLS21260800109,CHEMICAL TRADING VIETNAMCOMPANY LIMITED,HLHU8392434,40',45GP,,2,1,26SNKO3148E,2026-09-29 01:42:04
수출,NINGBO TRADER,9023N,20260830,HASLS21260800109,CHEMICAL TRADING VIETNAMCOMPANY LIMITED,SEKU4985439,40',45GP,,2,1,26SNKO3148E,2026-09-29 01:42:04
수출,NINGBO TRADER,9023N,20260830,HASLS21260800109,CHEMICAL TRADING VIETNAMCOMPANY LIMITED,SKHU6342600,40',45GP,,2,1,26SNKO3148E,2026-09-29 01:42:04
수출,NINGBO TRADER,9023N,20260830,HASLS21260800109,CHEMICAL TRADING VIETNAMCOMPANY LIMITED,SKHU6375775,40',45GP,,2,1,26SNKO3148E,2026-09-29 01:42:04
수출,NINGBO TRADER,9023N,20260830,HASLS21260800109,CHEMICAL TRADING VIETNAMCOMPANY LIMITED,SKHU6398873,40',45GP,,2,1,26SNKO3148E,2026-09-29 01:42:04
수출,NINGBO TRADER,9023N,20260830,HASLS21260800109,CHEMICAL TRADING VIETNAMCOMPANY LIMITED,SKHU8116388,40',45GP,,2,1,26SNKO3148E,2026-09-29 01:42:04
수출,NINGBO TRADER,9023N,20260830,HASLS21260800109,CHEMICAL TRADING VIETNAMCOMPANY LIMITED,SKHU8906443,40',45GP,,2,1,26SNKO3148E,2026-09-29 01:42:04
수출,NINGBO TRADER,9023N,20260830,HASLS21260800109,CHEMICAL TRADING VIETNAMCOMPANY LIMITED,SKHU9937460,40',45GP,,2,1,26SNKO3148E,2026-09-29 01:42:04
수출,NINGBO TRADER,9023N,20260830,HASLS21260800178,SIMEXCO DAKLAK LTD23 NGO QUYEN STREET BUON MA,CBHU9469074,40',45GP,,2,1,26SNKO3148E,2026-09-29 01:42:04
수출,NINGBO TRADER,9023N,20260830,HASLS21260800354,THE SOUTHERN RUBBER INDUSTRYJOINT STOCK COMPANY,SKHU9524975,40',45GP,,2,1,26SNKO3148E,2026-09-29 01:42:04
수출,NINGBO TRADER,9023N,20260830,HASLS21260800409,EMBE TRADING CO LTD,SKHU8917710,40',45GP,,2,1,26SNKO3148E,2026-09-29 01:42:04
수출,NINGBO TRADER,9023N,20260830,HASLS21260800423,CT TNHH MTV SX TM LINH HUONG,GLDU5477044,20',22GP,,1,1,26SNKO3148E,2026-09-29 01:42:04
수출,NINGBO TRADER,9023N,20260830,HASLS22260702023,YOKOHAMA TIRE MANUFACTURINGTHAILAND COLTD,HLHU6414180,40',45GP,,2,1,26SNKO3148E,2026-09-29 01:42:04
수출,NINGBO TRADER,9023N,20260830,HASLS22260702023,YOKOHAMA TIRE MANUFACTURINGTHAILAND COLTD,HLHU8302071,40',45GP,,2,1,26SNKO3148E,2026-09-29 01:42:04
수출,NINGBO TRADER,9023N,20260830,HASLS22260702023,YOKOHAMA TIRE MANUFACTURINGTHAILAND COLTD,HLHU8440384,40',45GP,,2,1,26SNKO3148E,2026-09-29 01:42:04
수출,NINGBO TRADER,9023N,20260830,HASLS22260702023,YOKOHAMA TIRE MANUFACTURINGTHAILAND COLTD,SKHU6412396,40',45GP,,2,1,26SNKO3148E,2026-09-29 01:42:04
수출,NINGBO TRADER,9023N,20260830,HASLS22260702023,YOKOHAMA TIRE MANUFACTURINGTHAILAND COLTD,SKHU9943483,40',45GP,,2,1,26SNKO3148E,2026-09-29 01:42:04
수출,NINGBO TRADER,9023N,20260830,HASLS22260702105,THAI AGRI FOODS PUBLIC COMPANY     LIMITED HEAD OFFICE,SKLU1641192,20',22GP,,1,1,26SNKO3148E,2026-09-29 01:42:04
수출,NINGBO TRADER,9023N,20260830,HASLS22260702106,THAI AGRI FOODS PUBLIC COMPANY     LIMITED HEAD OFFICE,HALU2035223,20',22GP,,1,1,26SNKO3148E,2026-09-29 01:42:04
수출,NINGBO TRADER,9023N,20260830,HASLS22260702107,THAI AGRI FOODS PUBLIC COMPANY     LIMITED HEAD OFFICE,SKLU1818713,20',22GP,,1,1,26SNKO3148E,2026-09-29 01:42:04
수출,NINGBO TRADER,9023N,20260830,HASLS22260702108,THAI AGRI FOODS PUBLIC COMPANY     LIMITED HEAD OFFICE,SKLU1946308,20',22GP,,1,1,26SNKO3148E,2026-09-29 01:42:04
수출,NINGBO TRADER,9023N,20260830,HASLS22260702109,THAI AGRI FOODS PUBLIC COMPANY     LIMITED HEAD OFFICE,SKLU1340711,20',22GP,,1,1,26SNKO3148E,2026-09-29 01:42:04
수출,NINGBO TRADER,9023N,20260830,HASLS22260702192,ZHONGCE RUBBER THAILAND COLTD7666 M6 MABYANGPORN,MAGU5221272,40',45GP,,2,1,26SNKO3148E,2026-09-29 01:42:04
수출,NINGBO TRADER,9023N,20260830,HASLS22260800519,THAI AGRI FOODS PUBLIC COMPANY     LIMITED HEAD OFFICE,SEGU2340483,20',22GP,,1,1,26SNKO3148E,2026-09-29 01:42:04
수출,NINGBO TRADER,9023N,20260830,HASLS22260800525,THAI AGRI FOODS PUBLIC COMPANY     LIMITED HEAD OFFICE,SKHU9207944,40',45GP,,2,1,26SNKO3148E,2026-09-29 01:42:04
수출,NINGBO TRADER,9023N,20260830,HASLW02260700007,SINOBEN CARGO SYSTEM LTD,TGBU4382674,40',45GP,,2,1,26SNKO3148E,2026-09-29 01:42:04
수출,NINGBO TRADER,9023N,20260830,HASLW02260700008,SINOBEN CARGO SYSTEM LTD,FCIU7000759,40',45GP,,2,1,26SNKO3148E,2026-09-29 01:42:04
수출,NINGBO TRADER,9023N,20260830,HASLW02260700009,SINOBEN CARGO SYSTEM LTD,SKHU9825650,40',45GP,,2,1,26SNKO3148E,2026-09-29 01:42:04
수출,NINGBO TRADER,9023N,20260830,HASLW02260700010,SINOBEN CARGO SYSTEM LTD,HALU2574251,20',22GP,,1,1,26SNKO3148E,2026-09-29 01:42:04
수출,NINGBO TRADER,9023N,20260830,HASLW02260700011,SINOBEN CARGO SYSTEM LTD,SKHU6331503,40',45GP,,2,1,26SNKO3148E,2026-09-29 01:42:04
수출,NINGBO TRADER,9023N,20260830,HASLW02260700012,SINOBEN CARGO SYSTEM LTD,SKHU8125815,40',45GP,,2,1,26SNKO3148E,2026-09-29 01:42:04
수출,NINGBO TRADER,9023N,20260830,HASLW02260700013,SINOBEN CARGO SYSTEM LTD,SKHU9537782,40',45GP,,2,1,26SNKO3148E,2026-09-29 01:42:04
수출,NINGBO TRADER,9023N,20260830,HASLW02260700014,SINOBEN CARGO SYSTEM LTD,SKHU6546137,40',45GP,,2,1,26SNKO3148E,2026-09-29 01:42:04
수출,NINGBO TRADER,9023N,20260830,HASLW02260700015,SINOBEN CARGO SYSTEM LTD,HLHU8382117,40',45GP,,2,1,26SNKO3148E,2026-09-29 01:42:04
수출,NINGBO TRADER,9023N,20260830,HASLW02260700016,SINOBEN CARGO SYSTEM LTD,HLHU8452493,40',45GP,,2,1,26SNKO3148E,2026-09-29 01:42:04
수출,PACIFIC TIANJIN,2640E,20260830,HASLC01260710933,PGI NONWOVENS CHINA CO LTD21 EAST SUHONG ROAD SUZHOU,SKHU9931034,40',45GP,,2,1,26HASL1184E,2026-09-29 01:42:04
수출,PACIFIC TIANJIN,2640E,20260830,HASLC01260713459,SHANGHAI YUANHUA INTERNATIONAL     LOGISTICS COLTD,SKHU6209455,40',45GP,,2,1,26HASL1184E,2026-09-29 01:42:04
수출,PACIFIC TIANJIN,2640E,20260830,HASLC01260719992,SHANGHAI YONGXINHANG INTERNATIONAL LOGISTICS COLTD,HALU2334610,20',22GP,,1,1,26HASL1184E,2026-09-29 01:42:04
수출,PACIFIC TIANJIN,2640E,20260830,HASLC01260719992,SHANGHAI YONGXINHANG INTERNATIONAL LOGISTICS COLTD,HALU2441080,20',22GP,,1,1,26HASL1184E,2026-09-29 01:42:04
수출,PACIFIC TIANJIN,2640E,20260830,HASLC01260801057,SHANGHAI YUANHUA INTERNATIONAL     LOGISTICS COLTD,SKHU6372689,40',45GP,,2,1,26HASL1184E,2026-09-29 01:42:04
수출,PACIFIC TIANJIN,2640E,20260830,HASLC01260802530,TX LOGISTICS COLTD13FNO866 DONGCHANGZHI ROAD,SKHU6414022,40',45GP,,2,1,26HASL1184E,2026-09-29 01:42:04
수출,PACIFIC TIANJIN,2640E,20260830,HASLC02260700734,EASTEX INDUSTRIAL SCIENCETECHNOLOGYTIANJIN COLTD,HLHU8468247,40',45GP,,2,1,26HASL1184E,2026-09-29 01:42:04
수출,PACIFIC TIANJIN,2640E,20260830,HASLC02260700734,EASTEX INDUSTRIAL SCIENCETECHNOLOGYTIANJIN COLTD,HLHU8483529,40',45GP,,2,1,26HASL1184E,2026-09-29 01:42:04
수출,PACIFIC TIANJIN,2640E,20260830,HASLC02260700734,EASTEX INDUSTRIAL SCIENCETECHNOLOGYTIANJIN COLTD,HLHU8500380,40',45GP,,2,1,26HASL1184E,2026-09-29 01:42:04
수출,PACIFIC TIANJIN,2640E,20260830,HASLC02260700734,EASTEX INDUSTRIAL SCIENCETECHNOLOGYTIANJIN COLTD,HLHU8525820,40',45GP,,2,1,26HASL1184E,2026-09-29 01:42:04
수출,PACIFIC TIANJIN,2640E,20260830,HASLC02260700734,EASTEX INDUSTRIAL SCIENCETECHNOLOGYTIANJIN COLTD,SKHU6420616,40',45GP,,2,1,26HASL1184E,2026-09-29 01:42:04
수출,PACIFIC TIANJIN,2640E,20260830,HASLC02260700734,EASTEX INDUSTRIAL SCIENCETECHNOLOGYTIANJIN COLTD,SKHU6424740,40',45GP,,2,1,26HASL1184E,2026-09-29 01:42:04
수출,PACIFIC TIANJIN,2640E,20260830,HASLC02260700919,SHIZUISHAN BAOMA XINGQING SPECIAL  ALLOY COLTD,HALU2360455,20',22GP,,1,1,26HASL1184E,2026-09-29 01:42:04
수출,PACIFIC TIANJIN,2640E,20260830,HASLC02260700919,SHIZUISHAN BAOMA XINGQING SPECIAL  ALLOY COLTD,SKLU1006704,20',22GP,,1,1,26HASL1184E,2026-09-29 01:42:04
수출,PACIFIC TIANJIN,2640E,20260830,HASLC02260700919,SHIZUISHAN BAOMA XINGQING SPECIAL  ALLOY COLTD,SKLU1435381,20',22GP,,1,1,26HASL1184E,2026-09-29 01:42:04
수출,PACIFIC TIANJIN,2640E,20260830,HASLC02260700919,SHIZUISHAN BAOMA XINGQING SPECIAL  ALLOY COLTD,SKLU1921418,20',22GP,,1,1,26HASL1184E,2026-09-29 01:42:04
수출,PACIFIC TIANJIN,2640E,20260830,HASLC02260700997,SHANGHAI PROCHEM INTERNATIONAL     TRADING COLTD,HLHU8590701,40',45GP,,2,1,26HASL1184E,2026-09-29 01:42:04
수출,PACIFIC TIANJIN,2640E,20260830,HASLC02260800178,RICH-YUAN SHIPPING TIANJINCOLTD,SKLU1560402,20',22GP,,1,1,26HASL1184E,2026-09-29 01:42:04
수출,PACIFIC TIANJIN,2640E,20260830,HASLC02260800257,EASTEX INDUSTRIAL SCIENCETECHNOLOGYTIANJIN COLTD,BMOU6044965,40',45GP,,2,1,26HASL1184E,2026-09-29 01:42:04
수출,PACIFIC TIANJIN,2640E,20260830,HASLC02260800257,EASTEX INDUSTRIAL SCIENCETECHNOLOGYTIANJIN COLTD,HALU5656836,40',45GP,,2,1,26HASL1184E,2026-09-29 01:42:04
수출,PACIFIC TIANJIN,2640E,20260830,HASLC02260800257,EASTEX INDUSTRIAL SCIENCETECHNOLOGYTIANJIN COLTD,HLHU8429765,40',45GP,,2,1,26HASL1184E,2026-09-29 01:42:04
수출,PACIFIC TIANJIN,2640E,20260830,HASLC02260800257,EASTEX INDUSTRIAL SCIENCETECHNOLOGYTIANJIN COLTD,SKHU6322688,40',45GP,,2,1,26HASL1184E,2026-09-29 01:42:04
수출,PACIFIC TIANJIN,2640E,20260830,HASLC02260800257,EASTEX INDUSTRIAL SCIENCETECHNOLOGYTIANJIN COLTD,SKHU6402567,40',45GP,,2,1,26HASL1184E,2026-09-29 01:42:04
수출,PACIFIC TIANJIN,2640E,20260830,HASLC02260800257,EASTEX INDUSTRIAL SCIENCETECHNOLOGYTIANJIN COLTD,SKHU6543349,40',45GP,,2,1,26HASL1184E,2026-09-29 01:42:04
수출,PACIFIC TIANJIN,2640E,20260830,HASLC02260800257,EASTEX INDUSTRIAL SCIENCETECHNOLOGYTIANJIN COLTD,SKHU8432869,40',45GP,,2,1,26HASL1184E,2026-09-29 01:42:04
수출,PACIFIC TIANJIN,2640E,20260830,HASLC02260800257,EASTEX INDUSTRIAL SCIENCETECHNOLOGYTIANJIN COLTD,SKHU9627715,40',45GP,,2,1,26HASL1184E,2026-09-29 01:42:04
수출,PACIFIC TIANJIN,2640E,20260830,HASLC02260800257,EASTEX INDUSTRIAL SCIENCETECHNOLOGYTIANJIN COLTD,TGBU4381066,40',45GP,,2,1,26HASL1184E,2026-09-29 01:42:04
수출,PACIFIC TIANJIN,2640E,20260830,HASLC02260800257,EASTEX INDUSTRIAL SCIENCETECHNOLOGYTIANJIN COLTD,TRHU6256180,40',45GP,,2,1,26HASL1184E,2026-09-29 01:42:04
수출,PACIFIC TIANJIN,2640E,20260830,HASLC02260800258,EASTEX INDUSTRIAL SCIENCETECHNOLOGYTIANJIN COLTD,HALU5654556,40',45GP,,2,1,26HASL1184E,2026-09-29 01:42:04
수출,PACIFIC TIANJIN,2640E,20260830,HASLC02260800258,EASTEX INDUSTRIAL SCIENCETECHNOLOGYTIANJIN COLTD,HLHU6411643,40',45GP,,2,1,26HASL1184E,2026-09-29 01:42:04
수출,PACIFIC TIANJIN,2640E,20260830,HASLC02260800258,EASTEX INDUSTRIAL SCIENCETECHNOLOGYTIANJIN COLTD,HLHU6414730,40',45GP,,2,1,26HASL1184E,2026-09-29 01:42:04
수출,PACIFIC TIANJIN,2640E,20260830,HASLC02260800258,EASTEX INDUSTRIAL SCIENCETECHNOLOGYTIANJIN COLTD,SKHU8119860,40',45GP,,2,1,26HASL1184E,2026-09-29 01:42:04
수출,PACIFIC TIANJIN,2640E,20260830,HASLC03260702015,QINGDAO SUNRISE INTERNATIONALLOGISTICS LTD,FSCU8198205,40',45GP,,2,1,26HASL1184E,2026-09-29 01:42:04
수출,PACIFIC TIANJIN,2640E,20260830,HASLC03260702136,JINAN WINSON NEW MATERIALSTECHNOLOGY COLTD,FCIU7258337,40',45GP,,2,1,26HASL1184E,2026-09-29 01:42:04
수출,PACIFIC TIANJIN,2640E,20260830,HASLC03260702136,JINAN WINSON NEW MATERIALSTECHNOLOGY COLTD,SKHU6342025,40',45GP,,2,1,26HASL1184E,2026-09-29 01:42:04
수출,PACIFIC TIANJIN,2640E,20260830,HASLC03260702136,JINAN WINSON NEW MATERIALSTECHNOLOGY COLTD,SKHU6394461,40',45GP,,2,1,26HASL1184E,2026-09-29 01:42:04
수출,PACIFIC TIANJIN,2640E,20260830,HASLC03260702136,JINAN WINSON NEW MATERIALSTECHNOLOGY COLTD,SKHU6458720,40',45GP,,2,1,26HASL1184E,2026-09-29 01:42:04
수출,PACIFIC TIANJIN,2640E,20260830,HASLC03260702136,JINAN WINSON NEW MATERIALSTECHNOLOGY COLTD,SKHU6505061,40',45GP,,2,1,26HASL1184E,2026-09-29 01:42:04
수출,PACIFIC TIANJIN,2640E,20260830,HASLC03260702136,JINAN WINSON NEW MATERIALSTECHNOLOGY COLTD,SKHU8412116,40',45GP,,2,1,26HASL1184E,2026-09-29 01:42:04
수출,PACIFIC TIANJIN,2640E,20260830,HASLC03260702136,JINAN WINSON NEW MATERIALSTECHNOLOGY COLTD,SKHU8901626,40',45GP,,2,1,26HASL1184E,2026-09-29 01:42:04
수출,PACIFIC TIANJIN,2640E,20260830,HASLC03260800136,QINGDAO MJ LOGISTICS COLTDRM5245F WORLD TRADE CENTER,SKLU1505257,20',22GP,,1,1,26HASL1184E,2026-09-29 01:42:04
수출,PACIFIC TIANJIN,2640E,20260830,HASLC03260800428,QINGDAO SUNRISE INTERNATIONALLOGISTICS LTD,HLHU8356885,40',45GP,,2,1,26HASL1184E,2026-09-29 01:42:04
수출,PACIFIC TIANJIN,2640E,20260830,HASLC03260800607,QINGDAO SHD CARGO COLTD,SKLU2429573,20',22GP,,1,1,26HASL1184E,2026-09-29 01:42:04
수출,PACIFIC TIANJIN,2640E,20260830,HASLC04260700320,QINGDAO LONGCHUAN INTERNATIONAL    SUPPLY CHAINMANAGEMENT COLTD,SKHU9620520,40',45GP,,2,1,26HASL1184E,2026-09-29 01:42:04
수출,PACIFIC TIANJIN,2640E,20260830,HASLC04260700320,QINGDAO LONGCHUAN INTERNATIONAL    SUPPLY CHAINMANAGEMENT COLTD,SKHU9809495,40',45GP,,2,1,26HASL1184E,2026-09-29 01:42:04
수출,PACIFIC TIANJIN,2640E,20260830,HASLC04260700333,QINGDAO LONGCHUAN INTERNATIONAL    SUPPLY CHAINMANAGEMENT COLTD,SKLU2352698,20',22GP,,1,1,26HASL1184E,2026-09-29 01:42:04
수출,PACIFIC TIANJIN,2640E,20260830,HASLC04260700386,DALIAN YOUCHENG PACKAGING PRODUCTS CO LTD,SKHU6378558,40',45GP,,2,1,26HASL1184E,2026-09-29 01:42:04
수출,PACIFIC TIANJIN,2640E,20260830,HASLC04260700386,DALIAN YOUCHENG PACKAGING PRODUCTS CO LTD,SKHU9404239,40',45GP,,2,1,26HASL1184E,2026-09-29 01:42:04
수출,PACIFIC TIANJIN,2640E,20260830,HASLC04260700386,DALIAN YOUCHENG PACKAGING PRODUCTS CO LTD,SKLU1406824,20',22GP,,1,1,26HASL1184E,2026-09-29 01:42:04
수출,PACIFIC TIANJIN,2640E,20260830,HASLC04260700388,DALIAN YOUZE PAPER PRODUCTSTRADING COLTD,SEKU4975132,40',45GP,,2,1,26HASL1184E,2026-09-29 01:42:04
수출,PACIFIC TIANJIN,2640E,20260830,HASLC04260700388,DALIAN YOUZE PAPER PRODUCTSTRADING COLTD,SKHU8703596,40',45GP,,2,1,26HASL1184E,2026-09-29 01:42:04
수출,PACIFIC TIANJIN,2640E,20260830,HASLC04260700388,DALIAN YOUZE PAPER PRODUCTSTRADING COLTD,SKHU8719761,40',45GP,,2,1,26HASL1184E,2026-09-29 01:42:04
수출,PACIFIC TIANJIN,2640E,20260830,HASLC04260800064,QINGDAO LONGCHUAN INTERNATIONAL    SUPPLY CHAINMANAGEMENT COLTD,BMOU5190179,40',45GP,,2,1,26HASL1184E,2026-09-29 01:42:04
수출,PACIFIC TIANJIN,2640E,20260830,HASLC04260800064,QINGDAO LONGCHUAN INTERNATIONAL    SUPPLY CHAINMANAGEMENT COLTD,HLHU6415401,40',45GP,,2,1,26HASL1184E,2026-09-29 01:42:04
수출,PACIFIC TIANJIN,2640E,20260830,HASLC04260800064,QINGDAO LONGCHUAN INTERNATIONAL    SUPPLY CHAINMANAGEMENT COLTD,HLHU8471343,40',45GP,,2,1,26HASL1184E,2026-09-29 01:42:04
수출,PACIFIC TIANJIN,2640E,20260830,HASLC04260800064,QINGDAO LONGCHUAN INTERNATIONAL    SUPPLY CHAINMANAGEMENT COLTD,HLHU8598488,40',45GP,,2,1,26HASL1184E,2026-09-29 01:42:04
수출,PACIFIC TIANJIN,2640E,20260830,HASLC04260800083,DALIAN LUCKYSTAR INTERNATIONAL     LOGISTICS COLTD,FBIU5102003,40',45RE,,2,1,26HASL1184E,2026-09-29 01:42:04
수출,PACIFIC TIANJIN,2640E,20260830,HASLC05260750249,XIAMEN YANJAN NEW MATERIAL COLTD   NO666 HOUDI ROAD NEICUO INDUSTRIAL,SKHU9633153,40',45GP,,2,1,26HASL1184E,2026-09-29 01:42:04
수출,PACIFIC TIANJIN,2640E,20260830,HASLC05260750249,XIAMEN YANJAN NEW MATERIAL COLTD   NO666 HOUDI ROAD NEICUO INDUSTRIAL,TCNU7627111,40',45GP,,2,1,26HASL1184E,2026-09-29 01:42:04
수출,PACIFIC TIANJIN,2640E,20260830,HASLK01260604110,YOYO LOGIX CO LTD1305WORI BD42CHILPAE-RO,SKLU1958130,20',22GP,,1,1,26HASL1184E,2026-09-29 01:42:04
수출,PACIFIC TIANJIN,2640E,20260830,HASLK01260706070,BASF PERFORMANCE POLYAMIDES KOREACO LTD,HALU2556371,20',22GP,,1,1,26HASL1184E,2026-09-29 01:42:04
수출,PACIFIC TIANJIN,2640E,20260830,HASLK01260708197,JJ CORPORATION2001 107 SANGNAM-ROSEONGSAN-GU,FDCU0247480,40',45GP,,2,1,26HASL1184E,2026-09-29 01:42:04
수출,PACIFIC TIANJIN,2640E,20260830,HASLK01260708197,JJ CORPORATION2001 107 SANGNAM-ROSEONGSAN-GU,GCXU5082637,40',45GP,,2,1,26HASL1184E,2026-09-29 01:42:04
수출,PACIFIC TIANJIN,2640E,20260830,HASLK01260708197,JJ CORPORATION2001 107 SANGNAM-ROSEONGSAN-GU,HALU5668272,40',45GP,,2,1,26HASL1184E,2026-09-29 01:42:04
수출,PACIFIC TIANJIN,2640E,20260830,HASLK01260708197,JJ CORPORATION2001 107 SANGNAM-ROSEONGSAN-GU,HALU5671548,40',45GP,,2,1,26HASL1184E,2026-09-29 01:42:04
수출,PACIFIC TIANJIN,2640E,20260830,HASLK01260708197,JJ CORPORATION2001 107 SANGNAM-ROSEONGSAN-GU,HLHU8103871,40',45GP,,2,1,26HASL1184E,2026-09-29 01:42:04
수출,PACIFIC TIANJIN,2640E,20260830,HASLK01260708197,JJ CORPORATION2001 107 SANGNAM-ROSEONGSAN-GU,HLHU8109273,40',45GP,,2,1,26HASL1184E,2026-09-29 01:42:04
수출,PACIFIC TIANJIN,2640E,20260830,HASLK01260708197,JJ CORPORATION2001 107 SANGNAM-ROSEONGSAN-GU,HLHU8118110,40',45GP,,2,1,26HASL1184E,2026-09-29 01:42:04
수출,PACIFIC TIANJIN,2640E,20260830,HASLK01260708197,JJ CORPORATION2001 107 SANGNAM-ROSEONGSAN-GU,HLHU8202473,40',45GP,,2,1,26HASL1184E,2026-09-29 01:42:04
수출,PACIFIC TIANJIN,2640E,20260830,HASLK01260708197,JJ CORPORATION2001 107 SANGNAM-ROSEONGSAN-GU,HLHU8400756,40',45GP,,2,1,26HASL1184E,2026-09-29 01:42:04
수출,PACIFIC TIANJIN,2640E,20260830,HASLK01260708197,JJ CORPORATION2001 107 SANGNAM-ROSEONGSAN-GU,HLHU8419474,40',45GP,,2,1,26HASL1184E,2026-09-29 01:42:04
수출,PACIFIC TIANJIN,2640E,20260830,HASLK01260708197,JJ CORPORATION2001 107 SANGNAM-ROSEONGSAN-GU,HLHU8438089,40',45GP,,2,1,26HASL1184E,2026-09-29 01:42:04
수출,PACIFIC TIANJIN,2640E,20260830,HASLK01260708197,JJ CORPORATION2001 107 SANGNAM-ROSEONGSAN-GU,HLHU8459970,40',45GP,,2,1,26HASL1184E,2026-09-29 01:42:04
수출,PACIFIC TIANJIN,2640E,20260830,HASLK01260708197,JJ CORPORATION2001 107 SANGNAM-ROSEONGSAN-GU,HLHU8466218,40',45GP,,2,1,26HASL1184E,2026-09-29 01:42:04
수출,PACIFIC TIANJIN,2640E,20260830,HASLK01260708197,JJ CORPORATION2001 107 SANGNAM-ROSEONGSAN-GU,HLHU8468205,40',45GP,,2,1,26HASL1184E,2026-09-29 01:42:04
수출,PACIFIC TIANJIN,2640E,20260830,HASLK01260708197,JJ CORPORATION2001 107 SANGNAM-ROSEONGSAN-GU,HLHU8518559,40',45GP,,2,1,26HASL1184E,2026-09-29 01:42:04
수출,PACIFIC TIANJIN,2640E,20260830,HASLK01260708197,JJ CORPORATION2001 107 SANGNAM-ROSEONGSAN-GU,HLHU8523848,40',45GP,,2,1,26HASL1184E,2026-09-29 01:42:04
수출,PACIFIC TIANJIN,2640E,20260830,HASLK01260708197,JJ CORPORATION2001 107 SANGNAM-ROSEONGSAN-GU,HLHU8570618,40',45GP,,2,1,26HASL1184E,2026-09-29 01:42:04
수출,PACIFIC TIANJIN,2640E,20260830,HASLK01260708197,JJ CORPORATION2001 107 SANGNAM-ROSEONGSAN-GU,SEKU4969335,40',45GP,,2,1,26HASL1184E,2026-09-29 01:42:04
수출,PACIFIC TIANJIN,2640E,20260830,HASLK01260708197,JJ CORPORATION2001 107 SANGNAM-ROSEONGSAN-GU,SKHU6356498,40',45GP,,2,1,26HASL1184E,2026-09-29 01:42:04
수출,PACIFIC TIANJIN,2640E,20260830,HASLK01260708197,JJ CORPORATION2001 107 SANGNAM-ROSEONGSAN-GU,SKHU6356944,40',45GP,,2,1,26HASL1184E,2026-09-29 01:42:04
수출,PACIFIC TIANJIN,2640E,20260830,HASLK01260708197,JJ CORPORATION2001 107 SANGNAM-ROSEONGSAN-GU,SKHU6471906,40',45GP,,2,1,26HASL1184E,2026-09-29 01:42:04
수출,PACIFIC TIANJIN,2640E,20260830,HASLK01260708197,JJ CORPORATION2001 107 SANGNAM-ROSEONGSAN-GU,SKHU6479677,40',45GP,,2,1,26HASL1184E,2026-09-29 01:42:04
수출,PACIFIC TIANJIN,2640E,20260830,HASLK01260708197,JJ CORPORATION2001 107 SANGNAM-ROSEONGSAN-GU,SKHU6562400,40',45GP,,2,1,26HASL1184E,2026-09-29 01:42:04
수출,PACIFIC TIANJIN,2640E,20260830,HASLK01260708197,JJ CORPORATION2001 107 SANGNAM-ROSEONGSAN-GU,SKHU6586058,40',45GP,,2,1,26HASL1184E,2026-09-29 01:42:04
수출,PACIFIC TIANJIN,2640E,20260830,HASLK01260708197,JJ CORPORATION2001 107 SANGNAM-ROSEONGSAN-GU,SKHU8422182,40',45GP,,2,1,26HASL1184E,2026-09-29 01:42:04
수출,PACIFIC TIANJIN,2640E,20260830,HASLK01260708197,JJ CORPORATION2001 107 SANGNAM-ROSEONGSAN-GU,SKHU9110928,40',45GP,,2,1,26HASL1184E,2026-09-29 01:42:04
수출,PACIFIC TIANJIN,2640E,20260830,HASLK01260708197,JJ CORPORATION2001 107 SANGNAM-ROSEONGSAN-GU,SKHU9615102,40',45GP,,2,1,26HASL1184E,2026-09-29 01:42:04
수출,PACIFIC TIANJIN,2640E,20260830,HASLK01260708197,JJ CORPORATION2001 107 SANGNAM-ROSEONGSAN-GU,SKHU9631464,40',45GP,,2,1,26HASL1184E,2026-09-29 01:42:04
수출,PACIFIC TIANJIN,2640E,20260830,HASLK01260708197,JJ CORPORATION2001 107 SANGNAM-ROSEONGSAN-GU,SKHU9926531,40',45GP,,2,1,26HASL1184E,2026-09-29 01:42:04
수출,PACIFIC TIANJIN,2640E,20260830,HASLK01260708197,JJ CORPORATION2001 107 SANGNAM-ROSEONGSAN-GU,TCNU6583512,40',45GP,,2,1,26HASL1184E,2026-09-29 01:42:04
수출,PACIFIC TIANJIN,2640E,20260830,HASLK01260708985,HANKUK PAPER MFG CO LTD97 BISEUL-RO 96-GIL,DFSU7714560,40',45GP,,2,1,26HASL1184E,2026-09-29 01:42:04
수출,PACIFIC TIANJIN,2640E,20260830,HASLK01260708985,HANKUK PAPER MFG CO LTD97 BISEUL-RO 96-GIL,SKHU8931744,40',45GP,,2,1,26HASL1184E,2026-09-29 01:42:04
수출,PACIFIC TIANJIN,2640E,20260830,HASLK01260710265,BASF PERFORMANCE POLYAMIDES KOREACO LTD,SKLU2129431,20',22GP,,1,1,26HASL1184E,2026-09-29 01:42:04
수출,PACIFIC TIANJIN,2640E,20260830,HASLK01260710265,BASF PERFORMANCE POLYAMIDES KOREACO LTD,SKLU2316807,20',22GP,,1,1,26HASL1184E,2026-09-29 01:42:04
수출,PACIFIC TIANJIN,2640E,20260830,HASLK01260802126,GAIN LOGIS COLTD417 358-39 HOSU-RO ILSANDONG,HALU2432806,20',22GP,,1,1,26HASL1184E,2026-09-29 01:42:04
수출,PACIFIC TIANJIN,2640E,20260830,HASLK01260802634,LOTTE CHEMICAL CORPORATIONLOTTE WORLD TOWER 300 OLYMPIC-RO,SKLU0729165,20',22GP,,1,1,26HASL1184E,2026-09-29 01:42:04
수출,PACIFIC TIANJIN,2640E,20260830,HASLK01260806546,TAEKWANG INDUSTRIAL COLTDADDRESS310 DONGHO-RO,EXFU1476882,20',22TN,,1,1,26HASL1184E,2026-09-29 01:42:04
수출,PACIFIC TIANJIN,2640E,20260830,HASLK02260701913,HEUNG-A LINE COLTD,SKHU5540725,40',42PC,,2,1,26HASL1184E,2026-09-29 01:42:04
수출,PACIFIC TIANJIN,2640E,20260830,HASLK02260701913,HEUNG-A LINE COLTD,SKHU5580060,40',45PC,,2,1,26HASL1184E,2026-09-29 01:42:04
수출,PACIFIC TIANJIN,2640E,20260830,HASLK02260701913,HEUNG-A LINE COLTD,SKHU5580158,40',45PC,,2,1,26HASL1184E,2026-09-29 01:42:04
수출,PACIFIC TIANJIN,2640E,20260830,HASLK02260701913,HEUNG-A LINE COLTD,SKHU5640998,40',42PC,,2,1,26HASL1184E,2026-09-29 01:42:04
수출,PACIFIC TIANJIN,2640E,20260830,HASLK02260701913,HEUNG-A LINE COLTD,SRLU1000090,40',45PC,,2,1,26HASL1184E,2026-09-29 01:42:04
수출,PACIFIC TIANJIN,2640E,20260830,HASLK02260701913,HEUNG-A LINE COLTD,SRLU1000280,40',45PC,,2,1,26HASL1184E,2026-09-29 01:42:04
수출,PACIFIC TIANJIN,2640E,20260830,HASLK02260701913,HEUNG-A LINE COLTD,SRLU1001327,40',45PC,,2,1,26HASL1184E,2026-09-29 01:42:04
수출,PACIFIC TIANJIN,2640E,20260830,HASLK02260701913,HEUNG-A LINE COLTD,SRLU1001646,40',45PC,,2,1,26HASL1184E,2026-09-29 01:42:04
수출,PACIFIC TIANJIN,2640E,20260830,HASLK02260701913,HEUNG-A LINE COLTD,TTNU0707476,40',42PC,,2,1,26HASL1184E,2026-09-29 01:42:04
수출,PACIFIC TIANJIN,2640E,20260830,HASLK02260800485,IL SUNG CORP CO2-225 INDUSTRIAL MATERIAL CENTER,SKHU6530362,40',45GP,,2,1,26HASL1184E,2026-09-29 01:42:04
수출,PACIFIC TIANJIN,2640E,20260830,HASLK02260800485,IL SUNG CORP CO2-225 INDUSTRIAL MATERIAL CENTER,SKHU9525565,40',45GP,,2,1,26HASL1184E,2026-09-29 01:42:04
수출,PACIFIC TIANJIN,2640E,20260830,HASLS22260602168,YONGSUWAT TRADING CO LTD872 36TH FLOOR OFFICE NO46,HLHU8320711,40',45GP,,2,1,26HASL1184E,2026-09-29 01:42:04
수출,PACIFIC TIANJIN,2640E,20260830,HASLS22260602168,YONGSUWAT TRADING CO LTD872 36TH FLOOR OFFICE NO46,HLHU8451938,40',45GP,,2,1,26HASL1184E,2026-09-29 01:42:04
수출,PACIFIC TIANJIN,2640E,20260830,HASLS22260602168,YONGSUWAT TRADING CO LTD872 36TH FLOOR OFFICE NO46,SKHU6366428,40',45GP,,2,1,26HASL1184E,2026-09-29 01:42:04
수출,PACIFIC TIANJIN,2640E,20260830,HASLS22260602168,YONGSUWAT TRADING CO LTD872 36TH FLOOR OFFICE NO46,SKHU6378579,40',45GP,,2,1,26HASL1184E,2026-09-29 01:42:04
수출,PACIFIC TIANJIN,2640E,20260830,HASLS22260701792,YONGSUWAT TRADING CO LTD872 36TH FLOOR OFFICE NO46,HLHU8448364,40',45GP,,2,1,26HASL1184E,2026-09-29 01:42:04
수출,PACIFIC TIANJIN,2640E,20260830,HASLS22260701792,YONGSUWAT TRADING CO LTD872 36TH FLOOR OFFICE NO46,HLHU8455717,40',45GP,,2,1,26HASL1184E,2026-09-29 01:42:04
수출,PACIFIC TIANJIN,2640E,20260830,HASLS22260701792,YONGSUWAT TRADING CO LTD872 36TH FLOOR OFFICE NO46,SKHU6590818,40',45GP,,2,1,26HASL1184E,2026-09-29 01:42:04
수출,PACIFIC TIANJIN,2640E,20260830,HASLS22260701792,YONGSUWAT TRADING CO LTD872 36TH FLOOR OFFICE NO46,SKHU8410448,40',45GP,,2,1,26HASL1184E,2026-09-29 01:42:04
수출,PACIFIC TIANJIN,2640E,20260830,HASLS53260600168,SWANSON PLASTICS MALAYSIA SDNBHD,HALU5688941,40',45GP,,2,1,26HASL1184E,2026-09-29 01:42:04
수입,HAKATA EXPRESS,2668W,20260831,HASLJ01260700662,KINTETSU WORLD EXPRESS KOREA INC,HALU2595043,20',22GP,I,1,1,26HASL1185I,2026-09-29 01:42:04
수입,HAKATA EXPRESS,2668W,20260831,HASLJ01260700662,KINTETSU WORLD EXPRESS KOREA INC,SKLU2406829,20',22GP,I,1,1,26HASL1185I,2026-09-29 01:42:04
수입,HAKATA EXPRESS,2668W,20260831,HASLJ01260701273,YANTAI BANYAN INTERNATIONAL,SKHU9004989,40',45GP,T,2,1,26HASL1185I,2026-09-29 01:42:04
수입,HAKATA EXPRESS,2668W,20260831,HASLJ01260701390,SAMSUNG SDI CO LTD,HLHU8471929,40',45GP,I,2,1,26HASL1185I,2026-09-29 01:42:04
수입,HAKATA EXPRESS,2668W,20260831,HASLJ01260701501,SHANGHAI RYOYO TRADING COLTD,HALU2521884,20',22GP,T,1,1,26HASL1185I,2026-09-29 01:42:04
수입,HAKATA EXPRESS,2668W,20260831,HASLJ01260701519,MERCK PERFORMANCE MATERIALS LTD,CXRU1276792,20',22RE,I,1,1,26HASL1185I,2026-09-29 01:42:04
수입,HAKATA EXPRESS,2668W,20260831,HASLJ01260701588,KNC LOGIS COLTD,HLHU8436830,40',45GP,I,2,1,26HASL1185I,2026-09-29 01:42:04
수입,HAKATA EXPRESS,2668W,20260831,HASLJ01260701784,PT MITSUI CHEMICALS POLYURETHANES,HALU2526799,20',22GP,T,1,1,26HASL1185I,2026-09-29 01:42:04
수입,HAKATA EXPRESS,2668W,20260831,HASLJ01260701784,PT MITSUI CHEMICALS POLYURETHANES,HALU2540992,20',22GP,T,1,1,26HASL1185I,2026-09-29 01:42:04
수입,HAKATA EXPRESS,2668W,20260831,HASLJ01260701784,PT MITSUI CHEMICALS POLYURETHANES,SKLU0574042,20',22GP,T,1,1,26HASL1185I,2026-09-29 01:42:04
수입,HAKATA EXPRESS,2668W,20260831,HASLJ01260701859,SAMSUNG SDI CO LTD,TCNU6476284,40',45GP,I,2,1,26HASL1185I,2026-09-29 01:42:04
수입,HAKATA EXPRESS,2668W,20260831,HASLJ01260800057,UBE KOREA COLTD,SKLU2471110,20',22GP,I,1,1,26HASL1185I,2026-09-29 01:42:04
수입,HAKATA EXPRESS,2668W,20260831,HASLJ01260800125,UNITRANS LINE COLTD,SKHU9617018,40',45GP,I,2,1,26HASL1185I,2026-09-29 01:42:04
수입,HAKATA EXPRESS,2668W,20260831,HASLJ01260800125,UNITRANS LINE COLTD,TRHU4868905,40',45GP,I,2,1,26HASL1185I,2026-09-29 01:42:04
수입,HAKATA EXPRESS,2668W,20260831,HASLJ01260800200,ADVANCED LOGISTICSTHAILAND,HALU8506193,40',45RE,T,2,1,26HASL1185I,2026-09-29 01:42:04
수입,HAKATA EXPRESS,2668W,20260831,HASLJ01260800241,NOVELIS KOREA LIMITED,HLHU8360247,40',45GP,I,2,1,26HASL1185I,2026-09-29 01:42:04
수입,HAKATA EXPRESS,2668W,20260831,HASLJ01260800241,NOVELIS KOREA LIMITED,SKHU9906617,40',45GP,I,2,1,26HASL1185I,2026-09-29 01:42:04
수입,HAKATA EXPRESS,2668W,20260831,HASLJ01260800241,NOVELIS KOREA LIMITED,TCLU8446912,40',45GP,I,2,1,26HASL1185I,2026-09-29 01:42:04
수입,HAKATA EXPRESS,2668W,20260831,HASLJ01260800247,DTC CO LTD,HLHU8511940,40',45GP,I,2,1,26HASL1185I,2026-09-29 01:42:04
수입,HAKATA EXPRESS,2668W,20260831,HASLJ01260800247,DTC CO LTD,SKLU1655302,20',22GP,I,1,1,26HASL1185I,2026-09-29 01:42:04
수입,HAKATA EXPRESS,2668W,20260831,HASLJ01260800247,DTC CO LTD,SKLU1973345,20',22GP,I,1,1,26HASL1185I,2026-09-29 01:42:04
수입,HAKATA EXPRESS,2668W,20260831,HASLJ01260800541,NOVELIS KOREA LIMITED,SKHU6481226,40',45GP,I,2,1,26HASL1185I,2026-09-29 01:42:04
수입,HAKATA EXPRESS,2668W,20260831,HASLJ01260800541,NOVELIS KOREA LIMITED,SKHU6500054,40',45GP,I,2,1,26HASL1185I,2026-09-29 01:42:04
수입,HAKATA EXPRESS,2668W,20260831,HASLJ01260800541,NOVELIS KOREA LIMITED,SKHU8101304,40',45GP,I,2,1,26HASL1185I,2026-09-29 01:42:04
수입,HAKATA EXPRESS,2668W,20260831,HASLJ01260800638,HYOP WOON STOLT TRANSPORTATION,CXTU1123363,20',22TN,I,1,1,26HASL1185I,2026-09-29 01:42:04
수입,HAKATA EXPRESS,2668W,20260831,HASLJ01260800638,HYOP WOON STOLT TRANSPORTATION,SNTU7603431,20',22TN,I,1,1,26HASL1185I,2026-09-29 01:42:04
수입,HAKATA EXPRESS,2668W,20260831,HASLJ01260800638,HYOP WOON STOLT TRANSPORTATION,UTCU4657508,20',22TN,I,1,1,26HASL1185I,2026-09-29 01:42:04
수입,HAKATA EXPRESS,2668W,20260831,HASLJ01260800733,SAMSUNG SDI COLTD,SEKU9004335,20',22RE,I,1,1,26HASL1185I,2026-09-29 01:42:04
수입,HAKATA EXPRESS,2668W,20260831,HASLJ01260800817,KUKBO LOGIX CO LTD,BJCU0000353,20',22GP,I,1,1,26HASL1185I,2026-09-29 01:42:04
수입,HAKATA EXPRESS,2668W,20260831,HASLJ01260800894,DAELIM COLTD,SLZU2546080,20',22TN,I,1,1,26HASL1185I,2026-09-29 01:42:04
수입,HAKATA EXPRESS,2668W,20260831,HASLJ01260800964,EUNSAN SHIPPING  AIRCARGO COLTD,HLHU8462362,40',45GP,I,2,1,26HASL1185I,2026-09-29 01:42:04
수입,HAKATA EXPRESS,2668W,20260831,HASLJ02260700705,ARA LOGISTICS CO LTD,AKRU4210130,40',42RE,I,2,1,26HASL1185I,2026-09-29 01:42:04
수입,HAKATA EXPRESS,2668W,20260831,HASLJ02260700705,ARA LOGISTICS CO LTD,TCLU1603898,40',45GP,I,2,1,26HASL1185I,2026-09-29 01:42:04
수입,HAKATA EXPRESS,2668W,20260831,HASLJ02260700705,ARA LOGISTICS CO LTD,TCLU1750121,40',45GP,I,2,1,26HASL1185I,2026-09-29 01:42:04
수입,HAKATA EXPRESS,2668W,20260831,HASLJ02260700705,ARA LOGISTICS CO LTD,TCNU3144028,40',45GP,I,2,1,26HASL1185I,2026-09-29 01:42:04
수입,HAKATA EXPRESS,2668W,20260831,HASLJ02260700705,ARA LOGISTICS CO LTD,TCNU4309436,40',45GP,I,2,1,26HASL1185I,2026-09-29 01:42:04
수입,HAKATA EXPRESS,2668W,20260831,HASLJ02260700705,ARA LOGISTICS CO LTD,TCNU4347333,40',45GP,I,2,1,26HASL1185I,2026-09-29 01:42:04
수입,HAKATA EXPRESS,2668W,20260831,HASLJ02260700705,ARA LOGISTICS CO LTD,TCNU4707126,40',45GP,I,2,1,26HASL1185I,2026-09-29 01:42:04
수입,HAKATA EXPRESS,2668W,20260831,HASLJ02260700705,ARA LOGISTICS CO LTD,TCNU6387530,40',45GP,I,2,1,26HASL1185I,2026-09-29 01:42:04
수입,HAKATA EXPRESS,2668W,20260831,HASLJ02260700705,ARA LOGISTICS CO LTD,TCNU8956873,40',45GP,I,2,1,26HASL1185I,2026-09-29 01:42:04
수입,HAKATA EXPRESS,2668W,20260831,HASLJ02260700901,CNJ LOGIS COLTD,HLHU8302106,40',45GP,I,2,1,26HASL1185I,2026-09-29 01:42:04
수입,HAKATA EXPRESS,2668W,20260831,HASLJ02260700901,CNJ LOGIS COLTD,HLHU8517640,40',45GP,I,2,1,26HASL1185I,2026-09-29 01:42:04
수입,HAKATA EXPRESS,2668W,20260831,HASLJ02260700901,CNJ LOGIS COLTD,HLHU8536465,40',45GP,I,2,1,26HASL1185I,2026-09-29 01:42:04
수입,HAKATA EXPRESS,2668W,20260831,HASLJ02260700901,CNJ LOGIS COLTD,SKHU6324567,40',45GP,I,2,1,26HASL1185I,2026-09-29 01:42:04
수입,HAKATA EXPRESS,2668W,20260831,HASLJ02260700901,CNJ LOGIS COLTD,SKHU6451200,40',45GP,I,2,1,26HASL1185I,2026-09-29 01:42:04
수입,HAKATA EXPRESS,2668W,20260831,HASLJ02260700901,CNJ LOGIS COLTD,SKHU6563880,40',45GP,I,2,1,26HASL1185I,2026-09-29 01:42:04
수입,HAKATA EXPRESS,2668W,20260831,HASLJ02260701032,LX PANTOS CO LTD,HLHU8334206,40',45GP,I,2,1,26HASL1185I,2026-09-29 01:42:04
수입,HAKATA EXPRESS,2668W,20260831,HASLJ02260701032,LX PANTOS CO LTD,SKHU6406773,40',45GP,I,2,1,26HASL1185I,2026-09-29 01:42:04
수입,HAKATA EXPRESS,2668W,20260831,HASLJ02260701032,LX PANTOS CO LTD,SKHU6481479,40',45GP,I,2,1,26HASL1185I,2026-09-29 01:42:04
수입,HAKATA EXPRESS,2668W,20260831,HASLJ02260701032,LX PANTOS CO LTD,SKHU9314557,40',45GP,I,2,1,26HASL1185I,2026-09-29 01:42:04
수입,HAKATA EXPRESS,2668W,20260831,HASLJ02260701032,LX PANTOS CO LTD,SKHU9555390,40',45GP,I,2,1,26HASL1185I,2026-09-29 01:42:04
수입,HAKATA EXPRESS,2668W,20260831,HASLJ03260700046,YUSHIN INDUSTRIAL COLTD,HLHU8207475,40',45GP,I,2,1,26HASL1185I,2026-09-29 01:42:04
수입,HAKATA EXPRESS,2668W,20260831,HASLJ03260800023,MAUSON CO LTD,SKHU9810942,40',45GP,T,2,1,26HASL1185I,2026-09-29 01:42:04
수입,HAKATA EXPRESS,2668W,20260831,HASLJ54260800009,HEUNG-A LINE COLTD,HLHU8106356,40',45GP,I,2,1,26HASL1185I,2026-09-29 01:42:04
수입,HAKATA EXPRESS,2668W,20260831,HASLJ54260800009,HEUNG-A LINE COLTD,SKHU6326913,40',45GP,I,2,1,26HASL1185I,2026-09-29 01:42:04
수입,HAKATA EXPRESS,2668W,20260831,HASLJ54260800009,HEUNG-A LINE COLTD,SKHU6521735,40',45GP,I,2,1,26HASL1185I,2026-09-29 01:42:04
수입,HAKATA EXPRESS,2668W,20260831,HASLJ54260800009,HEUNG-A LINE COLTD,SKHU9111586,40',45GP,I,2,1,26HASL1185I,2026-09-29 01:42:04
수입,HAKATA EXPRESS,2668W,20260831,HASLJ54260800009,HEUNG-A LINE COLTD,SKHU9806053,40',45GP,I,2,1,26HASL1185I,2026-09-29 01:42:04
수입,HAKATA EXPRESS,2668W,20260831,HASLJ54260800010,MOLAX LINE LTD,SKHU6533802,40',45GP,I,2,1,26HASL1185I,2026-09-29 01:42:04
수입,HAKATA EXPRESS,2668W,20260831,HASLJ54260800010,MOLAX LINE LTD,SKLU1802403,20',22GP,I,1,1,26HASL1185I,2026-09-29 01:42:04
수입,HAKATA EXPRESS,2668W,20260831,HASLJ5G260600011,MOLAX LINE LTD,HALU2402885,20',22GP,I,1,1,26HASL1185I,2026-09-29 01:42:04
수입,HAKATA EXPRESS,2668W,20260831,HASLJ5G260800013,HEUNG-A LINE COLTD,BEAU4210949,40',45GP,I,2,1,26HASL1185I,2026-09-29 01:42:04
수입,HAKATA EXPRESS,2668W,20260831,HASLJ5G260800013,HEUNG-A LINE COLTD,SKHU8712176,40',45GP,I,2,1,26HASL1185I,2026-09-29 01:42:04
수입,HEUNG-A JANICE,2632E,20260831,HASLC03260800221,SP GLOBAL INC,SKRU9905246,40',45RE,I,2,1,26HASL1148I,2026-09-29 01:42:04
수입,HEUNG-A JANICE,2632E,20260831,HASLC03260800226,ASHIN GLOBAL COLTD,SKRU9501579,40',45RE,I,2,1,26HASL1148I,2026-09-29 01:42:04
수입,HEUNG-A JANICE,2632E,20260831,HASLC03260800229,ASHIN GLOBAL COLTD,FSCU5868324,40',45RE,I,2,1,26HASL1148I,2026-09-29 01:42:04
수입,HEUNG-A JANICE,2632E,20260831,HASLC03260800230,SP GLOBAL INC,SZLU9371010,40',45RE,I,2,1,26HASL1148I,2026-09-29 01:42:04
수입,HEUNG-A JANICE,2632E,20260831,HASLC03260800234,SP GLOBAL INC,FSCU5894658,40',45RE,I,2,1,26HASL1148I,2026-09-29 01:42:04
수입,HEUNG-A JANICE,2632E,20260831,HASLC03260800235,SP GLOBAL INCRM503 KUKDONG BLADJUNG,SKRU9400763,40',45RE,I,2,1,26HASL1148I,2026-09-29 01:42:04
수입,HEUNG-A JANICE,2632E,20260831,HASLC03260800236,SP GLOBAL INC,FSCU5867919,40',45RE,I,2,1,26HASL1148I,2026-09-29 01:42:04
수입,HEUNG-A JANICE,2632E,20260831,HASLC03260800237,SP GLOBAL INC,SKRU9603420,40',45RE,I,2,1,26HASL1148I,2026-09-29 01:42:04
수입,HEUNG-A JANICE,2632E,20260831,HASLC03260800238,SP GLOBAL INC,FSCU5888505,40',45RE,I,2,1,26HASL1148I,2026-09-29 01:42:04
수입,HEUNG-A JANICE,2632E,20260831,HASLC03260800238,SP GLOBAL INC,SKRU9904527,40',45RE,I,2,1,26HASL1148I,2026-09-29 01:42:04
수입,HEUNG-A JANICE,2632E,20260831,HASLC03260800238,SP GLOBAL INC,SZLU9373287,40',45RE,I,2,1,26HASL1148I,2026-09-29 01:42:04
수입,HEUNG-A JANICE,2632E,20260831,HASLC03260800239,ASHIN GLOBAL COLTD,SEGU9783550,40',45RE,I,2,1,26HASL1148I,2026-09-29 01:42:04
수입,HEUNG-A JANICE,2632E,20260831,HASLC03260800240,ASHIN GLOBAL COLTD,FSCU5889224,40',45RE,I,2,1,26HASL1148I,2026-09-29 01:42:04
수입,HEUNG-A JANICE,2632E,20260831,HASLC03260800242,ASHIN GLOBAL COLTD,SKRU9201530,40',45RE,I,2,1,26HASL1148I,2026-09-29 01:42:04
수입,HEUNG-A JANICE,2632E,20260831,HASLC03260800408,JINSUNG SHIPPING CO LTD,SKRU9400911,40',45RE,I,2,1,26HASL1148I,2026-09-29 01:42:04
수입,HEUNG-A JANICE,2632E,20260831,HASLC03260800557,ASHIN GLOBAL COLTD,SZLU9228170,40',45RE,I,2,1,26HASL1148I,2026-09-29 01:42:04
수입,HEUNG-A JANICE,2632E,20260831,HASLC03260800558,SP GLOBAL INC,SKRU9902822,40',45RE,I,2,1,26HASL1148I,2026-09-29 01:42:04
수입,HEUNG-A JANICE,2632E,20260831,HASLC03260800589,KUMHO TIRE CO INC,HLHU8320265,40',45GP,I,2,1,26HASL1148I,2026-09-29 01:42:04
수입,HEUNG-A JANICE,2632E,20260831,HASLC03260800589,KUMHO TIRE CO INC,SEKU4425028,40',45GP,I,2,1,26HASL1148I,2026-09-29 01:42:04
수입,HEUNG-A JANICE,2632E,20260831,HASLC03260800589,KUMHO TIRE CO INC,SKHU6563622,40',45GP,I,2,1,26HASL1148I,2026-09-29 01:42:04
수입,HEUNG-A JANICE,2632E,20260831,HASLC03260800589,KUMHO TIRE CO INC,SKHU9208806,40',45GP,I,2,1,26HASL1148I,2026-09-29 01:42:04
수입,HEUNG-A JANICE,2632E,20260831,HASLC03260800589,KUMHO TIRE CO INC,SKHU9920277,40',45GP,I,2,1,26HASL1148I,2026-09-29 01:42:04
수입,HEUNG-A JANICE,2632E,20260831,HASLC03260801066,ASHIN GLOBAL COLTD,SKRU9903161,40',45RE,I,2,1,26HASL1148I,2026-09-29 01:42:04
수입,HEUNG-A JANICE,2632E,20260831,HASLC03260801100,KPS LOGISTICS COLTD,SEGU9585770,40',45RE,I,2,1,26HASL1148I,2026-09-29 01:42:04
수입,HEUNG-A JANICE,2632E,20260831,HASLC03260801100,KPS LOGISTICS COLTD,SKRU9400927,40',45RE,I,2,1,26HASL1148I,2026-09-29 01:42:04
수입,HEUNG-A JANICE,2632E,20260831,HASLC03260801121,CNC KOREA CO LTD,HALU2321206,20',22GP,I,1,1,26HASL1148I,2026-09-29 01:42:04
수입,HEUNG-A JANICE,2632E,20260831,HASLC03260801137,PHILOCEAN LINE CO LTD,SKHU8103077,40',45GP,I,2,1,26HASL1148I,2026-09-29 01:42:04
수입,HEUNG-A JANICE,2632E,20260831,HASLC03260801220,SUNRISE KOREA CO LTD,HALU2592065,20',22GP,I,1,1,26HASL1148I,2026-09-29 01:42:04
수입,HEUNG-A JANICE,2632E,20260831,HASLC03260801262,KUMHO TIRE CO INC,SKLU1641253,20',22GP,I,1,1,26HASL1148I,2026-09-29 01:42:04
수입,HEUNG-A JANICE,2632E,20260831,HASLC03260801265,KUMHO TIRE CO INC,HALU2514289,20',22GP,I,1,1,26HASL1148I,2026-09-29 01:42:04
수입,HEUNG-A JANICE,2632E,20260831,HASLC03260801419,ASHIN GLOBAL COLTD,SKRU9201036,40',45RE,I,2,1,26HASL1148I,2026-09-29 01:42:04
수입,HEUNG-A JANICE,2632E,20260831,HASLC03260801425,ASHIN GLOBAL COLTD,SZLU9227831,40',45RE,I,2,1,26HASL1148I,2026-09-29 01:42:04
수입,HEUNG-A JANICE,2632E,20260831,HASLC03260801462,ASHIN GLOBAL COLTD,FSCU5893646,40',45RE,I,2,1,26HASL1148I,2026-09-29 01:42:04
수입,HEUNG-A JANICE,2632E,20260831,HASLC03260801476,K-ONE TNC CO LTD,KDCU9150259,20',22TN,I,1,1,26HASL1148I,2026-09-29 01:42:04
수입,HEUNG-A JANICE,2632E,20260831,HASLC03260801596,JUNGJIN KOREA LOGIS CO LTD,SZLU9457639,40',45RE,I,2,1,26HASL1148I,2026-09-29 01:42:04
수입,HEUNG-A JANICE,2632E,20260831,HASLC03260801597,JUNGJIN KOREA LOGIS CO LTD,SEGU9797553,40',45RE,I,2,1,26HASL1148I,2026-09-29 01:42:04
수입,HEUNG-A JANICE,2632E,20260831,HASLC03260801598,JUNGJIN KOREA LOGIS CO LTD,SKRU9904698,40',45RE,I,2,1,26HASL1148I,2026-09-29 01:42:04
수입,HEUNG-A JANICE,2632E,20260831,HASLC03260801599,JUNGJIN KOREA LOGIS CO LTD,SKRU9904276,40',45RE,I,2,1,26HASL1148I,2026-09-29 01:42:04
수입,HEUNG-A JANICE,2632E,20260831,HASLJ01260800727,DAELIM COLTD,EXFU5563368,20',22TN,I,1,1,26HASL1148I,2026-09-29 01:42:04
수입,HEUNG-A YOUNG,2613N,20260831,HASLC5T260700302,TT LOGISTIC LLC,PONU1950810,40',42GP,T,2,1,26HASL1169I,2026-09-29 01:42:04
수입,HEUNG-A YOUNG,2613N,20260831,HASLC5T260700574,NOVEX LLC,YMLU8630627,40',45GP,T,2,1,26HASL1169I,2026-09-29 01:42:04
수입,HEUNG-A YOUNG,2613N,20260831,HASLC5T260700626,DNS RETAIL LLC,SKHU9311542,40',45GP,T,2,1,26HASL1169I,2026-09-29 01:42:04
수입,HEUNG-A YOUNG,2613N,20260831,HASLC5T260700703,DNS RETAIL LLC,HLHU8464940,40',45GP,T,2,1,26HASL1169I,2026-09-29 01:42:04
수입,HEUNG-A YOUNG,2613N,20260831,HASLC5T260700703,DNS RETAIL LLC,SKHU6314194,40',45GP,T,2,1,26HASL1169I,2026-09-29 01:42:04
수입,HEUNG-A YOUNG,2613N,20260831,HASLC5T260700703,DNS RETAIL LLC,SKHU6325521,40',45GP,T,2,1,26HASL1169I,2026-09-29 01:42:04
수입,HEUNG-A YOUNG,2613N,20260831,HASLC5T260700703,DNS RETAIL LLC,SKHU6329810,40',45GP,T,2,1,26HASL1169I,2026-09-29 01:42:04
수입,HEUNG-A YOUNG,2613N,20260831,HASLC5T260700703,DNS RETAIL LLC,SKHU6374871,40',45GP,T,2,1,26HASL1169I,2026-09-29 01:42:04
수입,HEUNG-A YOUNG,2613N,20260831,HASLC5T260700704,DNS RETAIL LLC,HLHU8581968,40',45GP,T,2,1,26HASL1169I,2026-09-29 01:42:04
수입,HEUNG-A YOUNG,2613N,20260831,HASLC5T260700704,DNS RETAIL LLC,SKHU6321676,40',45GP,T,2,1,26HASL1169I,2026-09-29 01:42:04
수입,HEUNG-A YOUNG,2613N,20260831,HASLC5T260700705,DNS RETAIL LLC,HLHU8380480,40',45GP,T,2,1,26HASL1169I,2026-09-29 01:42:04
수입,HEUNG-A YOUNG,2613N,20260831,HASLC5T260700705,DNS RETAIL LLC,SKHU6202430,40',45GP,T,2,1,26HASL1169I,2026-09-29 01:42:04
수입,HEUNG-A YOUNG,2613N,20260831,HASLC5T260700729,DNS RETAIL LLC,HLHU8112791,40',45GP,T,2,1,26HASL1169I,2026-09-29 01:42:04
수입,HEUNG-A YOUNG,2613N,20260831,HASLC5T260700729,DNS RETAIL LLC,HLHU8573387,40',45GP,T,2,1,26HASL1169I,2026-09-29 01:42:04
수입,HEUNG-A YOUNG,2613N,20260831,HASLC5T260700729,DNS RETAIL LLC,SKHU6363007,40',45GP,T,2,1,26HASL1169I,2026-09-29 01:42:04
수입,HEUNG-A YOUNG,2613N,20260831,HASLC5T260700729,DNS RETAIL LLC,TGBU4378519,40',45GP,T,2,1,26HASL1169I,2026-09-29 01:42:04
수입,HEUNG-A YOUNG,2613N,20260831,HASLC5T260700730,DNS RETAIL LLC,HLHU8448298,40',45GP,T,2,1,26HASL1169I,2026-09-29 01:42:04
수입,HEUNG-A YOUNG,2613N,20260831,HASLC5T260700730,DNS RETAIL LLC,SKHU6332264,40',45GP,T,2,1,26HASL1169I,2026-09-29 01:42:04
수입,HEUNG-A YOUNG,2613N,20260831,HASLC5T260700730,DNS RETAIL LLC,SKHU6456922,40',45GP,T,2,1,26HASL1169I,2026-09-29 01:42:04
수입,HEUNG-A YOUNG,2613N,20260831,HASLC5T260700737,MOBILE TELESYSTEMS PUBLIC JOINT,MEDU8499096,40',45GP,T,2,1,26HASL1169I,2026-09-29 01:42:04
수입,HEUNG-A YOUNG,2613N,20260831,HASLC5T260700749,KISWIRE LTD,SKLU2350859,20',22GP,I,1,1,26HASL1169I,2026-09-29 01:42:04
수입,HEUNG-A YOUNG,2613N,20260831,HASLC5T260700749,KISWIRE LTD,SKLU2474227,20',22GP,I,1,1,26HASL1169I,2026-09-29 01:42:04
수입,HEUNG-A YOUNG,2613N,20260831,HASLC5T260700763,LIMARS-R LLC,CIMU2538964,40',45GP,T,2,1,26HASL1169I,2026-09-29 01:42:04
수입,HEUNG-A YOUNG,2613N,20260831,HASLC5T260700767,LIMITED LIABILITY COMPANY METRONOM,IVTU1650849,40',45GP,T,2,1,26HASL1169I,2026-09-29 01:42:04
수입,HEUNG-A YOUNG,2613N,20260831,HASLC5T260700770,ZAO GROUPE SEB VOSTOK,MXSU1361120,40',45GP,T,2,1,26HASL1169I,2026-09-29 01:42:04
수입,HEUNG-A YOUNG,2613N,20260831,HASLC5T260700770,ZAO GROUPE SEB VOSTOK,MXSU1361136,40',45GP,T,2,1,26HASL1169I,2026-09-29 01:42:04
수입,HEUNG-A YOUNG,2613N,20260831,HASLC5T260700771,ZAO GROUPE SEB VOSTOK,MXSU1361901,40',45GP,T,2,1,26HASL1169I,2026-09-29 01:42:04
수입,HEUNG-A YOUNG,2613N,20260831,HASLC5T260700805,DNS RETAIL LLC,HALU5678033,40',45GP,T,2,1,26HASL1169I,2026-09-29 01:42:04
수입,HEUNG-A YOUNG,2613N,20260831,HASLC5T260700962,DEN HARTOGH KOREA CO LTD,DHDU2256583,20',22TN,I,1,1,26HASL1169I,2026-09-29 01:42:04
수입,HEUNG-A YOUNG,2613N,20260831,HASLC5T260700963,DNS RETAIL LLC,BMOU6138128,40',45GP,T,2,1,26HASL1169I,2026-09-29 01:42:04
수입,HEUNG-A YOUNG,2613N,20260831,HASLC5T260700963,DNS RETAIL LLC,HALU5679528,40',45GP,T,2,1,26HASL1169I,2026-09-29 01:42:04
수입,HEUNG-A YOUNG,2613N,20260831,HASLC5T260701007,DNS RETAIL LLC,CXDU2274130,40',45GP,T,2,1,26HASL1169I,2026-09-29 01:42:04
수입,HEUNG-A YOUNG,2613N,20260831,HASLC5T260701007,DNS RETAIL LLC,HLHU8514569,40',45GP,T,2,1,26HASL1169I,2026-09-29 01:42:04
수입,HEUNG-A YOUNG,2613N,20260831,HASLC5T260701007,DNS RETAIL LLC,SKHU8110522,40',45GP,T,2,1,26HASL1169I,2026-09-29 01:42:04
수입,HEUNG-A YOUNG,2613N,20260831,HASLC5T260701011,DNS RETAIL LLC,BMOU5409170,40',45GP,T,2,1,26HASL1169I,2026-09-29 01:42:04
수입,HEUNG-A YOUNG,2613N,20260831,HASLC5T260701011,DNS RETAIL LLC,TGBU4382041,40',45GP,T,2,1,26HASL1169I,2026-09-29 01:42:04
수입,HEUNG-A YOUNG,2613N,20260831,HASLC5T260701013,DNS RETAIL LLC,DFSU7361591,40',45GP,T,2,1,26HASL1169I,2026-09-29 01:42:04
수입,HEUNG-A YOUNG,2613N,20260831,HASLC5T260701013,DNS RETAIL LLC,FDCU0077912,40',45GP,T,2,1,26HASL1169I,2026-09-29 01:42:04
수입,HEUNG-A YOUNG,2613N,20260831,HASLC5T260701013,DNS RETAIL LLC,HLHU8361900,40',45GP,T,2,1,26HASL1169I,2026-09-29 01:42:04
수입,HEUNG-A YOUNG,2613N,20260831,HASLC5T260701013,DNS RETAIL LLC,HLHU8517850,40',45GP,T,2,1,26HASL1169I,2026-09-29 01:42:04
수입,HEUNG-A YOUNG,2613N,20260831,HASLC5T260701013,DNS RETAIL LLC,SKHU8123746,40',45GP,T,2,1,26HASL1169I,2026-09-29 01:42:04
수입,HEUNG-A YOUNG,2613N,20260831,HASLC5T260701013,DNS RETAIL LLC,SKHU8128820,40',45GP,T,2,1,26HASL1169I,2026-09-29 01:42:04
수입,HEUNG-A YOUNG,2613N,20260831,HASLC5T260701013,DNS RETAIL LLC,TCNU6041569,40',45GP,T,2,1,26HASL1169I,2026-09-29 01:42:04
수입,HEUNG-A YOUNG,2613N,20260831,HASLC5T260701013,DNS RETAIL LLC,TCNU7117015,40',45GP,T,2,1,26HASL1169I,2026-09-29 01:42:04
수입,HEUNG-A YOUNG,2613N,20260831,HASLC5T260701013,DNS RETAIL LLC,TRHU6267170,40',45GP,T,2,1,26HASL1169I,2026-09-29 01:42:04
수입,HEUNG-A YOUNG,2613N,20260831,HASLC5T260701026,DNS RETAIL LLC,SEKU4970927,40',45GP,T,2,1,26HASL1169I,2026-09-29 01:42:04
수입,HEUNG-A YOUNG,2613N,20260831,HASLC5T260701026,DNS RETAIL LLC,SKHU8121614,40',45GP,T,2,1,26HASL1169I,2026-09-29 01:42:04
수입,HEUNG-A YOUNG,2613N,20260831,HASLC5T260701060,ZAO GROUPE SEB VOSTOK,CIMU2540935,40',45GP,T,2,1,26HASL1169I,2026-09-29 01:42:04
수입,HEUNG-A YOUNG,2613N,20260831,HASLC5T260701062,ZAO GROUPE SEB VOSTOK,CIMU2540072,40',45GP,T,2,1,26HASL1169I,2026-09-29 01:42:04
수입,HEUNG-A YOUNG,2613N,20260831,HASLC5T260701062,ZAO GROUPE SEB VOSTOK,CIMU2540663,40',45GP,T,2,1,26HASL1169I,2026-09-29 01:42:04
수입,HEUNG-A YOUNG,2613N,20260831,HASLC5T260701064,ZAO GROUPE SEB VOSTOK,CIMU2541818,40',45GP,T,2,1,26HASL1169I,2026-09-29 01:42:04
수입,HEUNG-A YOUNG,2613N,20260831,HASLC5T260701072,AEKYUNG IND COLTD,HALU2305606,20',22GP,I,1,1,26HASL1169I,2026-09-29 01:42:04
수입,HEUNG-A YOUNG,2613N,20260831,HASLC5T260701072,AEKYUNG IND COLTD,SKLU2482407,20',22GP,I,1,1,26HASL1169I,2026-09-29 01:42:04
수입,HEUNG-A YOUNG,2613N,20260831,HASLC5T260701104,ONODA CHEMICAL INDUSTRY CO LTD,HALU2308082,20',22GP,T,1,1,26HASL1169I,2026-09-29 01:42:04
수입,HEUNG-A YOUNG,2613N,20260831,HASLC5T260701104,ONODA CHEMICAL INDUSTRY CO LTD,HALU2312884,20',22GP,T,1,1,26HASL1169I,2026-09-29 01:42:04
수입,HEUNG-A YOUNG,2613N,20260831,HASLC5T260701104,ONODA CHEMICAL INDUSTRY CO LTD,HALU2341687,20',22GP,T,1,1,26HASL1169I,2026-09-29 01:42:04
수입,HEUNG-A YOUNG,2613N,20260831,HASLC5T260701104,ONODA CHEMICAL INDUSTRY CO LTD,HALU2343289,20',22GP,T,1,1,26HASL1169I,2026-09-29 01:42:04
수입,HEUNG-A YOUNG,2613N,20260831,HASLC5T260701104,ONODA CHEMICAL INDUSTRY CO LTD,HALU2346800,20',22GP,T,1,1,26HASL1169I,2026-09-29 01:42:04
수입,HEUNG-A YOUNG,2613N,20260831,HASLC5T260701104,ONODA CHEMICAL INDUSTRY CO LTD,HALU2355757,20',22GP,T,1,1,26HASL1169I,2026-09-29 01:42:04
수입,HEUNG-A YOUNG,2613N,20260831,HASLC5T260701104,ONODA CHEMICAL INDUSTRY CO LTD,HALU2364194,20',22GP,T,1,1,26HASL1169I,2026-09-29 01:42:04
수입,HEUNG-A YOUNG,2613N,20260831,HASLC5T260701104,ONODA CHEMICAL INDUSTRY CO LTD,HALU2415244,20',22GP,T,1,1,26HASL1169I,2026-09-29 01:42:04
수입,HEUNG-A YOUNG,2613N,20260831,HASLC5T260701104,ONODA CHEMICAL INDUSTRY CO LTD,HALU2416575,20',22GP,T,1,1,26HASL1169I,2026-09-29 01:42:04
수입,HEUNG-A YOUNG,2613N,20260831,HASLC5T260701104,ONODA CHEMICAL INDUSTRY CO LTD,HALU2416805,20',22GP,T,1,1,26HASL1169I,2026-09-29 01:42:04
수입,HEUNG-A YOUNG,2613N,20260831,HASLC5T260701104,ONODA CHEMICAL INDUSTRY CO LTD,HALU2433802,20',22GP,T,1,1,26HASL1169I,2026-09-29 01:42:04
수입,HEUNG-A YOUNG,2613N,20260831,HASLC5T260701104,ONODA CHEMICAL INDUSTRY CO LTD,HALU2438810,20',22GP,T,1,1,26HASL1169I,2026-09-29 01:42:04
수입,HEUNG-A YOUNG,2613N,20260831,HASLC5T260701104,ONODA CHEMICAL INDUSTRY CO LTD,HALU2444833,20',22GP,T,1,1,26HASL1169I,2026-09-29 01:42:04
수입,HEUNG-A YOUNG,2613N,20260831,HASLC5T260701104,ONODA CHEMICAL INDUSTRY CO LTD,HALU2450707,20',22GP,T,1,1,26HASL1169I,2026-09-29 01:42:04
수입,HEUNG-A YOUNG,2613N,20260831,HASLC5T260701104,ONODA CHEMICAL INDUSTRY CO LTD,HALU2458518,20',22GP,T,1,1,26HASL1169I,2026-09-29 01:42:04
수입,HEUNG-A YOUNG,2613N,20260831,HASLC5T260701104,ONODA CHEMICAL INDUSTRY CO LTD,HALU2465327,20',22GP,T,1,1,26HASL1169I,2026-09-29 01:42:04
수입,HEUNG-A YOUNG,2613N,20260831,HASLC5T260701104,ONODA CHEMICAL INDUSTRY CO LTD,SKLU2316453,20',22GP,T,1,1,26HASL1169I,2026-09-29 01:42:04
수입,HEUNG-A YOUNG,2613N,20260831,HASLC5T260701104,ONODA CHEMICAL INDUSTRY CO LTD,SKLU2325434,20',22GP,T,1,1,26HASL1169I,2026-09-29 01:42:04
수입,HEUNG-A YOUNG,2613N,20260831,HASLC5T260701104,ONODA CHEMICAL INDUSTRY CO LTD,SKLU2350967,20',22GP,T,1,1,26HASL1169I,2026-09-29 01:42:04
수입,HEUNG-A YOUNG,2613N,20260831,HASLC5T260701104,ONODA CHEMICAL INDUSTRY CO LTD,SKLU2355640,20',22GP,T,1,1,26HASL1169I,2026-09-29 01:42:04
수입,HEUNG-A YOUNG,2613N,20260831,HASLC5T260701104,ONODA CHEMICAL INDUSTRY CO LTD,SKLU2361452,20',22GP,T,1,1,26HASL1169I,2026-09-29 01:42:04
수입,HEUNG-A YOUNG,2613N,20260831,HASLC5T260701104,ONODA CHEMICAL INDUSTRY CO LTD,SKLU2364092,20',22GP,T,1,1,26HASL1169I,2026-09-29 01:42:04
수입,HEUNG-A YOUNG,2613N,20260831,HASLC5T260701104,ONODA CHEMICAL INDUSTRY CO LTD,SKLU2364472,20',22GP,T,1,1,26HASL1169I,2026-09-29 01:42:04
수입,HEUNG-A YOUNG,2613N,20260831,HASLC5T260701104,ONODA CHEMICAL INDUSTRY CO LTD,SKLU2410562,20',22GP,T,1,1,26HASL1169I,2026-09-29 01:42:04
수입,HEUNG-A YOUNG,2613N,20260831,HASLC5T260701104,ONODA CHEMICAL INDUSTRY CO LTD,SKLU2413730,20',22GP,T,1,1,26HASL1169I,2026-09-29 01:42:04
수입,HEUNG-A YOUNG,2613N,20260831,HASLC5T260701104,ONODA CHEMICAL INDUSTRY CO LTD,SKLU2467320,20',22GP,T,1,1,26HASL1169I,2026-09-29 01:42:04
수입,HEUNG-A YOUNG,2613N,20260831,HASLC5T260701104,ONODA CHEMICAL INDUSTRY CO LTD,SKLU2492684,20',22GP,T,1,1,26HASL1169I,2026-09-29 01:42:04
수입,HEUNG-A YOUNG,2613N,20260831,HASLC5T260701108,EL LOGIS COLTD,HALU2322537,20',22GP,I,1,1,26HASL1169I,2026-09-29 01:42:04
수입,HEUNG-A YOUNG,2613N,20260831,HASLC5T260701113,LLC PROSTOR,SKHU9823364,40',45GP,T,2,1,26HASL1169I,2026-09-29 01:42:04
수입,HEUNG-A YOUNG,2613N,20260831,HASLC5T260701116,JWLLC DELTA TRADE,KMLU4700212,40',42GP,T,2,1,26HASL1169I,2026-09-29 01:42:04
수입,HEUNG-A YOUNG,2613N,20260831,HASLC5T260701120,NIPPON EXPRESS COLTD,SKLU2318559,20',22GP,T,1,1,26HASL1169I,2026-09-29 01:42:04
수입,HEUNG-A YOUNG,2613N,20260831,HASLC5T260800014,DNS RETAIL LLC,SKHU8118138,40',45GP,T,2,1,26HASL1169I,2026-09-29 01:42:04
수입,HEUNG-A YOUNG,2613N,20260831,HASLC5T260800042,JWLLC F-SERVIS,SKHU6513468,40',45GP,T,2,1,26HASL1169I,2026-09-29 01:42:04
수입,HEUNG-A YOUNG,2613N,20260831,HASLC5T260800047,SAMIL TRANSPORT COLTD,HLHU8201076,40',45GP,I,2,1,26HASL1169I,2026-09-29 01:42:04
수입,HEUNG-A YOUNG,2613N,20260831,HASLC5T260800062,LLC  MERLION,HLHU8100213,40',45GP,T,2,1,26HASL1169I,2026-09-29 01:42:04
수입,HEUNG-A YOUNG,2613N,20260831,HASLC5T260800062,LLC  MERLION,SKHU6357576,40',45GP,T,2,1,26HASL1169I,2026-09-29 01:42:04
수입,HEUNG-A YOUNG,2613N,20260831,HASLC5T260800062,LLC  MERLION,SKHU9617960,40',45GP,T,2,1,26HASL1169I,2026-09-29 01:42:04
수입,HEUNG-A YOUNG,2613N,20260831,HASLC5T260800077,ALMASA LTD,SKHU9828005,40',45GP,T,2,1,26HASL1169I,2026-09-29 01:42:04
수입,HEUNG-A YOUNG,2613N,20260831,HASLC5T260800130,DNS RETAIL LLC,HALU5656970,40',45GP,T,2,1,26HASL1169I,2026-09-29 01:42:04
수입,HEUNG-A YOUNG,2613N,20260831,HASLC5T260800130,DNS RETAIL LLC,HALU5676806,40',45GP,T,2,1,26HASL1169I,2026-09-29 01:42:04
수입,HEUNG-A YOUNG,2613N,20260831,HASLC5T260800130,DNS RETAIL LLC,SKHU9209459,40',45GP,T,2,1,26HASL1169I,2026-09-29 01:42:04
수입,HEUNG-A YOUNG,2613N,20260831,HASLC5T260800131,DNS RETAIL LLC,GCXU6288047,40',45GP,T,2,1,26HASL1169I,2026-09-29 01:42:04
수입,HEUNG-A YOUNG,2613N,20260831,HASLC5T260800131,DNS RETAIL LLC,TCLU6763369,40',45GP,T,2,1,26HASL1169I,2026-09-29 01:42:04
수입,HEUNG-A YOUNG,2613N,20260831,HASLC5T260800149,ZAO GROUPE SEB VOSTOK,CIMU2541356,40',45GP,T,2,1,26HASL1169I,2026-09-29 01:42:04
수입,HEUNG-A YOUNG,2613N,20260831,HASLC5T260800151,CARGO SOLUTION CO LTD,HLHU6421873,40',45GP,I,2,1,26HASL1169I,2026-09-29 01:42:04
수입,HEUNG-A YOUNG,2613N,20260831,HASLC5T260800220,INDIVIDUAL ENTREPRENEUR ABDULLAEVA,CIMU2563648,40',45GP,T,2,1,26HASL1169I,2026-09-29 01:42:04
수입,HEUNG-A YOUNG,2613N,20260831,HASLC5T260800223,DNS RETAIL LLC,SKHU6503881,40',45GP,T,2,1,26HASL1169I,2026-09-29 01:42:04
수입,HEUNG-A YOUNG,2613N,20260831,HASLC5T260800229,PACIFIC BRIDGE CO LTD,HLHU6402791,40',45GP,I,2,1,26HASL1169I,2026-09-29 01:42:04
수입,HEUNG-A YOUNG,2613N,20260831,HASLC5T260800229,PACIFIC BRIDGE CO LTD,HLHU6422210,40',45GP,I,2,1,26HASL1169I,2026-09-29 01:42:04
수입,HEUNG-A YOUNG,2613N,20260831,HASLC5T260800229,PACIFIC BRIDGE CO LTD,HLHU8322437,40',45GP,I,2,1,26HASL1169I,2026-09-29 01:42:04
수입,HEUNG-A YOUNG,2613N,20260831,HASLC5T260800229,PACIFIC BRIDGE CO LTD,HLHU8520561,40',45GP,I,2,1,26HASL1169I,2026-09-29 01:42:04
수입,HEUNG-A YOUNG,2613N,20260831,HASLC5T260800240,JWLLC F-SERVIS,SKHU9500058,40',45GP,T,2,1,26HASL1169I,2026-09-29 01:42:04
수입,HEUNG-A YOUNG,2613N,20260831,HASLC5T260800263,OOO AKURA,SKHU6528468,40',45GP,T,2,1,26HASL1169I,2026-09-29 01:42:04
수입,HEUNG-A YOUNG,2613N,20260831,HASLC5T260800263,OOO AKURA,SKHU8409344,40',45GP,T,2,1,26HASL1169I,2026-09-29 01:42:04
수입,HEUNG-A YOUNG,2613N,20260831,HASLC5T260800322,LOGRANTRADE CO LTD,HALU5664847,40',45GP,T,2,1,26HASL1169I,2026-09-29 01:42:04
수입,HEUNG-A YOUNG,2613N,20260831,HASLC9A260800008,SUMITOMO SHOJI CHEMICALS CO LTD,CXDU2377078,20',22GP,T,1,1,26HASL1169I,2026-09-29 01:42:04
수입,HEUNG-A YOUNG,2613N,20260831,HASLC9A260800008,SUMITOMO SHOJI CHEMICALS CO LTD,HALU2083670,20',22GP,T,1,1,26HASL1169I,2026-09-29 01:42:04
수입,HEUNG-A YOUNG,2613N,20260831,HASLS55260700059,LLC LE MONLID GMITISHI,GLDU7575543,40',45GP,T,2,1,26HASL1169I,2026-09-29 01:42:04
수입,HEUNG-A YOUNG,2613N,20260831,HASLS55260700059,LLC LE MONLID GMITISHI,HALU5693676,40',45GP,T,2,1,26HASL1169I,2026-09-29 01:42:04
수입,HEUNG-A YOUNG,2613N,20260831,HASLS55260700102,NIPPON CHEMICAL INDUSTRIAL CO LTD,EURU1148456,20',22TN,T,1,1,26HASL1169I,2026-09-29 01:42:04
수입,HEUNG-A YOUNG,2613N,20260831,HASLS55260700158,LIMITED LIABILITY COMPANY,TRHU5295238,40',45GP,T,2,1,26HASL1169I,2026-09-29 01:42:04
수입,HEUNG-A YOUNG,2613N,20260831,HASLS55260700176,HIMFOND LLC,SKLU0744600,20',22GP,T,1,1,26HASL1169I,2026-09-29 01:42:04
수입,HEUNG-A YOUNG,2613N,20260831,HASLS55260700176,HIMFOND LLC,SKLU1118617,20',22GP,T,1,1,26HASL1169I,2026-09-29 01:42:04
수입,HEUNG-A YOUNG,2613N,20260831,HASLS55260700176,HIMFOND LLC,SKLU1621806,20',22GP,T,1,1,26HASL1169I,2026-09-29 01:42:04
수입,HEUNG-A YOUNG,2613N,20260831,HASLS55260700176,HIMFOND LLC,SKLU1627574,20',22GP,T,1,1,26HASL1169I,2026-09-29 01:42:04
수입,HEUNG-A YOUNG,2613N,20260831,HASLS55260700176,HIMFOND LLC,SKLU1629983,20',22GP,T,1,1,26HASL1169I,2026-09-29 01:42:04
수입,HEUNG-A YOUNG,2613N,20260831,HASLS55260700176,HIMFOND LLC,SKLU1906687,20',22GP,T,1,1,26HASL1169I,2026-09-29 01:42:04
수입,HEUNG-A YOUNG,2613N,20260831,HASLS55260700176,HIMFOND LLC,SKLU1924865,20',22GP,T,1,1,26HASL1169I,2026-09-29 01:42:04
수입,HEUNG-A YOUNG,2613N,20260831,HASLS55260700176,HIMFOND LLC,SKLU1970006,20',22GP,T,1,1,26HASL1169I,2026-09-29 01:42:04
수입,HEUNG-A YOUNG,2613N,20260831,HASLS55260700176,HIMFOND LLC,SKLU1981762,20',22GP,T,1,1,26HASL1169I,2026-09-29 01:42:04
수입,HEUNG-A YOUNG,2613N,20260831,HASLS55260700176,HIMFOND LLC,SKLU2002494,20',22GP,T,1,1,26HASL1169I,2026-09-29 01:42:04
수입,HEUNG-A YOUNG,2613N,20260831,HASLS55260700176,HIMFOND LLC,SKLU2013729,20',22GP,T,1,1,26HASL1169I,2026-09-29 01:42:04
수입,HEUNG-A YOUNG,2613N,20260831,HASLS55260700176,HIMFOND LLC,SKLU2035380,20',22GP,T,1,1,26HASL1169I,2026-09-29 01:42:04
수입,HEUNG-A YOUNG,2613N,20260831,HASLS55260700176,HIMFOND LLC,SKLU2037696,20',22GP,T,1,1,26HASL1169I,2026-09-29 01:42:04
수입,HEUNG-A YOUNG,2613N,20260831,HASLS55260700176,HIMFOND LLC,SKLU2057650,20',22GP,T,1,1,26HASL1169I,2026-09-29 01:42:04
수입,HEUNG-A YOUNG,2613N,20260831,HASLS55260700176,HIMFOND LLC,SKLU2081744,20',22GP,T,1,1,26HASL1169I,2026-09-29 01:42:04
수입,HEUNG-A YOUNG,2613N,20260831,HASLS55260700176,HIMFOND LLC,SKLU2113369,20',22GP,T,1,1,26HASL1169I,2026-09-29 01:42:04
수입,HEUNG-A YOUNG,2613N,20260831,HASLS55260700176,HIMFOND LLC,SKLU2118606,20',22GP,T,1,1,26HASL1169I,2026-09-29 01:42:04
수입,HEUNG-A YOUNG,2613N,20260831,HASLS55260700176,HIMFOND LLC,TEMU2913560,20',22GP,T,1,1,26HASL1169I,2026-09-29 01:42:04
수입,HEUNG-A YOUNG,2613N,20260831,HASLS55260700176,HIMFOND LLC,UETU2692661,20',22GP,T,1,1,26HASL1169I,2026-09-29 01:42:04
수입,HEUNG-A YOUNG,2613N,20260831,HASLS55260700183,SAMSUNG EA,CAXU5720780,40',42PC,I,2,1,26HASL1169I,2026-09-29 01:42:04
수입,HEUNG-A YOUNG,2613N,20260831,HASLS55260700183,SAMSUNG EA,CXDU2382705,20',22GP,I,1,1,26HASL1169I,2026-09-29 01:42:04
수입,HEUNG-A YOUNG,2613N,20260831,HASLS55260700183,SAMSUNG EA,HLHU8365969,40',45GP,I,2,1,26HASL1169I,2026-09-29 01:42:04
수입,HEUNG-A YOUNG,2613N,20260831,HASLS55260700183,SAMSUNG EA,SKHU4850480,40',42PC,I,2,1,26HASL1169I,2026-09-29 01:42:04
수입,HEUNG-A YOUNG,2613N,20260831,HASLS55260700183,SAMSUNG EA,SKHU6584374,40',45GP,I,2,1,26HASL1169I,2026-09-29 01:42:04
수입,HEUNG-A YOUNG,2613N,20260831,HASLS55260700183,SAMSUNG EA,SKHU8920966,40',45GP,I,2,1,26HASL1169I,2026-09-29 01:42:04
수입,HEUNG-A YOUNG,2613N,20260831,HASLS55260700183,SAMSUNG EA,SKHU9820236,40',45GP,I,2,1,26HASL1169I,2026-09-29 01:42:04
수입,HEUNG-A YOUNG,2613N,20260831,HASLS55260700183,SAMSUNG EA,SKHU9829790,40',45GP,I,2,1,26HASL1169I,2026-09-29 01:42:04
수입,HEUNG-A YOUNG,2613N,20260831,HASLS55260700183,SAMSUNG EA,TGBU5679543,40',45GP,I,2,1,26HASL1169I,2026-09-29 01:42:04
수입,HEUNG-A YOUNG,2613N,20260831,HASLS55260700183,SAMSUNG EA,TTNU0701713,40',42PC,I,2,1,26HASL1169I,2026-09-29 01:42:04
수입,HEUNG-A YOUNG,2613N,20260831,HASLS55260700184,SAMSUNG EA,HLHU6423027,40',45GP,I,2,1,26HASL1169I,2026-09-29 01:42:04
수입,HEUNG-A YOUNG,2613N,20260831,HASLS55260700184,SAMSUNG EA,HLHU8347190,40',45GP,I,2,1,26HASL1169I,2026-09-29 01:42:04
수입,HEUNG-A YOUNG,2613N,20260831,HASLS55260700184,SAMSUNG EA,SEKU4426390,40',45GP,I,2,1,26HASL1169I,2026-09-29 01:42:04
수입,HEUNG-A YOUNG,2613N,20260831,HASLS55260700184,SAMSUNG EA,SKHU6409026,40',45GP,I,2,1,26HASL1169I,2026-09-29 01:42:04
수입,HEUNG-A YOUNG,2613N,20260831,HASLS55260700184,SAMSUNG EA,SKHU8426779,40',45GP,I,2,1,26HASL1169I,2026-09-29 01:42:04
수입,HEUNG-A YOUNG,2613N,20260831,HASLS55260700194,HS HYOSUNG CORPORATION,SKHU9804488,40',45GP,I,2,1,26HASL1169I,2026-09-29 01:42:04
수입,HEUNG-A YOUNG,2613N,20260831,HASLS55260700206,FAIRCON LINE CO LTD,SKLU1922899,20',22GP,I,1,1,26HASL1169I,2026-09-29 01:42:04
수입,HEUNG-A YOUNG,2613N,20260831,HASLS55260700209,LOGIPIA CO LTD,SKHU6558987,40',45GP,I,2,1,26HASL1169I,2026-09-29 01:42:04
수입,HEUNG-A YOUNG,2613N,20260831,HASLS55260800022,JM GLOBAL CO LTD,SKHU6369242,40',45GP,I,2,1,26HASL1169I,2026-09-29 01:42:04
수입,HEUNG-A YOUNG,2613N,20260831,HASLS55260800028,PRIVATE ENTREPRENEUR SHAGDAROVA,CXDU2306665,20',22GP,T,1,1,26HASL1169I,2026-09-29 01:42:04
수입,HEUNG-A YOUNG,2613N,20260831,HASLS55260800028,PRIVATE ENTREPRENEUR SHAGDAROVA,HALU2346647,20',22GP,T,1,1,26HASL1169I,2026-09-29 01:42:04
수입,HEUNG-A YOUNG,2613N,20260831,HASLS55260800028,PRIVATE ENTREPRENEUR SHAGDAROVA,HALU2578344,20',22GP,T,1,1,26HASL1169I,2026-09-29 01:42:04
수입,HEUNG-A YOUNG,2613N,20260831,HASLS55260800028,PRIVATE ENTREPRENEUR SHAGDAROVA,SKLU0743219,20',22GP,T,1,1,26HASL1169I,2026-09-29 01:42:04
수입,HEUNG-A YOUNG,2613N,20260831,HASLS55260800028,PRIVATE ENTREPRENEUR SHAGDAROVA,SKLU2073081,20',22GP,T,1,1,26HASL1169I,2026-09-29 01:42:04
수입,HEUNG-A YOUNG,2613N,20260831,HASLS55260800033,OOO PKF VIAS,HALU2105017,20',22GP,T,1,1,26HASL1169I,2026-09-29 01:42:04
수입,HEUNG-A YOUNG,2613N,20260831,HASLS55260800033,OOO PKF VIAS,SKLU1805378,20',22GP,T,1,1,26HASL1169I,2026-09-29 01:42:04
수입,HEUNG-A YOUNG,2613N,20260831,HASLS55260800033,OOO PKF VIAS,SKLU1938072,20',22GP,T,1,1,26HASL1169I,2026-09-29 01:42:04
수입,HEUNG-A YOUNG,2613N,20260831,HASLS55260800033,OOO PKF VIAS,SKLU2108465,20',22GP,T,1,1,26HASL1169I,2026-09-29 01:42:04
수입,HEUNG-A YOUNG,2613N,20260831,HASLS55260800034,NIPPON EXPRESS COLTD MARINE TRAN,SKHU6442580,40',45GP,T,2,1,26HASL1169I,2026-09-29 01:42:04
수입,HEUNG-A YOUNG,2613N,20260831,HASLS55260800058,KATUSHA PRINT LLC,HDMU6719523,40',45GP,T,2,1,26HASL1169I,2026-09-29 01:42:04
수입,HEUNG-A YOUNG,2613N,20260831,HASLS55260800062,E-DO LOGISTICS CO LTD,SJVU2619313,20',22GP,I,1,1,26HASL1169I,2026-09-29 01:42:04
수입,HEUNG-A YOUNG,2613N,20260831,HASLS55260800062,E-DO LOGISTICS CO LTD,SJVU2619329,20',22GP,I,1,1,26HASL1169I,2026-09-29 01:42:04
수입,HEUNG-A YOUNG,2613N,20260831,HASLS55260800062,E-DO LOGISTICS CO LTD,SJVU2619334,20',22GP,I,1,1,26HASL1169I,2026-09-29 01:42:04
수입,HEUNG-A YOUNG,2613N,20260831,HASLS55260800062,E-DO LOGISTICS CO LTD,SJVU2619340,20',22GP,I,1,1,26HASL1169I,2026-09-29 01:42:04
수입,HEUNG-A YOUNG,2613N,20260831,HASLS55260800062,E-DO LOGISTICS CO LTD,SJVU2619397,20',22GP,I,1,1,26HASL1169I,2026-09-29 01:42:04
수입,HEUNG-A YOUNG,2613N,20260831,HASLS55260800062,E-DO LOGISTICS CO LTD,SJVU2619400,20',22GP,I,1,1,26HASL1169I,2026-09-29 01:42:04
수입,HEUNG-A YOUNG,2613N,20260831,HASLS55260800062,E-DO LOGISTICS CO LTD,SJVU2619416,20',22GP,I,1,1,26HASL1169I,2026-09-29 01:42:04
수입,HEUNG-A YOUNG,2613N,20260831,HASLS55260800062,E-DO LOGISTICS CO LTD,SJVU2619421,20',22GP,I,1,1,26HASL1169I,2026-09-29 01:42:04
수입,HEUNG-A YOUNG,2613N,20260831,HASLS55260800062,E-DO LOGISTICS CO LTD,SJVU2619437,20',22GP,I,1,1,26HASL1169I,2026-09-29 01:42:04
수입,HEUNG-A YOUNG,2613N,20260831,HASLS55260800062,E-DO LOGISTICS CO LTD,SJVU2619442,20',22GP,I,1,1,26HASL1169I,2026-09-29 01:42:04
수입,HEUNG-A YOUNG,2613N,20260831,HASLS55260800062,E-DO LOGISTICS CO LTD,SJVU2619550,20',22GP,I,1,1,26HASL1169I,2026-09-29 01:42:04
수입,HEUNG-A YOUNG,2613N,20260831,HASLS55260800086,TD ELITE TRADE CO LTD,CBHU4120789,20',22GP,T,1,1,26HASL1169I,2026-09-29 01:42:04
수입,HEUNG-A YOUNG,2613N,20260831,HASLS55260800113,E-DO LOGISTICS CO LTD,HALU2519104,20',22GP,I,1,1,26HASL1169I,2026-09-29 01:42:04
수입,HEUNG-A YOUNG,2613N,20260831,HASLS55260800138,OOO PKF VIAS,HALU2105017,20',22GP,T,1,1,26HASL1169I,2026-09-29 01:42:04
수입,HEUNG-A YOUNG,2613N,20260831,HASLS56260700077,KLN FREIGHT KOREA INC,SKHU9834013,40',45GP,I,2,1,26HASL1169I,2026-09-29 01:42:04
수입,HEUNG-A YOUNG,2613N,20260831,HASLS56260700115,GRACE LOGIX CO LTD,EURU1042844,20',22TN,T,1,1,26HASL1169I,2026-09-29 01:42:04
수입,HEUNG-A YOUNG,2613N,20260831,HASLS56260700197,DONGSUE LOGISTICS COLTD,SKHU6509220,40',45GP,I,2,1,26HASL1169I,2026-09-29 01:42:04
수입,HEUNG-A YOUNG,2613N,20260831,HASLS56260700209,KUKBO LOGIX CO LTD,EURU0940345,20',22TN,I,1,1,26HASL1169I,2026-09-29 01:42:04
수입,HEUNG-A YOUNG,2613N,20260831,HASLS56260700209,KUKBO LOGIX CO LTD,EURU0941716,20',22TN,I,1,1,26HASL1169I,2026-09-29 01:42:04
수입,HEUNG-A YOUNG,2613N,20260831,HASLS56260700209,KUKBO LOGIX CO LTD,EURU1042823,20',22TN,I,1,1,26HASL1169I,2026-09-29 01:42:04
수입,HEUNG-A YOUNG,2613N,20260831,HASLS56260700209,KUKBO LOGIX CO LTD,EURU1042839,20',22TN,I,1,1,26HASL1169I,2026-09-29 01:42:04
수입,HEUNG-A YOUNG,2613N,20260831,HASLS56260700209,KUKBO LOGIX CO LTD,EURU1148184,20',22TN,I,1,1,26HASL1169I,2026-09-29 01:42:04
수입,HEUNG-A YOUNG,2613N,20260831,HASLS56260700209,KUKBO LOGIX CO LTD,EURU1148501,20',22TN,I,1,1,26HASL1169I,2026-09-29 01:42:04
수입,HEUNG-A YOUNG,2613N,20260831,HASLS56260700219,KLN FREIGHT KOREA INC,TCLU8244737,40',45GP,I,2,1,26HASL1169I,2026-09-29 01:42:04
수입,HEUNG-A YOUNG,2613N,20260831,HASLS56260800005,NAURI LOGISTICS COLTD,SKLU1555788,20',22GP,I,1,1,26HASL1169I,2026-09-29 01:42:04
수입,HEUNG-A YOUNG,2613N,20260831,HASLS56260800029,SOCIETY WITH LIMITED LIABILITY,HAHU5024121,40',45GP,T,2,1,26HASL1169I,2026-09-29 01:42:04
수입,HEUNG-A YOUNG,2613N,20260831,HASLS56260800029,SOCIETY WITH LIMITED LIABILITY,HALU5701154,40',45GP,T,2,1,26HASL1169I,2026-09-29 01:42:04
수입,HEUNG-A YOUNG,2613N,20260831,HASLS56260800034,DUPONT SPECIALTY PRODUCTS KOREA LTD,HALU5647881,40',45GP,I,2,1,26HASL1169I,2026-09-29 01:42:04
수입,HEUNG-A YOUNG,2613N,20260831,HASLS56260800034,DUPONT SPECIALTY PRODUCTS KOREA LTD,SKHU8901930,40',45GP,I,2,1,26HASL1169I,2026-09-29 01:42:04
수입,HEUNG-A YOUNG,2613N,20260831,HASLS56260800035,DUPONT SPECIALTY PRODUCTS KOREA LTD,SKHU8928062,40',45GP,I,2,1,26HASL1169I,2026-09-29 01:42:04
수입,HEUNG-A YOUNG,2613N,20260831,HASLS56260800036,DUPONT SPECIALTY PRODUCTS KOREA LTD,SKLU2490125,20',22GP,I,1,1,26HASL1169I,2026-09-29 01:42:04
수입,HEUNG-A YOUNG,2613N,20260831,HASLS56260800078,LLC THE SHIGRY DOWN AND FEATHER,TCLU1488670,40',45GP,T,2,1,26HASL1169I,2026-09-29 01:42:04
수입,HEUNG-A YOUNG,2613N,20260831,HASLS56260800078,LLC THE SHIGRY DOWN AND FEATHER,TCLU6337260,40',45GP,T,2,1,26HASL1169I,2026-09-29 01:42:04
수입,HEUNG-A YOUNG,2613N,20260831,HASLS56260800082,NAIGAI TRANS LINE LTD,SKLU2403497,20',22GP,T,1,1,26HASL1169I,2026-09-29 01:42:04
수입,HEUNG-A YOUNG,2613N,20260831,HASLS56260800112,SIG COLTD,HLHU8572040,40',45GP,I,2,1,26HASL1169I,2026-09-29 01:42:04
수입,HEUNG-A YOUNG,2613N,20260831,HASLS56260800112,SIG COLTD,SKHU6598763,40',45GP,I,2,1,26HASL1169I,2026-09-29 01:42:04
수입,HEUNG-A YOUNG,2613N,20260831,HASLS56260800116,TO THE ORDER OF INDUSTRIAL BANK OF,SKRU1600889,20',22RE,I,1,1,26HASL1169I,2026-09-29 01:42:04
수입,HEUNG-A YOUNG,2613N,20260831,HASLS56260800117,TO THE ORDER OF KOOKMIN BANK,FSCU5888911,40',45RE,I,2,1,26HASL1169I,2026-09-29 01:42:04
수입,HEUNG-A YOUNG,2613N,20260831,HASLS56260800126,TY LOGISTICS COLTD,HLHU8429929,40',45GP,I,2,1,26HASL1169I,2026-09-29 01:42:04
수입,HEUNG-A YOUNG,2613N,20260831,HASLS56260800127,NEW WORLD SHIPPING CO LTD,HLHU8579209,40',45GP,I,2,1,26HASL1169I,2026-09-29 01:42:04
수입,PEGASUS PETA,2618W,20260831,HASLJ01260601433,HANKYU HANSHIN EXPRESS KOREA CO,SKLU0521649,20',22GP,I,1,1,26PCSLH046I,2026-09-29 01:42:04
수입,PEGASUS PETA,2618W,20260831,HASLJ01260700496,MOLAX LINE LTD,HLHU8205030,40',45GP,I,2,1,26PCSLH046I,2026-09-29 01:42:04
수입,PEGASUS PETA,2618W,20260831,HASLJ01260700866,INTERMODAL TANK TRANSPORT,TLLU9013160,20',22TN,I,1,1,26PCSLH046I,2026-09-29 01:42:04
수입,PEGASUS PETA,2618W,20260831,HASLJ01260700869,ASSIST KOREA CORPORATION,HLHU8522862,40',45GP,I,2,1,26PCSLH046I,2026-09-29 01:42:04
수입,PEGASUS PETA,2618W,20260831,HASLJ01260700870,ASSIST KOREA CORPORATION,SKHU6468040,40',45GP,I,2,1,26PCSLH046I,2026-09-29 01:42:04
수입,PEGASUS PETA,2618W,20260831,HASLJ01260701471,JAEURO SA CO LTD,HCHU2145043,20',22TN,I,1,1,26PCSLH046I,2026-09-29 01:42:04
수입,PEGASUS PETA,2618W,20260831,HASLJ01260701535,TAEIN TOTAL TRANSPORTATION COLTD,SKLU2488806,20',22GP,I,1,1,26PCSLH046I,2026-09-29 01:42:04
수입,PEGASUS PETA,2618W,20260831,HASLJ01260701757,CNJ LOGIS COLTD,HLHU8360798,40',45GP,I,2,1,26PCSLH046I,2026-09-29 01:42:04
수입,PEGASUS PETA,2618W,20260831,HASLJ01260701757,CNJ LOGIS COLTD,HLHU8409630,40',45GP,I,2,1,26PCSLH046I,2026-09-29 01:42:04
수입,PEGASUS PETA,2618W,20260831,HASLJ01260701757,CNJ LOGIS COLTD,SKHU6444325,40',45GP,I,2,1,26PCSLH046I,2026-09-29 01:42:04
수입,PEGASUS PETA,2618W,20260831,HASLJ01260701757,CNJ LOGIS COLTD,SKHU9612504,40',45GP,I,2,1,26PCSLH046I,2026-09-29 01:42:04
수입,PEGASUS PETA,2618W,20260831,HASLJ01260701757,CNJ LOGIS COLTD,SKHU9817593,40',45GP,I,2,1,26PCSLH046I,2026-09-29 01:42:04
수입,PEGASUS PETA,2618W,20260831,HASLJ01260701757,CNJ LOGIS COLTD,SKHU9905009,40',45GP,I,2,1,26PCSLH046I,2026-09-29 01:42:04
수입,PEGASUS PETA,2618W,20260831,HASLJ01260701787,ONROAD LOGISTICS COLTD,SKHU9101551,40',45GP,I,2,1,26PCSLH046I,2026-09-29 01:42:04
수입,PEGASUS PETA,2618W,20260831,HASLJ01260701835,HYOP WOON STOLT TRANSPORTATIONSERVI,UTCU4668360,20',22TN,I,1,1,26PCSLH046I,2026-09-29 01:42:04
수입,PEGASUS PETA,2618W,20260831,HASLJ01260701840,HYOP WOON STOLT TRANSPORTATIONSERVI,UTCU4813128,20',22TN,I,1,1,26PCSLH046I,2026-09-29 01:42:04
수입,PEGASUS PETA,2618W,20260831,HASLJ01260701848,1000 AUTOPARTS LLC,DFSU7723448,40',45GP,T,2,1,26PCSLH046I,2026-09-29 01:42:04
수입,PEGASUS PETA,2618W,20260831,HASLJ01260800310,ST LITE INC,SKHU8118647,40',45GP,I,2,1,26PCSLH046I,2026-09-29 01:42:04
수입,PEGASUS PETA,2618W,20260831,HASLJ01260800310,ST LITE INC,SKLU1813795,20',22GP,I,1,1,26PCSLH046I,2026-09-29 01:42:04
수입,PEGASUS PETA,2618W,20260831,HASLJ5L260800001,PT PELITA MEKAR SEMESTA,HLHU8454963,40',45GP,T,2,1,26PCSLH046I,2026-09-29 01:42:04
수입,PEGASUS PETA,2618W,20260831,HASLJ5L260800001,PT PELITA MEKAR SEMESTA,HLHU8506970,40',45GP,T,2,1,26PCSLH046I,2026-09-29 01:42:04
수입,PEGASUS PETA,2618W,20260831,HASLJ5L260800001,PT PELITA MEKAR SEMESTA,SKHU6447690,40',45GP,T,2,1,26PCSLH046I,2026-09-29 01:42:04
수입,PEGASUS PETA,2618W,20260831,HASLJ5L260800001,PT PELITA MEKAR SEMESTA,SKHU6524360,40',45GP,T,2,1,26PCSLH046I,2026-09-29 01:42:04
수입,PEGASUS PETA,2618W,20260831,HASLJ5L260800001,PT PELITA MEKAR SEMESTA,TCLU9454044,40',45GP,T,2,1,26PCSLH046I,2026-09-29 01:42:04
수입,PEGASUS PETA,2618W,20260831,HASLJ5L260800001,PT PELITA MEKAR SEMESTA,TGBU4384424,40',45GP,T,2,1,26PCSLH046I,2026-09-29 01:42:04
수입,SAWASDEE SIRIUS,2622E,20260831,HASLC02260800382,ABAD LOGISTICS CO LTD,DFSU1458270,20',22GP,I,1,1,26SNKO3216I,2026-09-29 01:42:04
수입,SAWASDEE SIRIUS,2622E,20260831,HASLC02260800382,ABAD LOGISTICS CO LTD,HALU2339247,20',22GP,I,1,1,26SNKO3216I,2026-09-29 01:42:04
수입,SAWASDEE SIRIUS,2622E,20260831,HASLC02260800382,ABAD LOGISTICS CO LTD,SKLU0541394,20',22GP,I,1,1,26SNKO3216I,2026-09-29 01:42:04
수입,SAWASDEE SIRIUS,2622E,20260831,HASLC02260800382,ABAD LOGISTICS CO LTD,SKLU1323458,20',22GP,I,1,1,26SNKO3216I,2026-09-29 01:42:04
수입,SAWASDEE SIRIUS,2622E,20260831,HASLC02260800382,ABAD LOGISTICS CO LTD,SKLU1558616,20',22GP,I,1,1,26SNKO3216I,2026-09-29 01:42:04
수입,SAWASDEE SIRIUS,2622E,20260831,HASLC02260800382,ABAD LOGISTICS CO LTD,SKLU1564624,20',22GP,I,1,1,26SNKO3216I,2026-09-29 01:42:04
수입,SAWASDEE SIRIUS,2622E,20260831,HASLC02260800382,ABAD LOGISTICS CO LTD,SKLU1949014,20',22GP,I,1,1,26SNKO3216I,2026-09-29 01:42:04
수입,SAWASDEE SIRIUS,2622E,20260831,HASLC02260800382,ABAD LOGISTICS CO LTD,SKLU2000233,20',22GP,I,1,1,26SNKO3216I,2026-09-29 01:42:04
수입,SAWASDEE SIRIUS,2622E,20260831,HASLC02260800382,ABAD LOGISTICS CO LTD,SKLU2057434,20',22GP,I,1,1,26SNKO3216I,2026-09-29 01:42:04
수입,SAWASDEE SIRIUS,2622E,20260831,HASLC02260800382,ABAD LOGISTICS CO LTD,SKLU2414866,20',22GP,I,1,1,26SNKO3216I,2026-09-29 01:42:04
수입,SAWASDEE SIRIUS,2622E,20260831,HASLC02260800382,ABAD LOGISTICS CO LTD,SKLU2417309,20',22GP,I,1,1,26SNKO3216I,2026-09-29 01:42:04
수입,SAWASDEE SIRIUS,2622E,20260831,HASLC02260800672,HAN EXPRESS COLTD,HALU5655193,40',45GP,I,2,1,26SNKO3216I,2026-09-29 01:42:04
수입,SAWASDEE SIRIUS,2622E,20260831,HASLC02260800672,HAN EXPRESS COLTD,HLHU8592258,40',45GP,I,2,1,26SNKO3216I,2026-09-29 01:42:04
수입,SAWASDEE SIRIUS,2622E,20260831,HASLC04260800205,ET COLTD,SKLU1968082,20',22GP,I,1,1,26SNKO3216I,2026-09-29 01:42:04
수입,SAWASDEE SIRIUS,2622E,20260831,HASLJ01260800662,JAEURO SA CO LTD,EOLU8284343,20',22TN,I,1,1,26SNKO3216I,2026-09-29 01:42:04
수입,SURABAYA VOYAGER,2611N,20260831,HASLC01260706796,LLC MASTER KLEIN,BEAU2352420,20',22GP,T,1,1,26SNKO3225I,2026-09-29 01:42:04
수입,SURABAYA VOYAGER,2611N,20260831,HASLC01260713463,DCM COLTD,SKLU0576430,20',22GP,T,1,1,26SNKO3225I,2026-09-29 01:42:04
수입,SURABAYA VOYAGER,2611N,20260831,HASLC01260716602,CHEMPIA COLTD,SKLU1619706,20',22GP,I,1,1,26SNKO3225I,2026-09-29 01:42:04
수입,SURABAYA VOYAGER,2611N,20260831,HASLC01260716603,HAN OL DECO,HLHU8418164,40',45GP,I,2,1,26SNKO3225I,2026-09-29 01:42:04
수입,SURABAYA VOYAGER,2611N,20260831,HASLC01260718770,LX PANTOS CO LTD,SKLU2058385,20',22GP,I,1,1,26SNKO3225I,2026-09-29 01:42:04
수입,SURABAYA VOYAGER,2611N,20260831,HASLC01260719205,YUCHANG FC CORPORATION,SKLU1312849,20',22GP,I,1,1,26SNKO3225I,2026-09-29 01:42:04
수입,SURABAYA VOYAGER,2611N,20260831,HASLC01260719212,YUCHANG FC CORPORATION,SKLU1925270,20',22GP,I,1,1,26SNKO3225I,2026-09-29 01:42:04
수입,SURABAYA VOYAGER,2611N,20260831,HASLC01260719214,IKON TYRES LTD,IVTU1647130,40',45GP,T,2,1,26SNKO3225I,2026-09-29 01:42:04
수입,SURABAYA VOYAGER,2611N,20260831,HASLC01260719214,IKON TYRES LTD,IVTU1647146,40',45GP,T,2,1,26SNKO3225I,2026-09-29 01:42:04
수입,SURABAYA VOYAGER,2611N,20260831,HASLC01260720074,TO THE ORDER OF INDUSTRIAL,SKHU6312123,40',45GP,I,2,1,26SNKO3225I,2026-09-29 01:42:04
수입,SURABAYA VOYAGER,2611N,20260831,HASLC01260720099,LLC DOW IZOLAN,OPRU9999279,20',22GP,T,1,1,26SNKO3225I,2026-09-29 01:42:04
수입,SURABAYA VOYAGER,2611N,20260831,HASLC01260720117,LLC DOW IZOLAN,OPRU9997980,20',22GP,T,1,1,26SNKO3225I,2026-09-29 01:42:04
수입,SURABAYA VOYAGER,2611N,20260831,HASLC01260720726,MILKYWAY INTERNATIONAL CHEMICAL,MWTU2263537,20',22TN,I,1,1,26SNKO3225I,2026-09-29 01:42:04
수입,SURABAYA VOYAGER,2611N,20260831,HASLC01260720727,MILKYWAY INTERNATIONAL CHEMICAL,MWTU1262270,20',22TN,I,1,1,26SNKO3225I,2026-09-29 01:42:04
수입,SURABAYA VOYAGER,2611N,20260831,HASLC01260720728,MILKYWAY INTERNATIONAL CHEMICAL,MWTU1262222,20',22TN,I,1,1,26SNKO3225I,2026-09-29 01:42:04
수입,SURABAYA VOYAGER,2611N,20260831,HASLC01260721340,KUKDONG TLS,KMCU2916166,20',22TN,I,1,1,26SNKO3225I,2026-09-29 01:42:04
수입,SURABAYA VOYAGER,2611N,20260831,HASLC01260721646,SKYROAD EXPRESS INC,SKLU2494286,20',22GP,I,1,1,26SNKO3225I,2026-09-29 01:42:04
수입,SURABAYA VOYAGER,2611N,20260831,HASLC01260721856,KAMASTEELLLC,SKLU1566910,20',22GP,T,1,1,26SNKO3225I,2026-09-29 01:42:04
수입,SURABAYA VOYAGER,2611N,20260831,HASLC01260721856,KAMASTEELLLC,SKLU1626243,20',22GP,T,1,1,26SNKO3225I,2026-09-29 01:42:04
수입,SURABAYA VOYAGER,2611N,20260831,HASLC01260721856,KAMASTEELLLC,SKLU1927669,20',22GP,T,1,1,26SNKO3225I,2026-09-29 01:42:04
수입,SURABAYA VOYAGER,2611N,20260831,HASLC01260722565,DACHSER KOREA INC,HLHU8206442,40',45GP,I,2,1,26SNKO3225I,2026-09-29 01:42:04
수입,SURABAYA VOYAGER,2611N,20260831,HASLC01260722928,LOGISTEED EXPRESSLTD,SKLU0515857,20',22GP,T,1,1,26SNKO3225I,2026-09-29 01:42:04
수입,SURABAYA VOYAGER,2611N,20260831,HASLC01260722928,LOGISTEED EXPRESSLTD,SKLU1632159,20',22GP,T,1,1,26SNKO3225I,2026-09-29 01:42:04
수입,SURABAYA VOYAGER,2611N,20260831,HASLC01260722929,LOGISTEED EXPRESSLTD,HALU2506494,20',22GP,T,1,1,26SNKO3225I,2026-09-29 01:42:04
수입,SURABAYA VOYAGER,2611N,20260831,HASLC01260722929,LOGISTEED EXPRESSLTD,SKLU1980935,20',22GP,T,1,1,26SNKO3225I,2026-09-29 01:42:04
수입,SURABAYA VOYAGER,2611N,20260831,HASLC01260723059,DON LOGISTIC CO LTD,HLHU8352679,40',45GP,T,2,1,26SNKO3225I,2026-09-29 01:42:04
수입,SURABAYA VOYAGER,2611N,20260831,HASLC01260800162,DNS RETAIL LLC,IVTU1647110,40',45GP,T,2,1,26SNKO3225I,2026-09-29 01:42:04
수입,SURABAYA VOYAGER,2611N,20260831,HASLC01260801386,FORT LIMITED LIABILITY COMPANY,CCLU7462759,40',45GP,T,2,1,26SNKO3225I,2026-09-29 01:42:04
수입,SURABAYA VOYAGER,2611N,20260831,HASLC01260801386,FORT LIMITED LIABILITY COMPANY,SUDU6739337,40',45GP,T,2,1,26SNKO3225I,2026-09-29 01:42:04
수입,SURABAYA VOYAGER,2611N,20260831,HASLC01260801529,DCM COLTD,SKLU3502004,20',22GP,T,1,1,26SNKO3225I,2026-09-29 01:42:04
수입,SURABAYA VOYAGER,2611N,20260831,HASLC01260801585,IL YANG EXPRESS LTD,SKHU9813520,40',45GP,I,2,1,26SNKO3225I,2026-09-29 01:42:04
수입,SURABAYA VOYAGER,2611N,20260831,HASLC01260801599,SAMYOUNG EXPRESS CO LTD,SKHU9536087,40',45GP,I,2,1,26SNKO3225I,2026-09-29 01:42:04
수입,SURABAYA VOYAGER,2611N,20260831,HASLC01260801669,UTS CHEMICAL MATERIALS LLC,BBSU7500527,20',22TN,T,1,1,26SNKO3225I,2026-09-29 01:42:04
수입,SURABAYA VOYAGER,2611N,20260831,HASLC01260801669,UTS CHEMICAL MATERIALS LLC,BBSU7600090,20',22TN,T,1,1,26SNKO3225I,2026-09-29 01:42:04
수입,SURABAYA VOYAGER,2611N,20260831,HASLC01260801669,UTS CHEMICAL MATERIALS LLC,SAGU2603657,20',22TN,T,1,1,26SNKO3225I,2026-09-29 01:42:04
수입,SURABAYA VOYAGER,2611N,20260831,HASLC01260801669,UTS CHEMICAL MATERIALS LLC,SWIU2280346,20',22TN,T,1,1,26SNKO3225I,2026-09-29 01:42:04
수입,SURABAYA VOYAGER,2611N,20260831,HASLC01260801713,G LINK LOGISTICS COLTD,HLHU8423999,40',45GP,I,2,1,26SNKO3225I,2026-09-29 01:42:04
수입,SURABAYA VOYAGER,2611N,20260831,HASLC01260801713,G LINK LOGISTICS COLTD,SKHU9317089,40',45GP,I,2,1,26SNKO3225I,2026-09-29 01:42:04
수입,SURABAYA VOYAGER,2611N,20260831,HASLC01260801713,G LINK LOGISTICS COLTD,SKHU9406289,40',45GP,I,2,1,26SNKO3225I,2026-09-29 01:42:04
수입,SURABAYA VOYAGER,2611N,20260831,HASLC01260801713,G LINK LOGISTICS COLTD,SKHU9411290,40',45GP,I,2,1,26SNKO3225I,2026-09-29 01:42:04
수입,SURABAYA VOYAGER,2611N,20260831,HASLC01260801713,G LINK LOGISTICS COLTD,SKHU9502739,40',45GP,I,2,1,26SNKO3225I,2026-09-29 01:42:04
수입,SURABAYA VOYAGER,2611N,20260831,HASLC01260801713,G LINK LOGISTICS COLTD,SKHU9634210,40',45GP,I,2,1,26SNKO3225I,2026-09-29 01:42:04
수입,SURABAYA VOYAGER,2611N,20260831,HASLC01260801713,G LINK LOGISTICS COLTD,TLLU8073859,40',45GP,I,2,1,26SNKO3225I,2026-09-29 01:42:04
수입,SURABAYA VOYAGER,2611N,20260831,HASLC01260802165,SAMYOUNG EXPRESS CO LTD,HALU5675121,40',45GP,I,2,1,26SNKO3225I,2026-09-29 01:42:04
수입,SURABAYA VOYAGER,2611N,20260831,HASLC01260802204,UNI GLOBAL LOGISTICS COLTD,SKHU6320392,40',45GP,I,2,1,26SNKO3225I,2026-09-29 01:42:04
수입,SURABAYA VOYAGER,2611N,20260831,HASLC01260802697,NEXEN TIRE CORPORATION,HALU2024173,20',22GP,I,1,1,26SNKO3225I,2026-09-29 01:42:04
수입,SURABAYA VOYAGER,2611N,20260831,HASLC01260802912,CHESS LOGISTICS CO LTD,SKHU9501100,40',45GP,I,2,1,26SNKO3225I,2026-09-29 01:42:04
수입,SURABAYA VOYAGER,2611N,20260831,HASLC01260803067,KAMASTEELLLC,SKLU1563844,20',22GP,T,1,1,26SNKO3225I,2026-09-29 01:42:04
수입,SURABAYA VOYAGER,2611N,20260831,HASLC01260803067,KAMASTEELLLC,SKLU1946376,20',22GP,T,1,1,26SNKO3225I,2026-09-29 01:42:04
수입,SURABAYA VOYAGER,2611N,20260831,HASLC01260803330,ETS GLOBAL LOGISTICS COLTD,DFSU7593792,40',45GP,I,2,1,26SNKO3225I,2026-09-29 01:42:04
수입,SURABAYA VOYAGER,2611N,20260831,HASLC01260803330,ETS GLOBAL LOGISTICS COLTD,GCXU2425440,20',22GP,I,1,1,26SNKO3225I,2026-09-29 01:42:04
수입,SURABAYA VOYAGER,2611N,20260831,HASLC01260803330,ETS GLOBAL LOGISTICS COLTD,HALU2529191,20',22GP,I,1,1,26SNKO3225I,2026-09-29 01:42:04
수입,SURABAYA VOYAGER,2611N,20260831,HASLC01260803330,ETS GLOBAL LOGISTICS COLTD,HALU2554384,20',22GP,I,1,1,26SNKO3225I,2026-09-29 01:42:04
수입,SURABAYA VOYAGER,2611N,20260831,HASLC01260803330,ETS GLOBAL LOGISTICS COLTD,HLHU8109479,40',45GP,I,2,1,26SNKO3225I,2026-09-29 01:42:04
수입,SURABAYA VOYAGER,2611N,20260831,HASLC01260803330,ETS GLOBAL LOGISTICS COLTD,HLHU8464684,40',45GP,I,2,1,26SNKO3225I,2026-09-29 01:42:04
수입,SURABAYA VOYAGER,2611N,20260831,HASLC01260803330,ETS GLOBAL LOGISTICS COLTD,SKHU8116773,40',45GP,I,2,1,26SNKO3225I,2026-09-29 01:42:04
수입,SURABAYA VOYAGER,2611N,20260831,HASLC01260803330,ETS GLOBAL LOGISTICS COLTD,SKHU8120053,40',45GP,I,2,1,26SNKO3225I,2026-09-29 01:42:04
수입,SURABAYA VOYAGER,2611N,20260831,HASLC01260803330,ETS GLOBAL LOGISTICS COLTD,SKHU9007376,40',45GP,I,2,1,26SNKO3225I,2026-09-29 01:42:04
수입,SURABAYA VOYAGER,2611N,20260831,HASLC01260803330,ETS GLOBAL LOGISTICS COLTD,SKHU9503503,40',45GP,I,2,1,26SNKO3225I,2026-09-29 01:42:04
수입,SURABAYA VOYAGER,2611N,20260831,HASLC01260803330,ETS GLOBAL LOGISTICS COLTD,SKHU9537334,40',45GP,I,2,1,26SNKO3225I,2026-09-29 01:42:04
수입,SURABAYA VOYAGER,2611N,20260831,HASLC01260803330,ETS GLOBAL LOGISTICS COLTD,SKLU0711931,20',22GP,I,1,1,26SNKO3225I,2026-09-29 01:42:04
수입,SURABAYA VOYAGER,2611N,20260831,HASLC01260803504,EISHOU FREIGHT SHIPPING COLTD,SKHU6208021,40',45GP,T,2,1,26SNKO3225I,2026-09-29 01:42:04
수입,SURABAYA VOYAGER,2611N,20260831,HASLC01260803929,TO THE ORDER OF KOOKMIN BANK,HLHU8408280,40',45GP,I,2,1,26SNKO3225I,2026-09-29 01:42:04
수입,SURABAYA VOYAGER,2611N,20260831,HASLC01260803929,TO THE ORDER OF KOOKMIN BANK,SKLU1121713,20',22GP,I,1,1,26SNKO3225I,2026-09-29 01:42:04
수입,SURABAYA VOYAGER,2611N,20260831,HASLC01260804046,NIPPON EXPRESS COLTD,FCIU9721409,40',45GP,T,2,1,26SNKO3225I,2026-09-29 01:42:04
수입,SURABAYA VOYAGER,2611N,20260831,HASLC01260804059,MARK WINNER LLC,SKLU1967189,20',22GP,T,1,1,26SNKO3225I,2026-09-29 01:42:04
수입,SURABAYA VOYAGER,2611N,20260831,HASLC01260804074,SURFF COMPANY INC,HLHU8516176,40',45GP,I,2,1,26SNKO3225I,2026-09-29 01:42:04
수입,SURABAYA VOYAGER,2611N,20260831,HASLC01260804348,NISSIN CORPORATION,HLHU6405770,40',45GP,T,2,1,26SNKO3225I,2026-09-29 01:42:04
수입,SURABAYA VOYAGER,2611N,20260831,HASLC01260804348,NISSIN CORPORATION,SKHU9970940,40',45GP,T,2,1,26SNKO3225I,2026-09-29 01:42:04
수입,SURABAYA VOYAGER,2611N,20260831,HASLC01260804348,NISSIN CORPORATION,SKLU3518206,20',22GP,T,1,1,26SNKO3225I,2026-09-29 01:42:04
수입,SURABAYA VOYAGER,2611N,20260831,HASLC01260804460,EGIDA LLC,TGHU1379637,20',22GP,T,1,1,26SNKO3225I,2026-09-29 01:42:04
수입,SURABAYA VOYAGER,2611N,20260831,HASLC01260804550,LSA INTERNATIONAL COLTD,SKHU9300126,40',45GP,I,2,1,26SNKO3225I,2026-09-29 01:42:04
수입,SURABAYA VOYAGER,2611N,20260831,HASLC01260804550,LSA INTERNATIONAL COLTD,SKHU9916030,40',45GP,I,2,1,26SNKO3225I,2026-09-29 01:42:04
수입,SURABAYA VOYAGER,2611N,20260831,HASLC01260804757,LSA INTERNATIONAL COLTD,HLHU6414072,40',45GP,I,2,1,26SNKO3225I,2026-09-29 01:42:04
수입,SURABAYA VOYAGER,2611N,20260831,HASLC01260804757,LSA INTERNATIONAL COLTD,SKHU6521191,40',45GP,I,2,1,26SNKO3225I,2026-09-29 01:42:04
수입,SURABAYA VOYAGER,2611N,20260831,HASLC01260804757,LSA INTERNATIONAL COLTD,SKHU8428365,40',45GP,I,2,1,26SNKO3225I,2026-09-29 01:42:04
수입,SURABAYA VOYAGER,2611N,20260831,HASLC01260804757,LSA INTERNATIONAL COLTD,SKHU8930861,40',45GP,I,2,1,26SNKO3225I,2026-09-29 01:42:04
수입,SURABAYA VOYAGER,2611N,20260831,HASLC01260804886,ORIENTAL BRIDGE LLC,JPHU8501730,20',22GP,T,1,1,26SNKO3225I,2026-09-29 01:42:04
수입,SURABAYA VOYAGER,2611N,20260831,HASLC01260805329,DACHSER KOREA INC,SKHU6326805,40',45GP,I,2,1,26SNKO3225I,2026-09-29 01:42:04
수입,SURABAYA VOYAGER,2611N,20260831,HASLC01260805885,LLC ORIENTAL BRIDGE,JPHU8501679,20',22GP,T,1,1,26SNKO3225I,2026-09-29 01:42:04
수입,SURABAYA VOYAGER,2611N,20260831,HASLC01260805885,LLC ORIENTAL BRIDGE,OCBU2032016,20',22GP,T,1,1,26SNKO3225I,2026-09-29 01:42:04
수입,SURABAYA VOYAGER,2611N,20260831,HASLC01260806790,AIT CORPORATION,SKHU6318902,40',45GP,T,2,1,26SNKO3225I,2026-09-29 01:42:04
수입,SURABAYA VOYAGER,2611N,20260831,HASLC01260806850,EISHOU FREIGHT SHIPPING COLTD,SKHU9318819,40',45GP,T,2,1,26SNKO3225I,2026-09-29 01:42:04
수입,SURABAYA VOYAGER,2611N,20260831,HASLC01260806961,EUNSAN SHIPPING  AIRCARGO COLTD,BMOU6974299,40',45GP,I,2,1,26SNKO3225I,2026-09-29 01:42:04
수입,SURABAYA VOYAGER,2611N,20260831,HASLC01260807002,HJGLS COLTD,SKHU2300422,20',22UT,I,1,1,26SNKO3225I,2026-09-29 01:42:04
수입,SURABAYA VOYAGER,2611N,20260831,HASLC01260807174,WONIK CUBE CORP,SKLU1434554,20',22GP,I,1,1,26SNKO3225I,2026-09-29 01:42:04
수입,SURABAYA VOYAGER,2611N,20260831,HASLC01260807310,CHUNBO BLS COLTD,SKLU1437450,20',22GP,I,1,1,26SNKO3225I,2026-09-29 01:42:04
수입,SURABAYA VOYAGER,2611N,20260831,HASLC01260807310,CHUNBO BLS COLTD,SKLU2362931,20',22GP,I,1,1,26SNKO3225I,2026-09-29 01:42:04
수입,SURABAYA VOYAGER,2611N,20260831,HASLC01260807310,CHUNBO BLS COLTD,SKLU2416112,20',22GP,I,1,1,26SNKO3225I,2026-09-29 01:42:04
수입,SURABAYA VOYAGER,2611N,20260831,HASLC01260807872,KBRIDGE COLTD,SKHU6407430,40',45GP,I,2,1,26SNKO3225I,2026-09-29 01:42:04
수입,SURABAYA VOYAGER,2611N,20260831,HASLC01260807880,LSA INTERNATIONAL COLTD,SKHU8922737,40',45GP,I,2,1,26SNKO3225I,2026-09-29 01:42:04
수입,SURABAYA VOYAGER,2611N,20260831,HASLC01260808026,THE YOKOHAMA RUBBER COLTD,HALU2467700,20',22GP,T,1,1,26SNKO3225I,2026-09-29 01:42:04
수입,SURABAYA VOYAGER,2611N,20260831,HASLC01260808056,TOKAI LOGISTICS CORPORATION,HALU2327164,20',22GP,T,1,1,26SNKO3225I,2026-09-29 01:42:04
수입,SURABAYA VOYAGER,2611N,20260831,HASLC01260808143,THE MASTER  OWNERS OF,SKLU1986717,20',22GP,I,1,1,26SNKO3225I,2026-09-29 01:42:04
수입,SURABAYA VOYAGER,2611N,20260831,HASLC01260808183,G LINK LOGISTICS COLTD,SKHU8116515,40',45GP,I,2,1,26SNKO3225I,2026-09-29 01:42:04
수입,SURABAYA VOYAGER,2611N,20260831,HASLC01260808185,G LINK LOGISTICS COLTD,SKHU6300903,40',45GP,I,2,1,26SNKO3225I,2026-09-29 01:42:04
수입,SURABAYA VOYAGER,2611N,20260831,HASLC01260808187,G LINK LOGISTICS COLTD,SKHU6400477,40',45GP,I,2,1,26SNKO3225I,2026-09-29 01:42:04
수입,SURABAYA VOYAGER,2611N,20260831,HASLC01260808188,G LINK LOGISTICS COLTD,SKHU9321371,40',45GP,I,2,1,26SNKO3225I,2026-09-29 01:42:04
수입,SURABAYA VOYAGER,2611N,20260831,HASLC01260808270,RAMSES LOGISTICS CO LTD,HALU2318590,20',22GP,I,1,1,26SNKO3225I,2026-09-29 01:42:04
수입,SURABAYA VOYAGER,2611N,20260831,HASLC01260808288,NEST SEA  AIR CO LTD,SKHU6370644,40',45GP,I,2,1,26SNKO3225I,2026-09-29 01:42:04
수입,SURABAYA VOYAGER,2611N,20260831,HASLC01260808288,NEST SEA  AIR CO LTD,SKHU6392387,40',45GP,I,2,1,26SNKO3225I,2026-09-29 01:42:04
수입,SURABAYA VOYAGER,2611N,20260831,HASLC01260808290,LLC TENTCOM,TCNU2061546,40',45GP,T,2,1,26SNKO3225I,2026-09-29 01:42:04
수입,SURABAYA VOYAGER,2611N,20260831,HASLC01260808290,LLC TENTCOM,TCNU3902262,40',45GP,T,2,1,26SNKO3225I,2026-09-29 01:42:04
수입,SURABAYA VOYAGER,2611N,20260831,HASLC01260808306,ANC SCM INC,HALU2526762,20',22GP,I,1,1,26SNKO3225I,2026-09-29 01:42:04
수입,SURABAYA VOYAGER,2611N,20260831,HASLC01260808306,ANC SCM INC,HALU2528425,20',22GP,I,1,1,26SNKO3225I,2026-09-29 01:42:04
수입,SURABAYA VOYAGER,2611N,20260831,HASLC01260808402,NIPPON EXPRESS COLTD,SKLU3505451,20',22GP,T,1,1,26SNKO3225I,2026-09-29 01:42:04
수입,SURABAYA VOYAGER,2611N,20260831,HASLC01260808694,CENTRAL EXPRESS,SKHU6374070,40',45GP,I,2,1,26SNKO3225I,2026-09-29 01:42:04
수입,SURABAYA VOYAGER,2611N,20260831,HASLC01260808697,HARUNO SANGYO KAISHALTD,SKLU1319571,20',22GP,T,1,1,26SNKO3225I,2026-09-29 01:42:04
수입,SURABAYA VOYAGER,2611N,20260831,HASLC01260808709,G LINK LOGISTICS COLTD,BEAU2349642,20',22GP,I,1,1,26SNKO3225I,2026-09-29 01:42:04
수입,SURABAYA VOYAGER,2611N,20260831,HASLC01260808776,UTS-CHEMICAL MATERIALS LLC,WEDU2078274,20',22GP,T,1,1,26SNKO3225I,2026-09-29 01:42:04
수입,SURABAYA VOYAGER,2611N,20260831,HASLC01260808822,LG CHEMLTD,TGCU2396306,20',22GP,I,1,1,26SNKO3225I,2026-09-29 01:42:04
수입,SURABAYA VOYAGER,2611N,20260831,HASLC01260808831,LG CHEMLTD,SKLU1995658,20',22GP,I,1,1,26SNKO3225I,2026-09-29 01:42:04
수입,SURABAYA VOYAGER,2611N,20260831,HASLC01260808927,JSC KURSK FACTORY OF TECHNICAL,SKHU9817401,40',45GP,T,2,1,26SNKO3225I,2026-09-29 01:42:04
수입,SURABAYA VOYAGER,2611N,20260831,HASLC01260808927,JSC KURSK FACTORY OF TECHNICAL,SKHU9835750,40',45GP,T,2,1,26SNKO3225I,2026-09-29 01:42:04
수입,SURABAYA VOYAGER,2611N,20260831,HASLC01260808967,SHINKO EXPRESS COLTD,SKLU0525876,20',22GP,T,1,1,26SNKO3225I,2026-09-29 01:42:04
수입,SURABAYA VOYAGER,2611N,20260831,HASLC01260808970,SHINKO EXPRESS COLTD,HALU2533170,20',22GP,T,1,1,26SNKO3225I,2026-09-29 01:42:04
수입,SURABAYA VOYAGER,2611N,20260831,HASLC01260808985,HANNONG CHEMICALS INC,SKLU1401062,20',22GP,I,1,1,26SNKO3225I,2026-09-29 01:42:04
수입,SURABAYA VOYAGER,2611N,20260831,HASLC01260809298,DAISHO SANGYO CORPORATION KYUSYU,SKHU6515624,40',45GP,T,2,1,26SNKO3225I,2026-09-29 01:42:04
수입,SURABAYA VOYAGER,2611N,20260831,HASLC01260809312,LLC AGROMIR,SEKU4438010,40',45GP,T,2,1,26SNKO3225I,2026-09-29 01:42:04
수입,SURABAYA VOYAGER,2611N,20260831,HASLC01260809394,JSC KURSK FACTORY OF TECHNICAL,SKHU8902047,40',45GP,T,2,1,26SNKO3225I,2026-09-29 01:42:04
수입,SURABAYA VOYAGER,2611N,20260831,HASLC01260809506,GR KOREA LTD,SKLU1517031,20',22GP,I,1,1,26SNKO3225I,2026-09-29 01:42:04
수입,SURABAYA VOYAGER,2611N,20260831,HASLC01260809508,LX PANTOS LOGISTICS COLTD,SKLU0703094,20',22GP,I,1,1,26SNKO3225I,2026-09-29 01:42:04
수입,SURABAYA VOYAGER,2611N,20260831,HASLC01260809508,LX PANTOS LOGISTICS COLTD,SKLU1107931,20',22GP,I,1,1,26SNKO3225I,2026-09-29 01:42:04
수입,SURABAYA VOYAGER,2611N,20260831,HASLC01260809508,LX PANTOS LOGISTICS COLTD,SKLU1406568,20',22GP,I,1,1,26SNKO3225I,2026-09-29 01:42:04
수입,SURABAYA VOYAGER,2611N,20260831,HASLC01260809508,LX PANTOS LOGISTICS COLTD,SKLU1580836,20',22GP,I,1,1,26SNKO3225I,2026-09-29 01:42:04
수입,SURABAYA VOYAGER,2611N,20260831,HASLC01260809508,LX PANTOS LOGISTICS COLTD,SKLU1632117,20',22GP,I,1,1,26SNKO3225I,2026-09-29 01:42:04
수입,SURABAYA VOYAGER,2611N,20260831,HASLC01260809516,SUN FINE GLOBAL COLTD,HALU2546408,20',22GP,I,1,1,26SNKO3225I,2026-09-29 01:42:04
수입,SURABAYA VOYAGER,2611N,20260831,HASLC01260809540,WON CNB COLTD,SKHU9623427,40',45GP,I,2,1,26SNKO3225I,2026-09-29 01:42:04
수입,SURABAYA VOYAGER,2611N,20260831,HASLC01260809681,EVERGREEN CT CORPORATION,SKLU2403645,20',22GP,I,1,1,26SNKO3225I,2026-09-29 01:42:04
수입,SURABAYA VOYAGER,2611N,20260831,HASLC01260809792,POONGSAN CORP,HALU2541113,20',22GP,I,1,1,26SNKO3225I,2026-09-29 01:42:04
수입,SURABAYA VOYAGER,2611N,20260831,HASLC01260810193,LOGISTEED EXPRESSLTD,SEKU4978620,40',45GP,T,2,1,26SNKO3225I,2026-09-29 01:42:04
수입,SURABAYA VOYAGER,2611N,20260831,HASLC01260810194,LOGISTEED EXPRESSLTD,BMOU5410421,40',45GP,T,2,1,26SNKO3225I,2026-09-29 01:42:04
수입,SURABAYA VOYAGER,2611N,20260831,HASLC01260810587,ANY CLEAN,SKLU2115525,20',22GP,I,1,1,26SNKO3225I,2026-09-29 01:42:04
수입,SURABAYA VOYAGER,2611N,20260831,HASLC01260810697,TO THE ORDER OF KOOKMIN BANK,TEMU1168355,20',22GP,I,1,1,26SNKO3225I,2026-09-29 01:42:04
수입,SURABAYA VOYAGER,2611N,20260831,HASLC01260810915,DACHSER KOREA INC,SKLU2472271,20',22GP,I,1,1,26SNKO3225I,2026-09-29 01:42:04
수입,SURABAYA VOYAGER,2611N,20260831,HASLC01260811147,DCM COLTD,SKLU1540474,20',22GP,T,1,1,26SNKO3225I,2026-09-29 01:42:04
수입,SURABAYA VOYAGER,2611N,20260831,HASLC01260811194,UNIVERSAL SEA  AIR COLTD,SKLU2344054,20',22GP,I,1,1,26SNKO3225I,2026-09-29 01:42:04
수입,SURABAYA VOYAGER,2611N,20260831,HASLC01260811328,WORLDROAD EXPRESS CO LTD,HLHU8335922,40',45GP,I,2,1,26SNKO3225I,2026-09-29 01:42:04
수입,SURABAYA VOYAGER,2611N,20260831,HASLC01260811328,WORLDROAD EXPRESS CO LTD,HLHU8421810,40',45GP,I,2,1,26SNKO3225I,2026-09-29 01:42:04
수입,SURABAYA VOYAGER,2611N,20260831,HASLC01260811574,UTS-CHEMICAL MATERIALS LLC,SKHU9956562,40',45GP,T,2,1,26SNKO3225I,2026-09-29 01:42:04
수입,SURABAYA VOYAGER,2611N,20260831,HASLC01260811630,DAGYEONG INDUSTRIAL COLTD,SKLU1411190,20',22GP,I,1,1,26SNKO3225I,2026-09-29 01:42:04
수입,SURABAYA VOYAGER,2611N,20260831,HASLC01260811782,SEKISUI JUSHI CORPORATION,HLHU8101652,40',45GP,T,2,1,26SNKO3225I,2026-09-29 01:42:04
수입,SURABAYA VOYAGER,2611N,20260831,HASLC01260812069,WOONAM LOGISTICS CO LTD,HLHU8463991,40',45GP,I,2,1,26SNKO3225I,2026-09-29 01:42:04
수입,SURABAYA VOYAGER,2611N,20260831,HASLC01260812413,NEST SEA  AIR CO LTD,SKLU1417407,20',22GP,I,1,1,26SNKO3225I,2026-09-29 01:42:04
수입,SURABAYA VOYAGER,2611N,20260831,HASLC01260812445,KBRIDGE COLTD,SKHU9416522,40',45GP,I,2,1,26SNKO3225I,2026-09-29 01:42:04
수입,SURABAYA VOYAGER,2611N,20260831,HASLC01260812744,CHEIL GRINDING WHEEL INDCOLTD,TRIU6734278,20',22RE,I,1,1,26SNKO3225I,2026-09-29 01:42:04
수입,SURABAYA VOYAGER,2611N,20260831,HASLC01260813215,ANC SCM INC,SKHU8926558,40',45GP,I,2,1,26SNKO3225I,2026-09-29 01:42:04
수입,SURABAYA VOYAGER,2611N,20260831,HASLC01260813215,ANC SCM INC,SKHU9828068,40',45GP,I,2,1,26SNKO3225I,2026-09-29 01:42:04
수입,SURABAYA VOYAGER,2611N,20260831,HASLC01260813719,SAMCHUN ENTERPRISE GLOBAL,SKHU8107832,40',45GP,I,2,1,26SNKO3225I,2026-09-29 01:42:04
수입,SURABAYA VOYAGER,2611N,20260831,HASLC01260813726,SAMCHUN ENTERPRISE GLOBAL,HLHU8524130,40',45GP,I,2,1,26SNKO3225I,2026-09-29 01:42:04
수입,SURABAYA VOYAGER,2611N,20260831,HASLC01260814080,YCH KOREA INC,SKHU9531948,40',45GP,I,2,1,26SNKO3225I,2026-09-29 01:42:04
수입,SURABAYA VOYAGER,2611N,20260831,HASLC01260814216,SEA AIR LAND BRIDGE CO LTD,GESU6526065,40',45GP,I,2,1,26SNKO3225I,2026-09-29 01:42:04
수입,SURABAYA VOYAGER,2611N,20260831,HASLC01260814218,GLOBAL HAEHYUN COLTD,SKRU6501209,40',45RE,I,2,1,26SNKO3225I,2026-09-29 01:42:04
수입,SURABAYA VOYAGER,2611N,20260831,HASLC01260814220,GLOBAL HAEHYUN COLTD,FSCU5889100,40',45RE,I,2,1,26SNKO3225I,2026-09-29 01:42:04
수입,SURABAYA VOYAGER,2611N,20260831,HASLC01260814221,KY INTERLINE,FBIU5088121,40',45RE,I,2,1,26SNKO3225I,2026-09-29 01:42:04
수입,SURABAYA VOYAGER,2611N,20260831,HASLC01260814222,NJ GLOBAL COLTD,FBIU5103606,40',45RE,I,2,1,26SNKO3225I,2026-09-29 01:42:04
수입,SURABAYA VOYAGER,2611N,20260831,HASLC01260814448,KY INTERLINE,HALU8501289,40',45RE,I,2,1,26SNKO3225I,2026-09-29 01:42:04
수입,SURABAYA VOYAGER,2611N,20260831,HASLC01260814450,HAECHANG INTERNATIONAL COLTD,FSCU5911138,40',45RE,I,2,1,26SNKO3225I,2026-09-29 01:42:04
수입,SURABAYA VOYAGER,2611N,20260831,HASLC01260815138,HUB SEA  AIR FREIGHT FORWARDER,SKHU8128141,40',45GP,I,2,1,26SNKO3225I,2026-09-29 01:42:04
수입,SURABAYA VOYAGER,2611N,20260831,HASLC01260818187,HAN OL DECO,HLHU8418164,40',45GP,I,2,1,26SNKO3225I,2026-09-29 01:42:04
수입,SURABAYA VOYAGER,2611N,20260831,HASLS11260700196,BESTRO LOGIX CO LTD,SKLU2036832,20',22GP,I,1,1,26SNKO3225I,2026-09-29 01:42:04
수입,SURABAYA VOYAGER,2611N,20260831,HASLS11260700823,NANYANG SANFUZI FOOD INDUSTRY,HALU2039511,20',22GP,T,1,1,26SNKO3225I,2026-09-29 01:42:04
수입,SURABAYA VOYAGER,2611N,20260831,HASLS11260700823,NANYANG SANFUZI FOOD INDUSTRY,SKLU1548916,20',22GP,T,1,1,26SNKO3225I,2026-09-29 01:42:04
수입,SURABAYA VOYAGER,2611N,20260831,HASLS11260700823,NANYANG SANFUZI FOOD INDUSTRY,SKLU1585273,20',22GP,T,1,1,26SNKO3225I,2026-09-29 01:42:04
수입,SURABAYA VOYAGER,2611N,20260831,HASLS11260700823,NANYANG SANFUZI FOOD INDUSTRY,SKLU1651272,20',22GP,T,1,1,26SNKO3225I,2026-09-29 01:42:04
수입,SURABAYA VOYAGER,2611N,20260831,HASLS11260700823,NANYANG SANFUZI FOOD INDUSTRY,SKLU2021998,20',22GP,T,1,1,26SNKO3225I,2026-09-29 01:42:04
수입,SURABAYA VOYAGER,2611N,20260831,HASLS11260700823,NANYANG SANFUZI FOOD INDUSTRY,TRHU2555959,20',22GP,T,1,1,26SNKO3225I,2026-09-29 01:42:04
수입,SURABAYA VOYAGER,2611N,20260831,HASLS11260700924,AO PHILIP MORRIS IZHORA,SKHU9810789,40',45GP,T,2,1,26SNKO3225I,2026-09-29 01:42:04
수입,SURABAYA VOYAGER,2611N,20260831,HASLS11260700924,AO PHILIP MORRIS IZHORA,SKHU9972579,40',45GP,T,2,1,26SNKO3225I,2026-09-29 01:42:04
수입,SURABAYA VOYAGER,2611N,20260831,HASLS11260700949,LX PANTOS CO LTD,HLHU8386489,40',45GP,I,2,1,26SNKO3225I,2026-09-29 01:42:04
수입,SURABAYA VOYAGER,2611N,20260831,HASLS11260700949,LX PANTOS CO LTD,HLHU8445154,40',45GP,I,2,1,26SNKO3225I,2026-09-29 01:42:04
수입,SURABAYA VOYAGER,2611N,20260831,HASLS11260700949,LX PANTOS CO LTD,HLHU8463203,40',45GP,I,2,1,26SNKO3225I,2026-09-29 01:42:04
수입,SURABAYA VOYAGER,2611N,20260831,HASLS11260700949,LX PANTOS CO LTD,HLHU8465253,40',45GP,I,2,1,26SNKO3225I,2026-09-29 01:42:04
수입,SURABAYA VOYAGER,2611N,20260831,HASLS11260700949,LX PANTOS CO LTD,HLHU8503287,40',45GP,I,2,1,26SNKO3225I,2026-09-29 01:42:04
수입,SURABAYA VOYAGER,2611N,20260831,HASLS11260700949,LX PANTOS CO LTD,HLHU8503538,40',45GP,I,2,1,26SNKO3225I,2026-09-29 01:42:04
수입,SURABAYA VOYAGER,2611N,20260831,HASLS11260700949,LX PANTOS CO LTD,SEKU4435622,40',45GP,I,2,1,26SNKO3225I,2026-09-29 01:42:04
수입,SURABAYA VOYAGER,2611N,20260831,HASLS11260700949,LX PANTOS CO LTD,SKHU6327566,40',45GP,I,2,1,26SNKO3225I,2026-09-29 01:42:04
수입,SURABAYA VOYAGER,2611N,20260831,HASLS11260700949,LX PANTOS CO LTD,SKHU6547832,40',45GP,I,2,1,26SNKO3225I,2026-09-29 01:42:04
수입,SURABAYA VOYAGER,2611N,20260831,HASLS11260700949,LX PANTOS CO LTD,SKHU6556475,40',45GP,I,2,1,26SNKO3225I,2026-09-29 01:42:04
수입,SURABAYA VOYAGER,2611N,20260831,HASLS11260700949,LX PANTOS CO LTD,SKHU6582176,40',45GP,I,2,1,26SNKO3225I,2026-09-29 01:42:04
수입,SURABAYA VOYAGER,2611N,20260831,HASLS11260701048,LLC MARS,SKLU2016163,20',22GP,T,1,1,26SNKO3225I,2026-09-29 01:42:04
수입,SURABAYA VOYAGER,2611N,20260831,HASLS11260701049,LLC MARS,SKLU1947984,20',22GP,T,1,1,26SNKO3225I,2026-09-29 01:42:04
수입,SURABAYA VOYAGER,2611N,20260831,HASLS11260701131,HYUNDAI GLOVIS COLTD,FBIU5094150,40',45RE,I,2,1,26SNKO3225I,2026-09-29 01:42:04
수입,SURABAYA VOYAGER,2611N,20260831,HASLS11260701131,HYUNDAI GLOVIS COLTD,FBIU5095178,40',45RE,I,2,1,26SNKO3225I,2026-09-29 01:42:04
수입,SURABAYA VOYAGER,2611N,20260831,HASLS11260701131,HYUNDAI GLOVIS COLTD,FSCU5868710,40',45RE,I,2,1,26SNKO3225I,2026-09-29 01:42:04
수입,SURABAYA VOYAGER,2611N,20260831,HASLS11260701131,HYUNDAI GLOVIS COLTD,FSCU5889585,40',45RE,I,2,1,26SNKO3225I,2026-09-29 01:42:04
수입,SURABAYA VOYAGER,2611N,20260831,HASLS11260701131,HYUNDAI GLOVIS COLTD,FSCU5891181,40',45RE,I,2,1,26SNKO3225I,2026-09-29 01:42:04
수입,SURABAYA VOYAGER,2611N,20260831,HASLS11260701131,HYUNDAI GLOVIS COLTD,FSCU5911009,40',45RE,I,2,1,26SNKO3225I,2026-09-29 01:42:04
수입,SURABAYA VOYAGER,2611N,20260831,HASLS11260701131,HYUNDAI GLOVIS COLTD,FSCU5911380,40',45RE,I,2,1,26SNKO3225I,2026-09-29 01:42:04
수입,SURABAYA VOYAGER,2611N,20260831,HASLS11260701131,HYUNDAI GLOVIS COLTD,SKRU6504065,40',45RE,I,2,1,26SNKO3225I,2026-09-29 01:42:04
수입,SURABAYA VOYAGER,2611N,20260831,HASLS11260701131,HYUNDAI GLOVIS COLTD,SKRU9903310,40',45RE,I,2,1,26SNKO3225I,2026-09-29 01:42:04
수입,SURABAYA VOYAGER,2611N,20260831,HASLS11260701131,HYUNDAI GLOVIS COLTD,SZLU9455976,40',45RE,I,2,1,26SNKO3225I,2026-09-29 01:42:04
수입,SURABAYA VOYAGER,2611N,20260831,HASLS11260800090,TO ORDER OF SHIPPER,BMOU6077300,40',45GP,T,2,1,26SNKO3225I,2026-09-29 01:42:04
수입,SURABAYA VOYAGER,2611N,20260831,HASLS11260800158,SAMIL TEXTILE COLTD,SKHU6310476,40',45GP,I,2,1,26SNKO3225I,2026-09-29 01:42:04
수입,SURABAYA VOYAGER,2611N,20260831,HASLS11260800165,HANKOOK TIRE RUS LLC,TLLU8348426,40',42GP,T,2,1,26SNKO3225I,2026-09-29 01:42:04
수입,SURABAYA VOYAGER,2611N,20260831,HASLS11260800215,CJ LOGISTICS,HALU2528235,20',22GP,I,1,1,26SNKO3225I,2026-09-29 01:42:04
수입,SURABAYA VOYAGER,2611N,20260831,HASLS11260800215,CJ LOGISTICS,SKLU0752437,20',22GP,I,1,1,26SNKO3225I,2026-09-29 01:42:04
수입,SURABAYA VOYAGER,2611N,20260831,HASLS11260800215,CJ LOGISTICS,SKLU2359774,20',22GP,I,1,1,26SNKO3225I,2026-09-29 01:42:04
수입,SURABAYA VOYAGER,2611N,20260831,HASLS11260800268,MITSUI BUSSAN METALS CO LTD,BEAU2990527,20',22GP,T,1,1,26SNKO3225I,2026-09-29 01:42:04
수입,SURABAYA VOYAGER,2611N,20260831,HASLS11260800347,STAR PREMIUM TRADING AND MARKETING,SKHU9905436,40',45GP,T,2,1,26SNKO3225I,2026-09-29 01:42:04
수입,SURABAYA VOYAGER,2611N,20260831,HASLS21260700560,DEL MONTE FRESH PRODUCE KOREA LTD,FBIU5091104,40',45RE,I,2,1,26SNKO3225I,2026-09-29 01:42:04
수입,SURABAYA VOYAGER,2611N,20260831,HASLS21260701054,ISSEIKI CORPORATION,SKHU8906952,40',45GP,T,2,1,26SNKO3225I,2026-09-29 01:42:04
수입,SURABAYA VOYAGER,2611N,20260831,HASLS21260701054,ISSEIKI CORPORATION,SKHU9835426,40',45GP,T,2,1,26SNKO3225I,2026-09-29 01:42:04
수입,SURABAYA VOYAGER,2611N,20260831,HASLS21260702065,MITSUBISHI CHEMICAL LOGISTICS,SKHU8920328,40',45GP,T,2,1,26SNKO3225I,2026-09-29 01:42:04
수입,SURABAYA VOYAGER,2611N,20260831,HASLS21260702275,HYOSUNG JAPAN CO LTD,HLHU8540850,40',45GP,T,2,1,26SNKO3225I,2026-09-29 01:42:04
수입,SURABAYA VOYAGER,2611N,20260831,HASLS21260702408,CHUKYO KAIUN KAISHALTD,SKLU1669610,20',22GP,T,1,1,26SNKO3225I,2026-09-29 01:42:04
수입,SURABAYA VOYAGER,2611N,20260831,HASLS21260800292,HAGIHARA  COLTD,HLHU8354840,40',45GP,T,2,1,26SNKO3225I,2026-09-29 01:42:04
수입,SURABAYA VOYAGER,2611N,20260831,HASLS21260800292,HAGIHARA  COLTD,SKHU8909102,40',45GP,T,2,1,26SNKO3225I,2026-09-29 01:42:04
수입,SURABAYA VOYAGER,2611N,20260831,HASLS21260800463,HYUNDAI WELDING JAPAN CO LTD,BEAU2356702,20',22GP,T,1,1,26SNKO3225I,2026-09-29 01:42:04
수입,SURABAYA VOYAGER,2611N,20260831,HASLS21260800463,HYUNDAI WELDING JAPAN CO LTD,SKLU1434770,20',22GP,T,1,1,26SNKO3225I,2026-09-29 01:42:04
수입,SURABAYA VOYAGER,2611N,20260831,HASLS21260800463,HYUNDAI WELDING JAPAN CO LTD,SKLU1905103,20',22GP,T,1,1,26SNKO3225I,2026-09-29 01:42:04
수입,SURABAYA VOYAGER,2611N,20260831,HASLS21260800463,HYUNDAI WELDING JAPAN CO LTD,SKLU1972056,20',22GP,T,1,1,26SNKO3225I,2026-09-29 01:42:04
수입,SURABAYA VOYAGER,2611N,20260831,HASLS21260800463,HYUNDAI WELDING JAPAN CO LTD,SKLU2118503,20',22GP,T,1,1,26SNKO3225I,2026-09-29 01:42:04
수입,SURABAYA VOYAGER,2611N,20260831,HASLS21260800617,DSV AIR  SEA LTD,SKLU1303657,20',22GP,I,1,1,26SNKO3225I,2026-09-29 01:42:04
수입,SURABAYA VOYAGER,2611N,20260831,HASLS21260800657,NVM AGRO LLC,FBIU5101706,40',45RE,T,2,1,26SNKO3225I,2026-09-29 01:42:04
수입,SURABAYA VOYAGER,2611N,20260831,HASLS21260800658,NVM AGRO LLC,HALU9000358,40',45RE,T,2,1,26SNKO3225I,2026-09-29 01:42:04
수입,SURABAYA VOYAGER,2611N,20260831,HASLS21260800666,MARITIME HUB CO LTD,SKHU9631700,40',45GP,I,2,1,26SNKO3225I,2026-09-29 01:42:04
수입,SURABAYA VOYAGER,2611N,20260831,HASLS21260800730,LLC YOKOHAMA RPZ,MAGU2268131,20',22GP,T,1,1,26SNKO3225I,2026-09-29 01:42:04
수입,SURABAYA VOYAGER,2611N,20260831,HASLS21260800730,LLC YOKOHAMA RPZ,TEMU2374345,20',22GP,T,1,1,26SNKO3225I,2026-09-29 01:42:04
수입,SURABAYA VOYAGER,2611N,20260831,HASLS21260800730,LLC YOKOHAMA RPZ,TEMU3664354,20',22GP,T,1,1,26SNKO3225I,2026-09-29 01:42:04
수입,SURABAYA VOYAGER,2611N,20260831,HASLS21260800772,SANGOURUDO KABUSHIKIGAISHA,CXDU1786699,40',45GP,T,2,1,26SNKO3225I,2026-09-29 01:42:04
수입,SURABAYA VOYAGER,2611N,20260831,HASLS21260800788,JINWON TRADING CO LTD,HALU8503698,40',45RE,I,2,1,26SNKO3225I,2026-09-29 01:42:04
수입,SURABAYA VOYAGER,2611N,20260831,HASLS21260800807,AKRA LLC,SKRU9901560,40',45RE,T,2,1,26SNKO3225I,2026-09-29 01:42:04
수입,SURABAYA VOYAGER,2611N,20260831,HASLS21260801202,LOGFRET KOREA LTD,SKRU9400212,40',45RE,I,2,1,26SNKO3225I,2026-09-29 01:42:04
수입,SURABAYA VOYAGER,2611N,20260831,HASLS52260700175,LUXE OIL COMPANY LIMITED,CSLU1511883,20',22GP,T,1,1,26SNKO3225I,2026-09-29 01:42:04
수입,SURABAYA VOYAGER,2611N,20260831,HASLS52260700175,LUXE OIL COMPANY LIMITED,CSLU1552373,20',22GP,T,1,1,26SNKO3225I,2026-09-29 01:42:04
수입,SURABAYA VOYAGER,2611N,20260831,HASLS52260700175,LUXE OIL COMPANY LIMITED,RFCU2081054,20',22GP,T,1,1,26SNKO3225I,2026-09-29 01:42:04
수입,SURABAYA VOYAGER,2611N,20260831,HASLS52260700324,FOOD GLOBAL SREDAZ LLC,APHU7022055,40',45GP,T,2,1,26SNKO3225I,2026-09-29 01:42:04
수입,SURABAYA VOYAGER,2611N,20260831,HASLS52260700324,FOOD GLOBAL SREDAZ LLC,TCLU8135119,40',45GP,T,2,1,26SNKO3225I,2026-09-29 01:42:04
수입,SURABAYA VOYAGER,2611N,20260831,HASLS52260700324,FOOD GLOBAL SREDAZ LLC,TCLU8309627,40',45GP,T,2,1,26SNKO3225I,2026-09-29 01:42:04
수입,SURABAYA VOYAGER,2611N,20260831,HASLS52260700387,ECCO ROS LTD,SKHU6326512,40',45GP,T,2,1,26SNKO3225I,2026-09-29 01:42:04
수입,SURABAYA VOYAGER,2611N,20260831,HASLS52260700388,ECCO ROS LTD,HLHU8352370,40',45GP,T,2,1,26SNKO3225I,2026-09-29 01:42:04
수입,SURABAYA VOYAGER,2611N,20260831,HASLS52260700389,ECCO ROS LTD,HLHU8327296,40',45GP,T,2,1,26SNKO3225I,2026-09-29 01:42:04
수입,SURABAYA VOYAGER,2611N,20260831,HASLS52260700478,KINTETSU WORLD EXPRESS INC,HLHU6402451,40',45GP,T,2,1,26SNKO3225I,2026-09-29 01:42:04
수입,SURABAYA VOYAGER,2611N,20260831,HASLS52260700478,KINTETSU WORLD EXPRESS INC,HLHU8204970,40',45GP,T,2,1,26SNKO3225I,2026-09-29 01:42:04
수입,SURABAYA VOYAGER,2611N,20260831,HASLS52260700478,KINTETSU WORLD EXPRESS INC,SKHU8121466,40',45GP,T,2,1,26SNKO3225I,2026-09-29 01:42:04
수입,SURABAYA VOYAGER,2611N,20260831,HASLS52260700479,KINTETSU WORLD EXPRESS INC,HLHU8460117,40',45GP,T,2,1,26SNKO3225I,2026-09-29 01:42:04
수입,SURABAYA VOYAGER,2611N,20260831,HASLS52260700479,KINTETSU WORLD EXPRESS INC,HLHU8485630,40',45GP,T,2,1,26SNKO3225I,2026-09-29 01:42:04
수입,SURABAYA VOYAGER,2611N,20260831,HASLS52260700479,KINTETSU WORLD EXPRESS INC,SKHU6304365,40',45GP,T,2,1,26SNKO3225I,2026-09-29 01:42:04
수입,SURABAYA VOYAGER,2611N,20260831,HASLS52260700479,KINTETSU WORLD EXPRESS INC,SKHU6393444,40',45GP,T,2,1,26SNKO3225I,2026-09-29 01:42:04
수입,SURABAYA VOYAGER,2611N,20260831,HASLS52260700479,KINTETSU WORLD EXPRESS INC,SKHU6468250,40',45GP,T,2,1,26SNKO3225I,2026-09-29 01:42:04
수입,SURABAYA VOYAGER,2611N,20260831,HASLS52260700480,HAGIHARA AND COLTD THREE-I,SKHU9403973,40',45GP,T,2,1,26SNKO3225I,2026-09-29 01:42:04
수입,SURABAYA VOYAGER,2611N,20260831,HASLS52260700480,HAGIHARA AND COLTD THREE-I,SKHU9555343,40',45GP,T,2,1,26SNKO3225I,2026-09-29 01:42:04
수입,SURABAYA VOYAGER,2611N,20260831,HASLS52260700491,KITAZAWA COMPANY LTD,HLHU6401840,40',45GP,T,2,1,26SNKO3225I,2026-09-29 01:42:04
수입,SURABAYA VOYAGER,2611N,20260831,HASLS52260700491,KITAZAWA COMPANY LTD,SKHU8121954,40',45GP,T,2,1,26SNKO3225I,2026-09-29 01:42:04
수입,SURABAYA VOYAGER,2611N,20260831,HASLS52260800014,NANKAI PLYWOOD CO LTD,GCXU6004264,40',45GP,T,2,1,26SNKO3225I,2026-09-29 01:42:04
수입,SURABAYA VOYAGER,2611N,20260831,HASLS52260800014,NANKAI PLYWOOD CO LTD,HLHU6419496,40',45GP,T,2,1,26SNKO3225I,2026-09-29 01:42:04
수입,SURABAYA VOYAGER,2611N,20260831,HASLS52260800014,NANKAI PLYWOOD CO LTD,HLHU8107624,40',45GP,T,2,1,26SNKO3225I,2026-09-29 01:42:04
수입,SURABAYA VOYAGER,2611N,20260831,HASLS52260800014,NANKAI PLYWOOD CO LTD,HLHU8363502,40',45GP,T,2,1,26SNKO3225I,2026-09-29 01:42:04
수입,SURABAYA VOYAGER,2611N,20260831,HASLS52260800014,NANKAI PLYWOOD CO LTD,HLHU8410203,40',45GP,T,2,1,26SNKO3225I,2026-09-29 01:42:04
수입,SURABAYA VOYAGER,2611N,20260831,HASLS52260800014,NANKAI PLYWOOD CO LTD,HLHU8410311,40',45GP,T,2,1,26SNKO3225I,2026-09-29 01:42:04
수입,SURABAYA VOYAGER,2611N,20260831,HASLS52260800014,NANKAI PLYWOOD CO LTD,HLHU8574341,40',45GP,T,2,1,26SNKO3225I,2026-09-29 01:42:04
수입,SURABAYA VOYAGER,2611N,20260831,HASLS52260800014,NANKAI PLYWOOD CO LTD,HLHU8599381,40',45GP,T,2,1,26SNKO3225I,2026-09-29 01:42:04
수입,SURABAYA VOYAGER,2611N,20260831,HASLS52260800014,NANKAI PLYWOOD CO LTD,SKHU6202091,40',45GP,T,2,1,26SNKO3225I,2026-09-29 01:42:04
수입,SURABAYA VOYAGER,2611N,20260831,HASLS52260800014,NANKAI PLYWOOD CO LTD,SKHU6362633,40',45GP,T,2,1,26SNKO3225I,2026-09-29 01:42:04
수입,SURABAYA VOYAGER,2611N,20260831,HASLS52260800014,NANKAI PLYWOOD CO LTD,SKHU6364277,40',45GP,T,2,1,26SNKO3225I,2026-09-29 01:42:04
수입,SURABAYA VOYAGER,2611N,20260831,HASLS52260800023,HAGIHARA AND CO LTD,HLHU6405609,40',45GP,T,2,1,26SNKO3225I,2026-09-29 01:42:04
수입,SURABAYA VOYAGER,2611N,20260831,HASLS52260800068,KINTETSU WORLD EXPRESS INC,SKHU6464445,40',45GP,T,2,1,26SNKO3225I,2026-09-29 01:42:04
수입,SURABAYA VOYAGER,2611N,20260831,HASLS52260800070,KINTETSU WORLD EXPRESS INC,HLHU8571764,40',45GP,T,2,1,26SNKO3225I,2026-09-29 01:42:04
수입,SURABAYA VOYAGER,2611N,20260831,HASLS52260800118,TO ORDER OF SHIPPER,SKLU0522368,20',22GP,T,1,1,26SNKO3225I,2026-09-29 01:42:04
수입,SURABAYA VOYAGER,2611N,20260831,HASLS52260800123,MARUMO CO LTD,SKRU6502036,40',45RE,T,2,1,26SNKO3225I,2026-09-29 01:42:04
수입,SURABAYA VOYAGER,2611N,20260831,HASLS52260800124,OSAKA FIL CORPORATION,SKLU2345472,20',22GP,T,1,1,26SNKO3225I,2026-09-29 01:42:04
수입,SURABAYA VOYAGER,2611N,20260831,HASLS52260800137,MADE OUT TO THE ORDER OF,SKRU6501338,40',45RE,I,2,1,26SNKO3225I,2026-09-29 01:42:04
수입,SURABAYA VOYAGER,2611N,20260831,HASLS52260800161,ITOCHU KENZAI CORPORATION,SEGU5421995,40',45GP,T,2,1,26SNKO3225I,2026-09-29 01:42:04
수입,SURABAYA VOYAGER,2611N,20260831,HASLS52260800161,ITOCHU KENZAI CORPORATION,SKHU6371276,40',45GP,T,2,1,26SNKO3225I,2026-09-29 01:42:04
수입,SURABAYA VOYAGER,2611N,20260831,HASLS52260800161,ITOCHU KENZAI CORPORATION,SKHU8717619,40',45GP,T,2,1,26SNKO3225I,2026-09-29 01:42:04
수입,SURABAYA VOYAGER,2611N,20260831,HASLS52260800173,HAGIHARA AND CO LTD,SKHU9804744,40',45GP,T,2,1,26SNKO3225I,2026-09-29 01:42:04
수입,SURABAYA VOYAGER,2611N,20260831,HASLS52260800208,TO THE ORDER OF,SKLU1002252,20',22GP,I,1,1,26SNKO3225I,2026-09-29 01:42:04
수입,SURABAYA VOYAGER,2611N,20260831,HASLS52260800211,TOYOTA TSUSHO MATERIAL INCORPORATED,SKLU1572168,20',22GP,T,1,1,26SNKO3225I,2026-09-29 01:42:04
수입,SURABAYA VOYAGER,2611N,20260831,HASLW02260700018,JSC GLORIA JEANS CORPORATION,HALU5644985,40',45GP,T,2,1,26SNKO3225I,2026-09-29 01:42:04
수입,SURABAYA VOYAGER,2611N,20260831,HASLW02260700019,JSC GLORIA JEANS CORPORATION,HLHU8455506,40',45GP,T,2,1,26SNKO3225I,2026-09-29 01:42:04
수입,SURABAYA VOYAGER,2611N,20260831,HASLW02260700020,JSC GLORIA JEANS CORPORATION,SEKU4979483,40',45GP,T,2,1,26SNKO3225I,2026-09-29 01:42:04
수입,SURABAYA VOYAGER,2611N,20260831,HASLW02260700021,JSC GLORIA JEANS CORPORATION,SKHU6471697,40',45GP,T,2,1,26SNKO3225I,2026-09-29 01:42:04
수입,SURABAYA VOYAGER,2611N,20260831,HASLW02260700022,JSC GLORIA JEANS CORPORATION,HLHU8302718,40',45GP,T,2,1,26SNKO3225I,2026-09-29 01:42:04
수입,SURABAYA VOYAGER,2611N,20260831,HASLW02260700023,JSC GLORIA JEANS CORPORATION,SKHU6437218,40',45GP,T,2,1,26SNKO3225I,2026-09-29 01:42:04
수입,SURABAYA VOYAGER,2611N,20260831,HASLW02260700024,JSC GLORIA JEANS CORPORATION,SKHU6481648,40',45GP,T,2,1,26SNKO3225I,2026-09-29 01:42:04
수입,SURABAYA VOYAGER,2611N,20260831,HASLW02260700025,JSC GLORIA JEANS CORPORATION,GCXU6282239,40',45GP,T,2,1,26SNKO3225I,2026-09-29 01:42:04
수입,SURABAYA VOYAGER,2611N,20260831,HASLW02260700026,JSC GLORIA JEANS CORPORATION,SKHU9959957,40',45GP,T,2,1,26SNKO3225I,2026-09-29 01:42:04
수입,SURABAYA VOYAGER,2611N,20260831,HASLW02260700028,JSC GLORIA JEANS CORPORATION,HLHU8413141,40',45GP,T,2,1,26SNKO3225I,2026-09-29 01:42:04
수입,SURABAYA VOYAGER,2611N,20260831,HASLW02260700029,JSC GLORIA JEANS CORPORATION,SKHU6352208,40',45GP,T,2,1,26SNKO3225I,2026-09-29 01:42:04
수입,SURABAYA VOYAGER,2611N,20260831,HASLW02260700030,JSC GLORIA JEANS CORPORATION,SKHU9628120,40',45GP,T,2,1,26SNKO3225I,2026-09-29 01:42:04
수입,SURABAYA VOYAGER,2611N,20260831,HASLW02260700031,JSC GLORIA JEANS CORPORATION,SKHU6366768,40',45GP,T,2,1,26SNKO3225I,2026-09-29 01:42:04
수입,SURABAYA VOYAGER,2611N,20260831,HASLW02260700032,JSC GLORIA JEANS CORPORATION,SKHU6520615,40',45GP,T,2,1,26SNKO3225I,2026-09-29 01:42:04
수입,SURABAYA VOYAGER,2611N,20260831,HASLW02260700033,JSC GLORIA JEANS CORPORATION,HLHU8347440,40',45GP,T,2,1,26SNKO3225I,2026-09-29 01:42:04
수입,SURABAYA VOYAGER,2611N,20260831,HASLW02260700034,JSC GLORIA JEANS CORPORATION,SKHU6468965,40',45GP,T,2,1,26SNKO3225I,2026-09-29 01:42:04
수입,SURABAYA VOYAGER,2611N,20260831,HASLW02260700035,JSC GLORIA JEANS CORPORATION,HLHU8315295,40',45GP,T,2,1,26SNKO3225I,2026-09-29 01:42:04
수입,SURABAYA VOYAGER,2611N,20260831,HASLW02260700036,JSC GLORIA JEANS CORPORATION,HLHU8342562,40',45GP,T,2,1,26SNKO3225I,2026-09-29 01:42:04
수입,SURABAYA VOYAGER,2611N,20260831,HASLW02260700037,JSC GLORIA JEANS CORPORATION,SKHU9522904,40',45GP,T,2,1,26SNKO3225I,2026-09-29 01:42:04
수출,HEUNG-A JANICE,2633W,20260831,HASLK01260808835,HEUNG-A LINE COLTD,BEAU2095419,20',22GP,,1,1,26HASL1158E,2026-09-29 01:42:04
수출,HEUNG-A JANICE,2633W,20260831,HASLK01260808835,HEUNG-A LINE COLTD,BMOU4753278,40',45GP,,2,1,26HASL1158E,2026-09-29 01:42:04
수출,HEUNG-A JANICE,2633W,20260831,HASLK01260808835,HEUNG-A LINE COLTD,BMOU6076052,40',45GP,,2,1,26HASL1158E,2026-09-29 01:42:04
수출,HEUNG-A JANICE,2633W,20260831,HASLK01260808835,HEUNG-A LINE COLTD,BMOU6092120,40',45GP,,2,1,26HASL1158E,2026-09-29 01:42:04
수출,HEUNG-A JANICE,2633W,20260831,HASLK01260808835,HEUNG-A LINE COLTD,BMOU6137163,40',45GP,,2,1,26HASL1158E,2026-09-29 01:42:04
수출,HEUNG-A JANICE,2633W,20260831,HASLK01260808835,HEUNG-A LINE COLTD,DFSU7720264,40',45GP,,2,1,26HASL1158E,2026-09-29 01:42:04
수출,HEUNG-A JANICE,2633W,20260831,HASLK01260808835,HEUNG-A LINE COLTD,FCIU6144089,20',22GP,,1,1,26HASL1158E,2026-09-29 01:42:04
수출,HEUNG-A JANICE,2633W,20260831,HASLK01260808835,HEUNG-A LINE COLTD,FCIU9717693,40',45GP,,2,1,26HASL1158E,2026-09-29 01:42:04
수출,HEUNG-A JANICE,2633W,20260831,HASLK01260808835,HEUNG-A LINE COLTD,GCXU6013348,40',45GP,,2,1,26HASL1158E,2026-09-29 01:42:04
수출,HEUNG-A JANICE,2633W,20260831,HASLK01260808835,HEUNG-A LINE COLTD,HALU2043661,20',22GP,,1,1,26HASL1158E,2026-09-29 01:42:04
수출,HEUNG-A JANICE,2633W,20260831,HASLK01260808835,HEUNG-A LINE COLTD,HALU2072802,20',22GP,,1,1,26HASL1158E,2026-09-29 01:42:04
수출,HEUNG-A JANICE,2633W,20260831,HASLK01260808835,HEUNG-A LINE COLTD,HALU2084531,20',22GP,,1,1,26HASL1158E,2026-09-29 01:42:04
수출,HEUNG-A JANICE,2633W,20260831,HASLK01260808835,HEUNG-A LINE COLTD,HALU2088141,20',22GP,,1,1,26HASL1158E,2026-09-29 01:42:04
수출,HEUNG-A JANICE,2633W,20260831,HASLK01260808835,HEUNG-A LINE COLTD,HALU2301581,20',22GP,,1,1,26HASL1158E,2026-09-29 01:42:04
수출,HEUNG-A JANICE,2633W,20260831,HASLK01260808835,HEUNG-A LINE COLTD,HALU2407697,20',22GP,,1,1,26HASL1158E,2026-09-29 01:42:04
수출,HEUNG-A JANICE,2633W,20260831,HASLK01260808835,HEUNG-A LINE COLTD,HALU2447370,20',22GP,,1,1,26HASL1158E,2026-09-29 01:42:04
수출,HEUNG-A JANICE,2633W,20260831,HASLK01260808835,HEUNG-A LINE COLTD,HALU2449075,20',22GP,,1,1,26HASL1158E,2026-09-29 01:42:04
수출,HEUNG-A JANICE,2633W,20260831,HASLK01260808835,HEUNG-A LINE COLTD,HALU2572705,20',22GP,,1,1,26HASL1158E,2026-09-29 01:42:04
수출,HEUNG-A JANICE,2633W,20260831,HASLK01260808835,HEUNG-A LINE COLTD,HALU5649668,40',45GP,,2,1,26HASL1158E,2026-09-29 01:42:04
수출,HEUNG-A JANICE,2633W,20260831,HASLK01260808835,HEUNG-A LINE COLTD,HALU5651074,40',45GP,,2,1,26HASL1158E,2026-09-29 01:42:04
수출,HEUNG-A JANICE,2633W,20260831,HASLK01260808835,HEUNG-A LINE COLTD,HALU5673710,40',45GP,,2,1,26HASL1158E,2026-09-29 01:42:04
수출,HEUNG-A JANICE,2633W,20260831,HASLK01260808835,HEUNG-A LINE COLTD,HALU5679045,40',45GP,,2,1,26HASL1158E,2026-09-29 01:42:04
수출,HEUNG-A JANICE,2633W,20260831,HASLK01260808835,HEUNG-A LINE COLTD,HLHU6413292,40',45GP,,2,1,26HASL1158E,2026-09-29 01:42:04
수출,HEUNG-A JANICE,2633W,20260831,HASLK01260808835,HEUNG-A LINE COLTD,HLHU6418381,40',45GP,,2,1,26HASL1158E,2026-09-29 01:42:04
수출,HEUNG-A JANICE,2633W,20260831,HASLK01260808835,HEUNG-A LINE COLTD,HLHU8103552,40',45GP,,2,1,26HASL1158E,2026-09-29 01:42:04
수출,HEUNG-A JANICE,2633W,20260831,HASLK01260808835,HEUNG-A LINE COLTD,HLHU8108908,40',45GP,,2,1,26HASL1158E,2026-09-29 01:42:04
수출,HEUNG-A JANICE,2633W,20260831,HASLK01260808835,HEUNG-A LINE COLTD,HLHU8113946,40',45GP,,2,1,26HASL1158E,2026-09-29 01:42:04
수출,HEUNG-A JANICE,2633W,20260831,HASLK01260808835,HEUNG-A LINE COLTD,HLHU8116837,40',45GP,,2,1,26HASL1158E,2026-09-29 01:42:04
수출,HEUNG-A JANICE,2633W,20260831,HASLK01260808835,HEUNG-A LINE COLTD,HLHU8301964,40',45GP,,2,1,26HASL1158E,2026-09-29 01:42:04
수출,HEUNG-A JANICE,2633W,20260831,HASLK01260808835,HEUNG-A LINE COLTD,HLHU8313965,40',45GP,,2,1,26HASL1158E,2026-09-29 01:42:04
수출,HEUNG-A JANICE,2633W,20260831,HASLK01260808835,HEUNG-A LINE COLTD,HLHU8319285,40',45GP,,2,1,26HASL1158E,2026-09-29 01:42:04
수출,HEUNG-A JANICE,2633W,20260831,HASLK01260808835,HEUNG-A LINE COLTD,HLHU8370435,40',45GP,,2,1,26HASL1158E,2026-09-29 01:42:04
수출,HEUNG-A JANICE,2633W,20260831,HASLK01260808835,HEUNG-A LINE COLTD,HLHU8384953,40',45GP,,2,1,26HASL1158E,2026-09-29 01:42:04
수출,HEUNG-A JANICE,2633W,20260831,HASLK01260808835,HEUNG-A LINE COLTD,HLHU8423582,40',45GP,,2,1,26HASL1158E,2026-09-29 01:42:04
수출,HEUNG-A JANICE,2633W,20260831,HASLK01260808835,HEUNG-A LINE COLTD,HLHU8426513,40',45GP,,2,1,26HASL1158E,2026-09-29 01:42:04
수출,HEUNG-A JANICE,2633W,20260831,HASLK01260808835,HEUNG-A LINE COLTD,HLHU8454670,40',45GP,,2,1,26HASL1158E,2026-09-29 01:42:04
수출,HEUNG-A JANICE,2633W,20260831,HASLK01260808835,HEUNG-A LINE COLTD,HLHU8525584,40',45GP,,2,1,26HASL1158E,2026-09-29 01:42:04
수출,HEUNG-A JANICE,2633W,20260831,HASLK01260808835,HEUNG-A LINE COLTD,HLHU8526507,40',45GP,,2,1,26HASL1158E,2026-09-29 01:42:04
수출,HEUNG-A JANICE,2633W,20260831,HASLK01260808835,HEUNG-A LINE COLTD,HLHU8541944,40',45GP,,2,1,26HASL1158E,2026-09-29 01:42:04
수출,HEUNG-A JANICE,2633W,20260831,HASLK01260808835,HEUNG-A LINE COLTD,HLHU8550674,40',45GP,,2,1,26HASL1158E,2026-09-29 01:42:04
수출,HEUNG-A JANICE,2633W,20260831,HASLK01260808835,HEUNG-A LINE COLTD,HLHU8566351,40',45GP,,2,1,26HASL1158E,2026-09-29 01:42:04
수출,HEUNG-A JANICE,2633W,20260831,HASLK01260808835,HEUNG-A LINE COLTD,HLHU8581058,40',45GP,,2,1,26HASL1158E,2026-09-29 01:42:04
수출,HEUNG-A JANICE,2633W,20260831,HASLK01260808835,HEUNG-A LINE COLTD,KMLU2204384,20',22GP,,1,1,26HASL1158E,2026-09-29 01:42:04
수출,HEUNG-A JANICE,2633W,20260831,HASLK01260808835,HEUNG-A LINE COLTD,SEGU5414506,40',45GP,,2,1,26HASL1158E,2026-09-29 01:42:04
수출,HEUNG-A JANICE,2633W,20260831,HASLK01260808835,HEUNG-A LINE COLTD,SEKU4433023,40',45GP,,2,1,26HASL1158E,2026-09-29 01:42:04
수출,HEUNG-A JANICE,2633W,20260831,HASLK01260808835,HEUNG-A LINE COLTD,SEKU4985383,40',45GP,,2,1,26HASL1158E,2026-09-29 01:42:04
수출,HEUNG-A JANICE,2633W,20260831,HASLK01260808835,HEUNG-A LINE COLTD,SKHU6208464,40',45GP,,2,1,26HASL1158E,2026-09-29 01:42:04
수출,HEUNG-A JANICE,2633W,20260831,HASLK01260808835,HEUNG-A LINE COLTD,SKHU6316659,40',45GP,,2,1,26HASL1158E,2026-09-29 01:42:04
수출,HEUNG-A JANICE,2633W,20260831,HASLK01260808835,HEUNG-A LINE COLTD,SKHU6387138,40',45GP,,2,1,26HASL1158E,2026-09-29 01:42:04
수출,HEUNG-A JANICE,2633W,20260831,HASLK01260808835,HEUNG-A LINE COLTD,SKHU6387884,40',45GP,,2,1,26HASL1158E,2026-09-29 01:42:04
수출,HEUNG-A JANICE,2633W,20260831,HASLK01260808835,HEUNG-A LINE COLTD,SKHU6406897,40',45GP,,2,1,26HASL1158E,2026-09-29 01:42:04
수출,HEUNG-A JANICE,2633W,20260831,HASLK01260808835,HEUNG-A LINE COLTD,SKHU6457045,40',45GP,,2,1,26HASL1158E,2026-09-29 01:42:04
수출,HEUNG-A JANICE,2633W,20260831,HASLK01260808835,HEUNG-A LINE COLTD,SKHU6477416,40',45GP,,2,1,26HASL1158E,2026-09-29 01:42:04
수출,HEUNG-A JANICE,2633W,20260831,HASLK01260808835,HEUNG-A LINE COLTD,SKHU6538620,40',45GP,,2,1,26HASL1158E,2026-09-29 01:42:04
수출,HEUNG-A JANICE,2633W,20260831,HASLK01260808835,HEUNG-A LINE COLTD,SKHU6558605,40',45GP,,2,1,26HASL1158E,2026-09-29 01:42:04
수출,HEUNG-A JANICE,2633W,20260831,HASLK01260808835,HEUNG-A LINE COLTD,SKHU6585410,40',45GP,,2,1,26HASL1158E,2026-09-29 01:42:04
수출,HEUNG-A JANICE,2633W,20260831,HASLK01260808835,HEUNG-A LINE COLTD,SKHU6589627,40',45GP,,2,1,26HASL1158E,2026-09-29 01:42:04
수출,HEUNG-A JANICE,2633W,20260831,HASLK01260808835,HEUNG-A LINE COLTD,SKHU8111489,40',45GP,,2,1,26HASL1158E,2026-09-29 01:42:04
수출,HEUNG-A JANICE,2633W,20260831,HASLK01260808835,HEUNG-A LINE COLTD,SKHU8113990,40',45GP,,2,1,26HASL1158E,2026-09-29 01:42:04
수출,HEUNG-A JANICE,2633W,20260831,HASLK01260808835,HEUNG-A LINE COLTD,SKHU8129343,40',45GP,,2,1,26HASL1158E,2026-09-29 01:42:04
수출,HEUNG-A JANICE,2633W,20260831,HASLK01260808835,HEUNG-A LINE COLTD,SKHU8411146,40',45GP,,2,1,26HASL1158E,2026-09-29 01:42:04
수출,HEUNG-A JANICE,2633W,20260831,HASLK01260808835,HEUNG-A LINE COLTD,SKHU8714796,40',45GP,,2,1,26HASL1158E,2026-09-29 01:42:04
수출,HEUNG-A JANICE,2633W,20260831,HASLK01260808835,HEUNG-A LINE COLTD,SKHU8901884,40',45GP,,2,1,26HASL1158E,2026-09-29 01:42:04
수출,HEUNG-A JANICE,2633W,20260831,HASLK01260808835,HEUNG-A LINE COLTD,SKHU8903315,40',45GP,,2,1,26HASL1158E,2026-09-29 01:42:04
수출,HEUNG-A JANICE,2633W,20260831,HASLK01260808835,HEUNG-A LINE COLTD,SKHU8905339,40',45GP,,2,1,26HASL1158E,2026-09-29 01:42:04
수출,HEUNG-A JANICE,2633W,20260831,HASLK01260808835,HEUNG-A LINE COLTD,SKHU8931831,40',45GP,,2,1,26HASL1158E,2026-09-29 01:42:04
수출,HEUNG-A JANICE,2633W,20260831,HASLK01260808835,HEUNG-A LINE COLTD,SKHU8932714,40',45GP,,2,1,26HASL1158E,2026-09-29 01:42:04
수출,HEUNG-A JANICE,2633W,20260831,HASLK01260808835,HEUNG-A LINE COLTD,SKHU9001486,40',45GP,,2,1,26HASL1158E,2026-09-29 01:42:04
수출,HEUNG-A JANICE,2633W,20260831,HASLK01260808835,HEUNG-A LINE COLTD,SKHU9106152,40',45GP,,2,1,26HASL1158E,2026-09-29 01:42:04
수출,HEUNG-A JANICE,2633W,20260831,HASLK01260808835,HEUNG-A LINE COLTD,SKHU9315933,40',45GP,,2,1,26HASL1158E,2026-09-29 01:42:04
수출,HEUNG-A JANICE,2633W,20260831,HASLK01260808835,HEUNG-A LINE COLTD,SKHU9400547,40',45GP,,2,1,26HASL1158E,2026-09-29 01:42:04
수출,HEUNG-A JANICE,2633W,20260831,HASLK01260808835,HEUNG-A LINE COLTD,SKHU9414509,40',45GP,,2,1,26HASL1158E,2026-09-29 01:42:04
수출,HEUNG-A JANICE,2633W,20260831,HASLK01260808835,HEUNG-A LINE COLTD,SKHU9422910,40',45GP,,2,1,26HASL1158E,2026-09-29 01:42:04
수출,HEUNG-A JANICE,2633W,20260831,HASLK01260808835,HEUNG-A LINE COLTD,SKHU9515438,40',45GP,,2,1,26HASL1158E,2026-09-29 01:42:04
수출,HEUNG-A JANICE,2633W,20260831,HASLK01260808835,HEUNG-A LINE COLTD,SKHU9528179,40',45GP,,2,1,26HASL1158E,2026-09-29 01:42:04
수출,HEUNG-A JANICE,2633W,20260831,HASLK01260808835,HEUNG-A LINE COLTD,SKHU9552344,40',45GP,,2,1,26HASL1158E,2026-09-29 01:42:04
수출,HEUNG-A JANICE,2633W,20260831,HASLK01260808835,HEUNG-A LINE COLTD,SKHU9556397,40',45GP,,2,1,26HASL1158E,2026-09-29 01:42:04
수출,HEUNG-A JANICE,2633W,20260831,HASLK01260808835,HEUNG-A LINE COLTD,SKHU9628394,40',45GP,,2,1,26HASL1158E,2026-09-29 01:42:04
수출,HEUNG-A JANICE,2633W,20260831,HASLK01260808835,HEUNG-A LINE COLTD,SKHU9829655,40',45GP,,2,1,26HASL1158E,2026-09-29 01:42:04
수출,HEUNG-A JANICE,2633W,20260831,HASLK01260808835,HEUNG-A LINE COLTD,SKHU9829660,40',45GP,,2,1,26HASL1158E,2026-09-29 01:42:04
수출,HEUNG-A JANICE,2633W,20260831,HASLK01260808835,HEUNG-A LINE COLTD,SKHU9927610,40',45GP,,2,1,26HASL1158E,2026-09-29 01:42:04
수출,HEUNG-A JANICE,2633W,20260831,HASLK01260808835,HEUNG-A LINE COLTD,SKHU9946590,40',45GP,,2,1,26HASL1158E,2026-09-29 01:42:04
수출,HEUNG-A JANICE,2633W,20260831,HASLK01260808835,HEUNG-A LINE COLTD,SKLU0524674,20',22GP,,1,1,26HASL1158E,2026-09-29 01:42:04
수출,HEUNG-A JANICE,2633W,20260831,HASLK01260808835,HEUNG-A LINE COLTD,SKLU1334771,20',22GP,,1,1,26HASL1158E,2026-09-29 01:42:04
수출,HEUNG-A JANICE,2633W,20260831,HASLK01260808835,HEUNG-A LINE COLTD,SKLU1342381,20',22GP,,1,1,26HASL1158E,2026-09-29 01:42:04
수출,HEUNG-A JANICE,2633W,20260831,HASLK01260808835,HEUNG-A LINE COLTD,SKLU1633129,20',22GP,,1,1,26HASL1158E,2026-09-29 01:42:04
수출,HEUNG-A JANICE,2633W,20260831,HASLK01260808835,HEUNG-A LINE COLTD,SKLU1666945,20',22GP,,1,1,26HASL1158E,2026-09-29 01:42:04
수출,HEUNG-A JANICE,2633W,20260831,HASLK01260808835,HEUNG-A LINE COLTD,SKLU1900518,20',22GP,,1,1,26HASL1158E,2026-09-29 01:42:04
수출,HEUNG-A JANICE,2633W,20260831,HASLK01260808835,HEUNG-A LINE COLTD,SKLU2003320,20',22GP,,1,1,26HASL1158E,2026-09-29 01:42:04
수출,HEUNG-A JANICE,2633W,20260831,HASLK01260808835,HEUNG-A LINE COLTD,SKLU2032082,20',22GP,,1,1,26HASL1158E,2026-09-29 01:42:04
수출,HEUNG-A JANICE,2633W,20260831,HASLK01260808835,HEUNG-A LINE COLTD,SKLU2043786,20',22GP,,1,1,26HASL1158E,2026-09-29 01:42:04
수출,HEUNG-A JANICE,2633W,20260831,HASLK01260808835,HEUNG-A LINE COLTD,SKLU2049151,20',22GP,,1,1,26HASL1158E,2026-09-29 01:42:04
수출,HEUNG-A JANICE,2633W,20260831,HASLK01260808835,HEUNG-A LINE COLTD,SKLU2064264,20',22GP,,1,1,26HASL1158E,2026-09-29 01:42:04
수출,HEUNG-A JANICE,2633W,20260831,HASLK01260808835,HEUNG-A LINE COLTD,SKLU2107772,20',22GP,,1,1,26HASL1158E,2026-09-29 01:42:04
수출,HEUNG-A JANICE,2633W,20260831,HASLK01260808835,HEUNG-A LINE COLTD,SKLU2124424,20',22GP,,1,1,26HASL1158E,2026-09-29 01:42:04
수출,HEUNG-A JANICE,2633W,20260831,HASLK01260808835,HEUNG-A LINE COLTD,SKLU2125020,20',22GP,,1,1,26HASL1158E,2026-09-29 01:42:04
수출,HEUNG-A JANICE,2633W,20260831,HASLK01260808835,HEUNG-A LINE COLTD,SKLU2415348,20',22GP,,1,1,26HASL1158E,2026-09-29 01:42:04
수출,HEUNG-A JANICE,2633W,20260831,HASLK01260808835,HEUNG-A LINE COLTD,SKLU2486070,20',22GP,,1,1,26HASL1158E,2026-09-29 01:42:04
수출,HEUNG-A JANICE,2633W,20260831,HASLK01260808835,HEUNG-A LINE COLTD,SKLU2492154,20',22GP,,1,1,26HASL1158E,2026-09-29 01:42:04
수출,HEUNG-A JANICE,2633W,20260831,HASLK01260808835,HEUNG-A LINE COLTD,TCLU9174125,40',45GP,,2,1,26HASL1158E,2026-09-29 01:42:04
수출,HEUNG-A JANICE,2633W,20260831,HASLK01260808835,HEUNG-A LINE COLTD,TCNU7082768,40',45GP,,2,1,26HASL1158E,2026-09-29 01:42:04
수출,HEUNG-A JANICE,2633W,20260831,HASLK01260808835,HEUNG-A LINE COLTD,TCNU8239851,40',45GP,,2,1,26HASL1158E,2026-09-29 01:42:04
수출,HEUNG-A JANICE,2633W,20260831,HASLK01260808835,HEUNG-A LINE COLTD,TCNU9879391,40',45GP,,2,1,26HASL1158E,2026-09-29 01:42:04
수출,HEUNG-A JANICE,2633W,20260831,HASLK01260808835,HEUNG-A LINE COLTD,TEMU1552083,20',22GP,,1,1,26HASL1158E,2026-09-29 01:42:04
수출,HEUNG-A JANICE,2633W,20260831,HASLK01260808835,HEUNG-A LINE COLTD,TRHU1774150,20',22GP,,1,1,26HASL1158E,2026-09-29 01:42:04
수출,HEUNG-A JANICE,2633W,20260831,HASLK01260808835,HEUNG-A LINE COLTD,TRHU6257968,40',45GP,,2,1,26HASL1158E,2026-09-29 01:42:04
수출,HEUNG-A JANICE,2633W,20260831,HASLK01260808858,TAEWOONG LOGISTICS COLTDTAEWOONG BD5F 95 SEOCHO-DAERO,TGIU9260036,20',22TN,,1,1,26HASL1158E,2026-09-29 01:42:04
수출,HEUNG-A JANICE,2633W,20260831,HASLK01260808858,TAEWOONG LOGISTICS COLTDTAEWOONG BD5F 95 SEOCHO-DAERO,TGIU9260057,20',22TN,,1,1,26HASL1158E,2026-09-29 01:42:04
수출,HEUNG-A JANICE,2633W,20260831,HASLJ01260800274,SJ LOGISTICS JAPAN COLTD,TGHU6033518,40',45GP,,2,1,26HASL1134E,2026-09-29 01:42:04
수출,HEUNG-A JANICE,2633W,20260831,HASLJ01260800727,ITOCHU LOGISTICS CORP,EXFU5563368,20',22TN,,1,1,26HASL1134E,2026-09-29 01:42:04
수출,HEUNG-A JANICE,2633W,20260831,HASLK01260709954,TYCHE GLOBAL CO LTD1601-1603EAST AREA 322 TEHERANRO,HALU5683338,40',45GP,,2,1,26HASL1134E,2026-09-29 01:42:04
수출,HEUNG-A JANICE,2633W,20260831,HASLK01260709956,TYCHE GLOBAL CO LTD1601-1603EAST AREA 322 TEHERANRO,SKHU9922480,40',45GP,,2,1,26HASL1134E,2026-09-29 01:42:04
수출,HEUNG-A JANICE,2633W,20260831,HASLK01260803129,ILCHEMI CO LTD907-909 209 GONGHANG-DAERO,HCHU2544300,20',22TN,,1,1,26HASL1134E,2026-09-29 01:42:04
수출,HEUNG-A JANICE,2633W,20260831,HASLK01260804272,ISU SPECIALTY CHEMICAL CO LTDISU CHEMICAL BLDG84 SAPYEONGDAERO,SKLU1446072,20',22GP,,1,1,26HASL1134E,2026-09-29 01:42:04
수출,HEUNG-A JANICE,2633W,20260831,HASLK01260804272,ISU SPECIALTY CHEMICAL CO LTDISU CHEMICAL BLDG84 SAPYEONGDAERO,SKLU1448500,20',22GP,,1,1,26HASL1134E,2026-09-29 01:42:04
수출,HEUNG-A JANICE,2633W,20260831,HASLK01260804357,LX MMA CORP12FLX GWANGHWAMUN BUILDING58,SKLU1633221,20',22GP,,1,1,26HASL1134E,2026-09-29 01:42:04
수출,HEUNG-A JANICE,2633W,20260831,HASLK01260805303,DAEHAN PAPER COLTD256 SANGJEONGSSANGCHEONG-RO,SKHU2300865,20',22UT,,1,1,26HASL1134E,2026-09-29 01:42:04
수출,HEUNG-A JANICE,2633W,20260831,HASLK01260805770,WINUS LOGICO COLTD201 HYODONG BLDG 16 CHUNGJANG,MNBU3413212,40',45RE,,2,1,26HASL1134E,2026-09-29 01:42:04
수출,HEUNG-A JANICE,2633W,20260831,HASLK01260805771,WINUS LOGICO COLTD201 HYODONG BLDG 16 CHUNGJANG,MMAU1090718,40',45RE,,2,1,26HASL1134E,2026-09-29 01:42:04
수출,HEUNG-A JANICE,2633W,20260831,HASLK01260805870,EXPEDITORS KOREA LTD,SKHU6451303,40',45GP,,2,1,26HASL1134E,2026-09-29 01:42:04
수출,HEUNG-A JANICE,2633W,20260831,HASLK01260805905,HANAM NEW INDUSTRIAL COLTD,FCIU9718426,40',45GP,,2,1,26HASL1134E,2026-09-29 01:42:04
수출,HEUNG-A JANICE,2633W,20260831,HASLK01260805905,HANAM NEW INDUSTRIAL COLTD,HLHU8364047,40',45GP,,2,1,26HASL1134E,2026-09-29 01:42:04
수출,HEUNG-A JANICE,2633W,20260831,HASLK01260805905,HANAM NEW INDUSTRIAL COLTD,HLHU8407832,40',45GP,,2,1,26HASL1134E,2026-09-29 01:42:04
수출,HEUNG-A JANICE,2633W,20260831,HASLK01260805905,HANAM NEW INDUSTRIAL COLTD,SKHU6301427,40',45GP,,2,1,26HASL1134E,2026-09-29 01:42:04
수출,HEUNG-A JANICE,2633W,20260831,HASLK01260805905,HANAM NEW INDUSTRIAL COLTD,SKHU6394923,40',45GP,,2,1,26HASL1134E,2026-09-29 01:42:04
수출,HEUNG-A JANICE,2633W,20260831,HASLK01260805905,HANAM NEW INDUSTRIAL COLTD,SKHU6565029,40',45GP,,2,1,26HASL1134E,2026-09-29 01:42:04
수출,HEUNG-A JANICE,2633W,20260831,HASLK01260805905,HANAM NEW INDUSTRIAL COLTD,SKHU6588683,40',45GP,,2,1,26HASL1134E,2026-09-29 01:42:04
수출,HEUNG-A JANICE,2633W,20260831,HASLK01260805905,HANAM NEW INDUSTRIAL COLTD,SKHU9202156,40',45GP,,2,1,26HASL1134E,2026-09-29 01:42:04
수출,HEUNG-A JANICE,2633W,20260831,HASLK01260805905,HANAM NEW INDUSTRIAL COLTD,SKHU9907634,40',45GP,,2,1,26HASL1134E,2026-09-29 01:42:04
수출,HEUNG-A JANICE,2633W,20260831,HASLK01260805905,HANAM NEW INDUSTRIAL COLTD,SKHU9952660,40',45GP,,2,1,26HASL1134E,2026-09-29 01:42:04
수출,HEUNG-A JANICE,2633W,20260831,HASLK01260806076,HANAM NEW INDUSTRIAL COLTD,HLHU8503754,40',45GP,,2,1,26HASL1134E,2026-09-29 01:42:04
수출,HEUNG-A JANICE,2633W,20260831,HASLK01260806180,GOLDWAY LOGISTICS SERVICECO LTD OB OF,GCXU5998928,40',45GP,,2,1,26HASL1134E,2026-09-29 01:42:04
수출,HEUNG-A JANICE,2633W,20260831,HASLK01260806299,HANAM NEW INDUSTRIAL COLTD,SKHU8124681,40',45GP,,2,1,26HASL1134E,2026-09-29 01:42:04
수출,HEUNG-A JANICE,2633W,20260831,HASLK01260806522,HYOSUNG CHEMICAL CORPORATION,APHU6571127,40',45GP,,2,1,26HASL1134E,2026-09-29 01:42:04
수출,HEUNG-A JANICE,2633W,20260831,HASLK01260806522,HYOSUNG CHEMICAL CORPORATION,CBHU8606573,40',45GP,,2,1,26HASL1134E,2026-09-29 01:42:04
수출,HEUNG-A JANICE,2633W,20260831,HASLK01260806522,HYOSUNG CHEMICAL CORPORATION,NYKU4253813,40',45GP,,2,1,26HASL1134E,2026-09-29 01:42:04
수출,HEUNG-A JANICE,2633W,20260831,HASLK01260806522,HYOSUNG CHEMICAL CORPORATION,TCNU6342011,40',45GP,,2,1,26HASL1134E,2026-09-29 01:42:04
수출,HEUNG-A JANICE,2633W,20260831,HASLK01260806522,HYOSUNG CHEMICAL CORPORATION,TCNU7869856,40',45GP,,2,1,26HASL1134E,2026-09-29 01:42:04
수출,HEUNG-A JANICE,2633W,20260831,HASLK01260806522,HYOSUNG CHEMICAL CORPORATION,TGHU9052086,40',45GP,,2,1,26HASL1134E,2026-09-29 01:42:04
수출,HEUNG-A JANICE,2633W,20260831,HASLK01260806522,HYOSUNG CHEMICAL CORPORATION,UESU5149525,40',45GP,,2,1,26HASL1134E,2026-09-29 01:42:04
수출,HEUNG-A JANICE,2633W,20260831,HASLK01260806522,HYOSUNG CHEMICAL CORPORATION,WSCU7184293,40',45GP,,2,1,26HASL1134E,2026-09-29 01:42:04
수출,HEUNG-A JANICE,2633W,20260831,HASLK01260807022,HEBALOGIS CO LTDNO2502 363 SAMIL-DAERO,SLTU5013638,20',22TN,,1,1,26HASL1134E,2026-09-29 01:42:04
수출,HEUNG-A JANICE,2633W,20260831,HASLK01260807115,TAEWOONG LOGISTICS COLTD OB OFAEKYUNG INDUSTRIAL COLTD,BSIU9543330,40',45GP,,2,1,26HASL1134E,2026-09-29 01:42:04
수출,HEUNG-A JANICE,2633W,20260831,HASLK01260807653,SUN WORLD SEA  AIR COLTD OB OFFEM TECHNOLOGY CO LTD,BHFU2022024,20',22TN,,1,1,26HASL1134E,2026-09-29 01:42:04
수출,HEUNG-A JANICE,2633W,20260831,HASLK01260807706,AHLSTROM KOREA CO LTD,SKHU6413216,40',45GP,,2,1,26HASL1134E,2026-09-29 01:42:04
수출,HEUNG-A JANICE,2633W,20260831,HASLK01260807840,LOGIEND COLTD401 4F GEUNSHIN BUILDING 16 SAMG,SKLU1606308,20',22GP,,1,1,26HASL1134E,2026-09-29 01:42:04
수출,HEUNG-A JANICE,2633W,20260831,HASLK01260808127,GOLDWAY LOGISTICS SERVICECO LTD OB OF,SKHU9403783,40',45GP,,2,1,26HASL1134E,2026-09-29 01:42:04
수출,HEUNG-A JANICE,2633W,20260831,HASLK01260808128,GOLDWAY LOGISTICS SERVICECO LTD OB OF,SKLU1669060,20',22GP,,1,1,26HASL1134E,2026-09-29 01:42:04
수출,HEUNG-A JANICE,2633W,20260831,HASLK02260701410,GULF MARINE PTE LTD37 TUAS ROAD SINGAPORE 638503,SKLU2471439,20',22GP,,1,1,26HASL1134E,2026-09-29 01:42:04
수출,HEUNG-A JANICE,2633W,20260831,HASLK02260701410,GULF MARINE PTE LTD37 TUAS ROAD SINGAPORE 638503,TEMU6038210,40',45GP,,2,1,26HASL1134E,2026-09-29 01:42:04
수출,HEUNG-A JANICE,2633W,20260831,HASLK02260800634,ARA LOGISTICS CO LTDROOM 505 MARKET HALL BIFM BUILDING,FBIU5092456,40',45RE,,2,1,26HASL1134E,2026-09-29 01:42:04
수출,HEUNG-A JANICE,2633W,20260831,HASLK02260800634,ARA LOGISTICS CO LTDROOM 505 MARKET HALL BIFM BUILDING,SKRU6505626,40',45RE,,2,1,26HASL1134E,2026-09-29 01:42:04
수출,HEUNG-A JANICE,2633W,20260831,HASLK02260801044,M J TSR COLTD17HWAJEONSANDAN 2-ROGANGSEO-GU,HALU2364337,20',22GP,,1,1,26HASL1134E,2026-09-29 01:42:04
수출,HEUNG-A JANICE,2633W,20260831,HASLK02260801148,HONGWON LOGISTICS COLTD OB OF,HALU2083129,20',22GP,,1,1,26HASL1134E,2026-09-29 01:42:04
수출,HEUNG-A JANICE,2633W,20260831,HASLK02260801169,GOTO KOREA CO LTD OB OF,HALU2430450,20',22GP,,1,1,26HASL1134E,2026-09-29 01:42:04
수출,HEUNG-A JANICE,2633W,20260831,HASLK02260801234,CUCKOO ELECTRONICS COLTD14 YUSANGONGDAN 2-GIL YANGSAN-SI,SKLU2424988,20',22GP,,1,1,26HASL1134E,2026-09-29 01:42:04
수출,HEUNG-A JANICE,2633W,20260831,HASLK02260801266,DAE SHIN TRANSPORTATION CO LTD,HLHU8345108,40',45GP,,2,1,26HASL1134E,2026-09-29 01:42:04
수출,HEUNG-A JANICE,2633W,20260831,HASLK02260801266,DAE SHIN TRANSPORTATION CO LTD,HLHU8450546,40',45GP,,2,1,26HASL1134E,2026-09-29 01:42:04
수출,HEUNG-A JANICE,2633W,20260831,HASLK02260801283,FUJI GLOBAL LOGISTICS CO LTD434-2 SINHANG-RO JINHAE-GU,SKHU8420955,40',45GP,,2,1,26HASL1134E,2026-09-29 01:42:04
수출,HEUNG-A JANICE,2633W,20260831,HASLK02260801396,NEXEN TIRE CORPORATION355 CHUNGNYEOL-RO YANGSAN-SI,SKHU6417130,40',45GP,,2,1,26HASL1134E,2026-09-29 01:42:04
수출,HEUNG-A JANICE,2633W,20260831,HASLK02260801396,NEXEN TIRE CORPORATION355 CHUNGNYEOL-RO YANGSAN-SI,SKHU8432180,40',45GP,,2,1,26HASL1134E,2026-09-29 01:42:04
수출,HEUNG-A JANICE,2633W,20260831,HASLK02260801470,M J TSR COLTD17HWAJEONSANDAN 2-ROGANGSEO-GU,BEAU2526389,20',22GP,,1,1,26HASL1134E,2026-09-29 01:42:04
수출,HEUNG-A JANICE,2633W,20260831,HASLK02260801471,M J TSR COLTD17HWAJEONSANDAN 2-ROGANGSEO-GU,BEAU2526389,20',22GP,,1,1,26HASL1134E,2026-09-29 01:42:04
수출,HEUNG-A JANICE,2633W,20260831,HASLK02260801536,CUCKOO ELECTRONICS COLTD14 YUSANGONGDAN 2-GIL YANGSAN-SI,SKLU2424988,20',22GP,,1,1,26HASL1134E,2026-09-29 01:42:04
수출,HEUNG-A JANICE,2633W,20260831,HASLK02260801537,CUCKOO ELECTRONICS COLTD14 YUSANGONGDAN 2-GIL YANGSAN-SI,SKLU2424988,20',22GP,,1,1,26HASL1134E,2026-09-29 01:42:04
수출,HEUNG-A JANICE,2633W,20260831,HASLK02260801538,CUCKOO ELECTRONICS COLTD14 YUSANGONGDAN 2-GIL YANGSAN-SI,SKLU2424988,20',22GP,,1,1,26HASL1134E,2026-09-29 01:42:04
수출,HEUNG-A JANICE,2633W,20260831,HASLK02260801539,CUCKOO ELECTRONICS COLTD14 YUSANGONGDAN 2-GIL YANGSAN-SI,SKLU2424988,20',22GP,,1,1,26HASL1134E,2026-09-29 01:42:04
수출,HEUNG-A JANICE,2633W,20260831,HASLK02260801587,HEUNG-A LINE COLTD,BMOU6061793,40',45GP,,2,1,26HASL1134E,2026-09-29 01:42:04
수출,HEUNG-A JANICE,2633W,20260831,HASLK02260801587,HEUNG-A LINE COLTD,BMOU6073623,40',45GP,,2,1,26HASL1134E,2026-09-29 01:42:04
수출,HEUNG-A JANICE,2633W,20260831,HASLK02260801587,HEUNG-A LINE COLTD,BMOU6430320,40',45GP,,2,1,26HASL1134E,2026-09-29 01:42:04
수출,HEUNG-A JANICE,2633W,20260831,HASLK02260801587,HEUNG-A LINE COLTD,CXDU2276703,40',45GP,,2,1,26HASL1134E,2026-09-29 01:42:04
수출,HEUNG-A JANICE,2633W,20260831,HASLK02260801587,HEUNG-A LINE COLTD,GCXU6013311,40',45GP,,2,1,26HASL1134E,2026-09-29 01:42:04
수출,HEUNG-A JANICE,2633W,20260831,HASLK02260801587,HEUNG-A LINE COLTD,GCXU6015192,40',45GP,,2,1,26HASL1134E,2026-09-29 01:42:04
수출,HEUNG-A JANICE,2633W,20260831,HASLK02260801587,HEUNG-A LINE COLTD,GCXU6015417,40',45GP,,2,1,26HASL1134E,2026-09-29 01:42:04
수출,HEUNG-A JANICE,2633W,20260831,HASLK02260801587,HEUNG-A LINE COLTD,GCXU6275944,40',45GP,,2,1,26HASL1134E,2026-09-29 01:42:04
수출,HEUNG-A JANICE,2633W,20260831,HASLK02260801587,HEUNG-A LINE COLTD,HALU5648321,40',45GP,,2,1,26HASL1134E,2026-09-29 01:42:04
수출,HEUNG-A JANICE,2633W,20260831,HASLK02260801587,HEUNG-A LINE COLTD,HALU5656060,40',45GP,,2,1,26HASL1134E,2026-09-29 01:42:04
수출,HEUNG-A JANICE,2633W,20260831,HASLK02260801587,HEUNG-A LINE COLTD,HALU5674980,40',45GP,,2,1,26HASL1134E,2026-09-29 01:42:04
수출,HEUNG-A JANICE,2633W,20260831,HASLK02260801587,HEUNG-A LINE COLTD,HLHU6400660,40',45GP,,2,1,26HASL1134E,2026-09-29 01:42:04
수출,HEUNG-A JANICE,2633W,20260831,HASLK02260801587,HEUNG-A LINE COLTD,HLHU6412059,40',45GP,,2,1,26HASL1134E,2026-09-29 01:42:04
수출,HEUNG-A JANICE,2633W,20260831,HASLK02260801587,HEUNG-A LINE COLTD,HLHU6419325,40',45GP,,2,1,26HASL1134E,2026-09-29 01:42:04
수출,HEUNG-A JANICE,2633W,20260831,HASLK02260801587,HEUNG-A LINE COLTD,HLHU8107429,40',45GP,,2,1,26HASL1134E,2026-09-29 01:42:04
수출,HEUNG-A JANICE,2633W,20260831,HASLK02260801587,HEUNG-A LINE COLTD,HLHU8111774,40',45GP,,2,1,26HASL1134E,2026-09-29 01:42:04
수출,HEUNG-A JANICE,2633W,20260831,HASLK02260801587,HEUNG-A LINE COLTD,HLHU8114053,40',45GP,,2,1,26HASL1134E,2026-09-29 01:42:04
수출,HEUNG-A JANICE,2633W,20260831,HASLK02260801587,HEUNG-A LINE COLTD,HLHU8116570,40',45GP,,2,1,26HASL1134E,2026-09-29 01:42:04
수출,HEUNG-A JANICE,2633W,20260831,HASLK02260801587,HEUNG-A LINE COLTD,HLHU8203973,40',45GP,,2,1,26HASL1134E,2026-09-29 01:42:04
수출,HEUNG-A JANICE,2633W,20260831,HASLK02260801587,HEUNG-A LINE COLTD,HLHU8204882,40',45GP,,2,1,26HASL1134E,2026-09-29 01:42:04
수출,HEUNG-A JANICE,2633W,20260831,HASLK02260801587,HEUNG-A LINE COLTD,HLHU8207433,40',45GP,,2,1,26HASL1134E,2026-09-29 01:42:04
수출,HEUNG-A JANICE,2633W,20260831,HASLK02260801587,HEUNG-A LINE COLTD,HLHU8300459,40',45GP,,2,1,26HASL1134E,2026-09-29 01:42:04
수출,HEUNG-A JANICE,2633W,20260831,HASLK02260801587,HEUNG-A LINE COLTD,HLHU8309610,40',45GP,,2,1,26HASL1134E,2026-09-29 01:42:04
수출,HEUNG-A JANICE,2633W,20260831,HASLK02260801587,HEUNG-A LINE COLTD,HLHU8321256,40',45GP,,2,1,26HASL1134E,2026-09-29 01:42:04
수출,HEUNG-A JANICE,2633W,20260831,HASLK02260801587,HEUNG-A LINE COLTD,HLHU8331130,40',45GP,,2,1,26HASL1134E,2026-09-29 01:42:04
수출,HEUNG-A JANICE,2633W,20260831,HASLK02260801587,HEUNG-A LINE COLTD,HLHU8333175,40',45GP,,2,1,26HASL1134E,2026-09-29 01:42:04
수출,HEUNG-A JANICE,2633W,20260831,HASLK02260801587,HEUNG-A LINE COLTD,HLHU8364854,40',45GP,,2,1,26HASL1134E,2026-09-29 01:42:04
수출,HEUNG-A JANICE,2633W,20260831,HASLK02260801587,HEUNG-A LINE COLTD,HLHU8365260,40',45GP,,2,1,26HASL1134E,2026-09-29 01:42:04
수출,HEUNG-A JANICE,2633W,20260831,HASLK02260801587,HEUNG-A LINE COLTD,HLHU8367703,40',45GP,,2,1,26HASL1134E,2026-09-29 01:42:04
수출,HEUNG-A JANICE,2633W,20260831,HASLK02260801587,HEUNG-A LINE COLTD,HLHU8378159,40',45GP,,2,1,26HASL1134E,2026-09-29 01:42:04
수출,HEUNG-A JANICE,2633W,20260831,HASLK02260801587,HEUNG-A LINE COLTD,HLHU8378842,40',45GP,,2,1,26HASL1134E,2026-09-29 01:42:04
수출,HEUNG-A JANICE,2633W,20260831,HASLK02260801587,HEUNG-A LINE COLTD,HLHU8384589,40',45GP,,2,1,26HASL1134E,2026-09-29 01:42:04
수출,HEUNG-A JANICE,2633W,20260831,HASLK02260801587,HEUNG-A LINE COLTD,HLHU8389087,40',45GP,,2,1,26HASL1134E,2026-09-29 01:42:04
수출,HEUNG-A JANICE,2633W,20260831,HASLK02260801587,HEUNG-A LINE COLTD,HLHU8402743,40',45GP,,2,1,26HASL1134E,2026-09-29 01:42:04
수출,HEUNG-A JANICE,2633W,20260831,HASLK02260801587,HEUNG-A LINE COLTD,HLHU8412490,40',45GP,,2,1,26HASL1134E,2026-09-29 01:42:04
수출,HEUNG-A JANICE,2633W,20260831,HASLK02260801587,HEUNG-A LINE COLTD,HLHU8414662,40',45GP,,2,1,26HASL1134E,2026-09-29 01:42:04
수출,HEUNG-A JANICE,2633W,20260831,HASLK02260801587,HEUNG-A LINE COLTD,HLHU8419350,40',45GP,,2,1,26HASL1134E,2026-09-29 01:42:04
수출,HEUNG-A JANICE,2633W,20260831,HASLK02260801587,HEUNG-A LINE COLTD,HLHU8423200,40',45GP,,2,1,26HASL1134E,2026-09-29 01:42:04
수출,HEUNG-A JANICE,2633W,20260831,HASLK02260801587,HEUNG-A LINE COLTD,HLHU8427021,40',45GP,,2,1,26HASL1134E,2026-09-29 01:42:04
수출,HEUNG-A JANICE,2633W,20260831,HASLK02260801587,HEUNG-A LINE COLTD,HLHU8428033,40',45GP,,2,1,26HASL1134E,2026-09-29 01:42:04
수출,HEUNG-A JANICE,2633W,20260831,HASLK02260801587,HEUNG-A LINE COLTD,HLHU8429298,40',45GP,,2,1,26HASL1134E,2026-09-29 01:42:04
수출,HEUNG-A JANICE,2633W,20260831,HASLK02260801587,HEUNG-A LINE COLTD,HLHU8456781,40',45GP,,2,1,26HASL1134E,2026-09-29 01:42:04
수출,HEUNG-A JANICE,2633W,20260831,HASLK02260801587,HEUNG-A LINE COLTD,HLHU8461535,40',45GP,,2,1,26HASL1134E,2026-09-29 01:42:04
수출,HEUNG-A JANICE,2633W,20260831,HASLK02260801587,HEUNG-A LINE COLTD,HLHU8506141,40',45GP,,2,1,26HASL1134E,2026-09-29 01:42:04
수출,HEUNG-A JANICE,2633W,20260831,HASLK02260801587,HEUNG-A LINE COLTD,HLHU8507868,40',45GP,,2,1,26HASL1134E,2026-09-29 01:42:04
수출,HEUNG-A JANICE,2633W,20260831,HASLK02260801587,HEUNG-A LINE COLTD,HLHU8530960,40',45GP,,2,1,26HASL1134E,2026-09-29 01:42:04
수출,HEUNG-A JANICE,2633W,20260831,HASLK02260801587,HEUNG-A LINE COLTD,HLHU8537728,40',45GP,,2,1,26HASL1134E,2026-09-29 01:42:04
수출,HEUNG-A JANICE,2633W,20260831,HASLK02260801587,HEUNG-A LINE COLTD,HLHU8538663,40',45GP,,2,1,26HASL1134E,2026-09-29 01:42:04
수출,HEUNG-A JANICE,2633W,20260831,HASLK02260801587,HEUNG-A LINE COLTD,HLHU8539417,40',45GP,,2,1,26HASL1134E,2026-09-29 01:42:04
수출,HEUNG-A JANICE,2633W,20260831,HASLK02260801587,HEUNG-A LINE COLTD,HLHU8543150,40',45GP,,2,1,26HASL1134E,2026-09-29 01:42:04
수출,HEUNG-A JANICE,2633W,20260831,HASLK02260801587,HEUNG-A LINE COLTD,HLHU8558905,40',45GP,,2,1,26HASL1134E,2026-09-29 01:42:04
수출,HEUNG-A JANICE,2633W,20260831,HASLK02260801587,HEUNG-A LINE COLTD,HLHU8570480,40',45GP,,2,1,26HASL1134E,2026-09-29 01:42:04
수출,HEUNG-A JANICE,2633W,20260831,HASLK02260801587,HEUNG-A LINE COLTD,HLHU8582753,40',45GP,,2,1,26HASL1134E,2026-09-29 01:42:04
수출,HEUNG-A JANICE,2633W,20260831,HASLK02260801587,HEUNG-A LINE COLTD,SEKU4972262,40',45GP,,2,1,26HASL1134E,2026-09-29 01:42:04
수출,HEUNG-A JANICE,2633W,20260831,HASLK02260801587,HEUNG-A LINE COLTD,SEKU4977710,40',45GP,,2,1,26HASL1134E,2026-09-29 01:42:04
수출,HEUNG-A JANICE,2633W,20260831,HASLK02260801587,HEUNG-A LINE COLTD,SEKU4982403,40',45GP,,2,1,26HASL1134E,2026-09-29 01:42:04
수출,HEUNG-A JANICE,2633W,20260831,HASLK02260801587,HEUNG-A LINE COLTD,SEKU4983333,40',45GP,,2,1,26HASL1134E,2026-09-29 01:42:04
수출,HEUNG-A JANICE,2633W,20260831,HASLK02260801587,HEUNG-A LINE COLTD,SEKU4983821,40',45GP,,2,1,26HASL1134E,2026-09-29 01:42:04
수출,HEUNG-A JANICE,2633W,20260831,HASLK02260801587,HEUNG-A LINE COLTD,SEKU4984324,40',45GP,,2,1,26HASL1134E,2026-09-29 01:42:04
수출,HEUNG-A JANICE,2633W,20260831,HASLK02260801587,HEUNG-A LINE COLTD,SKHU6207848,40',45GP,,2,1,26HASL1134E,2026-09-29 01:42:04
수출,HEUNG-A JANICE,2633W,20260831,HASLK02260801587,HEUNG-A LINE COLTD,SKHU6208628,40',45GP,,2,1,26HASL1134E,2026-09-29 01:42:04
수출,HEUNG-A JANICE,2633W,20260831,HASLK02260801587,HEUNG-A LINE COLTD,SKHU6320622,40',45GP,,2,1,26HASL1134E,2026-09-29 01:42:04
수출,HEUNG-A JANICE,2633W,20260831,HASLK02260801587,HEUNG-A LINE COLTD,SKHU6326960,40',45GP,,2,1,26HASL1134E,2026-09-29 01:42:04
수출,HEUNG-A JANICE,2633W,20260831,HASLK02260801587,HEUNG-A LINE COLTD,SKHU6335290,40',45GP,,2,1,26HASL1134E,2026-09-29 01:42:04
수출,HEUNG-A JANICE,2633W,20260831,HASLK02260801587,HEUNG-A LINE COLTD,SKHU6335920,40',45GP,,2,1,26HASL1134E,2026-09-29 01:42:04
수출,HEUNG-A JANICE,2633W,20260831,HASLK02260801587,HEUNG-A LINE COLTD,SKHU6357370,40',45GP,,2,1,26HASL1134E,2026-09-29 01:42:04
수출,HEUNG-A JANICE,2633W,20260831,HASLK02260801587,HEUNG-A LINE COLTD,SKHU6378692,40',45GP,,2,1,26HASL1134E,2026-09-29 01:42:04
수출,HEUNG-A JANICE,2633W,20260831,HASLK02260801587,HEUNG-A LINE COLTD,SKHU6388005,40',45GP,,2,1,26HASL1134E,2026-09-29 01:42:04
수출,HEUNG-A JANICE,2633W,20260831,HASLK02260801587,HEUNG-A LINE COLTD,SKHU6393779,40',45GP,,2,1,26HASL1134E,2026-09-29 01:42:04
수출,HEUNG-A JANICE,2633W,20260831,HASLK02260801587,HEUNG-A LINE COLTD,SKHU6405062,40',45GP,,2,1,26HASL1134E,2026-09-29 01:42:04
수출,HEUNG-A JANICE,2633W,20260831,HASLK02260801587,HEUNG-A LINE COLTD,SKHU6408185,40',45GP,,2,1,26HASL1134E,2026-09-29 01:42:04
수출,HEUNG-A JANICE,2633W,20260831,HASLK02260801587,HEUNG-A LINE COLTD,SKHU6422481,40',45GP,,2,1,26HASL1134E,2026-09-29 01:42:04
수출,HEUNG-A JANICE,2633W,20260831,HASLK02260801587,HEUNG-A LINE COLTD,SKHU6431708,40',45GP,,2,1,26HASL1134E,2026-09-29 01:42:04
수출,HEUNG-A JANICE,2633W,20260831,HASLK02260801587,HEUNG-A LINE COLTD,SKHU6440253,40',45GP,,2,1,26HASL1134E,2026-09-29 01:42:04
수출,HEUNG-A JANICE,2633W,20260831,HASLK02260801587,HEUNG-A LINE COLTD,SKHU6445640,40',45GP,,2,1,26HASL1134E,2026-09-29 01:42:04
수출,HEUNG-A JANICE,2633W,20260831,HASLK02260801587,HEUNG-A LINE COLTD,SKHU6456861,40',45GP,,2,1,26HASL1134E,2026-09-29 01:42:04
수출,HEUNG-A JANICE,2633W,20260831,HASLK02260801587,HEUNG-A LINE COLTD,SKHU6469956,40',45GP,,2,1,26HASL1134E,2026-09-29 01:42:04
수출,HEUNG-A JANICE,2633W,20260831,HASLK02260801587,HEUNG-A LINE COLTD,SKHU6471254,40',45GP,,2,1,26HASL1134E,2026-09-29 01:42:04
수출,HEUNG-A JANICE,2633W,20260831,HASLK02260801587,HEUNG-A LINE COLTD,SKHU6506725,40',45GP,,2,1,26HASL1134E,2026-09-29 01:42:04
수출,HEUNG-A JANICE,2633W,20260831,HASLK02260801587,HEUNG-A LINE COLTD,SKHU6521479,40',45GP,,2,1,26HASL1134E,2026-09-29 01:42:04
수출,HEUNG-A JANICE,2633W,20260831,HASLK02260801587,HEUNG-A LINE COLTD,SKHU6524890,40',45GP,,2,1,26HASL1134E,2026-09-29 01:42:04
수출,HEUNG-A JANICE,2633W,20260831,HASLK02260801587,HEUNG-A LINE COLTD,SKHU6525411,40',45GP,,2,1,26HASL1134E,2026-09-29 01:42:04
수출,HEUNG-A JANICE,2633W,20260831,HASLK02260801587,HEUNG-A LINE COLTD,SKHU8123767,40',45GP,,2,1,26HASL1134E,2026-09-29 01:42:04
수출,HEUNG-A JANICE,2633W,20260831,HASLK02260801587,HEUNG-A LINE COLTD,SKHU8127910,40',45GP,,2,1,26HASL1134E,2026-09-29 01:42:04
수출,HEUNG-A JANICE,2633W,20260831,HASLK02260801587,HEUNG-A LINE COLTD,SKHU8412060,40',45GP,,2,1,26HASL1134E,2026-09-29 01:42:04
수출,HEUNG-A JANICE,2633W,20260831,HASLK02260801587,HEUNG-A LINE COLTD,SKHU8416493,40',45GP,,2,1,26HASL1134E,2026-09-29 01:42:04
수출,HEUNG-A JANICE,2633W,20260831,HASLK02260801587,HEUNG-A LINE COLTD,SKHU8417904,40',45GP,,2,1,26HASL1134E,2026-09-29 01:42:04
수출,HEUNG-A JANICE,2633W,20260831,HASLK02260801587,HEUNG-A LINE COLTD,SKHU8418006,40',45GP,,2,1,26HASL1134E,2026-09-29 01:42:04
수출,HEUNG-A JANICE,2633W,20260831,HASLK02260801587,HEUNG-A LINE COLTD,SKHU8430866,40',45GP,,2,1,26HASL1134E,2026-09-29 01:42:04
수출,HEUNG-A JANICE,2633W,20260831,HASLK02260801587,HEUNG-A LINE COLTD,SKHU8431733,40',45GP,,2,1,26HASL1134E,2026-09-29 01:42:04
수출,HEUNG-A JANICE,2633W,20260831,HASLK02260801587,HEUNG-A LINE COLTD,SKHU8712833,40',45GP,,2,1,26HASL1134E,2026-09-29 01:42:04
수출,HEUNG-A JANICE,2633W,20260831,HASLK02260801587,HEUNG-A LINE COLTD,SKHU8713439,40',45GP,,2,1,26HASL1134E,2026-09-29 01:42:04
수출,HEUNG-A JANICE,2633W,20260831,HASLK02260801587,HEUNG-A LINE COLTD,SKHU8912620,40',45GP,,2,1,26HASL1134E,2026-09-29 01:42:04
수출,HEUNG-A JANICE,2633W,20260831,HASLK02260801587,HEUNG-A LINE COLTD,SKHU8921854,40',45GP,,2,1,26HASL1134E,2026-09-29 01:42:04
수출,HEUNG-A JANICE,2633W,20260831,HASLK02260801587,HEUNG-A LINE COLTD,SKHU8932118,40',45GP,,2,1,26HASL1134E,2026-09-29 01:42:04
수출,HEUNG-A JANICE,2633W,20260831,HASLK02260801587,HEUNG-A LINE COLTD,SKHU8938559,40',45GP,,2,1,26HASL1134E,2026-09-29 01:42:04
수출,HEUNG-A JANICE,2633W,20260831,HASLK02260801587,HEUNG-A LINE COLTD,SKHU9003730,40',45GP,,2,1,26HASL1134E,2026-09-29 01:42:04
수출,HEUNG-A JANICE,2633W,20260831,HASLK02260801587,HEUNG-A LINE COLTD,SKHU9107499,40',45GP,,2,1,26HASL1134E,2026-09-29 01:42:04
수출,HEUNG-A JANICE,2633W,20260831,HASLK02260801587,HEUNG-A LINE COLTD,SKHU9111122,40',45GP,,2,1,26HASL1134E,2026-09-29 01:42:04
수출,HEUNG-A JANICE,2633W,20260831,HASLK02260801587,HEUNG-A LINE COLTD,SKHU9111591,40',45GP,,2,1,26HASL1134E,2026-09-29 01:42:04
수출,HEUNG-A JANICE,2633W,20260831,HASLK02260801587,HEUNG-A LINE COLTD,SKHU9203384,40',45GP,,2,1,26HASL1134E,2026-09-29 01:42:04
수출,HEUNG-A JANICE,2633W,20260831,HASLK02260801587,HEUNG-A LINE COLTD,SKHU9208853,40',45GP,,2,1,26HASL1134E,2026-09-29 01:42:04
수출,HEUNG-A JANICE,2633W,20260831,HASLK02260801587,HEUNG-A LINE COLTD,SKHU9306649,40',45GP,,2,1,26HASL1134E,2026-09-29 01:42:04
수출,HEUNG-A JANICE,2633W,20260831,HASLK02260801587,HEUNG-A LINE COLTD,SKHU9316020,40',45GP,,2,1,26HASL1134E,2026-09-29 01:42:04
수출,HEUNG-A JANICE,2633W,20260831,HASLK02260801587,HEUNG-A LINE COLTD,SKHU9317052,40',45GP,,2,1,26HASL1134E,2026-09-29 01:42:04
수출,HEUNG-A JANICE,2633W,20260831,HASLK02260801587,HEUNG-A LINE COLTD,SKHU9500084,40',45GP,,2,1,26HASL1134E,2026-09-29 01:42:04
수출,HEUNG-A JANICE,2633W,20260831,HASLK02260801587,HEUNG-A LINE COLTD,SKHU9503925,40',45GP,,2,1,26HASL1134E,2026-09-29 01:42:04
수출,HEUNG-A JANICE,2633W,20260831,HASLK02260801587,HEUNG-A LINE COLTD,SKHU9505419,40',45GP,,2,1,26HASL1134E,2026-09-29 01:42:04
수출,HEUNG-A JANICE,2633W,20260831,HASLK02260801587,HEUNG-A LINE COLTD,SKHU9505830,40',45GP,,2,1,26HASL1134E,2026-09-29 01:42:04
수출,HEUNG-A JANICE,2633W,20260831,HASLK02260801587,HEUNG-A LINE COLTD,SKHU9514637,40',45GP,,2,1,26HASL1134E,2026-09-29 01:42:04
수출,HEUNG-A JANICE,2633W,20260831,HASLK02260801587,HEUNG-A LINE COLTD,SKHU9529684,40',45GP,,2,1,26HASL1134E,2026-09-29 01:42:04
수출,HEUNG-A JANICE,2633W,20260831,HASLK02260801587,HEUNG-A LINE COLTD,SKHU9532332,40',45GP,,2,1,26HASL1134E,2026-09-29 01:42:04
수출,HEUNG-A JANICE,2633W,20260831,HASLK02260801587,HEUNG-A LINE COLTD,SKHU9551250,40',45GP,,2,1,26HASL1134E,2026-09-29 01:42:04
수출,HEUNG-A JANICE,2633W,20260831,HASLK02260801587,HEUNG-A LINE COLTD,SKHU9605064,40',45GP,,2,1,26HASL1134E,2026-09-29 01:42:04
수출,HEUNG-A JANICE,2633W,20260831,HASLK02260801587,HEUNG-A LINE COLTD,SKHU9631377,40',45GP,,2,1,26HASL1134E,2026-09-29 01:42:04
수출,HEUNG-A JANICE,2633W,20260831,HASLK02260801587,HEUNG-A LINE COLTD,SKHU9812210,40',45GP,,2,1,26HASL1134E,2026-09-29 01:42:04
수출,HEUNG-A JANICE,2633W,20260831,HASLK02260801587,HEUNG-A LINE COLTD,SKHU9823831,40',45GP,,2,1,26HASL1134E,2026-09-29 01:42:04
수출,HEUNG-A JANICE,2633W,20260831,HASLK02260801587,HEUNG-A LINE COLTD,SKHU9832242,40',45GP,,2,1,26HASL1134E,2026-09-29 01:42:04
수출,HEUNG-A JANICE,2633W,20260831,HASLK02260801587,HEUNG-A LINE COLTD,SKHU9832854,40',45GP,,2,1,26HASL1134E,2026-09-29 01:42:04
수출,HEUNG-A JANICE,2633W,20260831,HASLK02260801587,HEUNG-A LINE COLTD,SKHU9901430,40',45GP,,2,1,26HASL1134E,2026-09-29 01:42:04
수출,HEUNG-A JANICE,2633W,20260831,HASLK02260801587,HEUNG-A LINE COLTD,SKHU9902648,40',45GP,,2,1,26HASL1134E,2026-09-29 01:42:04
수출,HEUNG-A JANICE,2633W,20260831,HASLK02260801587,HEUNG-A LINE COLTD,SKHU9923580,40',45GP,,2,1,26HASL1134E,2026-09-29 01:42:04
수출,HEUNG-A JANICE,2633W,20260831,HASLK02260801587,HEUNG-A LINE COLTD,SKHU9930589,40',45GP,,2,1,26HASL1134E,2026-09-29 01:42:04
수출,HEUNG-A JANICE,2633W,20260831,HASLK02260801587,HEUNG-A LINE COLTD,SKHU9950775,40',45GP,,2,1,26HASL1134E,2026-09-29 01:42:04
수출,HEUNG-A JANICE,2633W,20260831,HASLK02260801587,HEUNG-A LINE COLTD,SKHU9962415,40',45GP,,2,1,26HASL1134E,2026-09-29 01:42:04
수출,HEUNG-A JANICE,2633W,20260831,HASLK02260801587,HEUNG-A LINE COLTD,SKHU9965461,40',45GP,,2,1,26HASL1134E,2026-09-29 01:42:04
수출,HEUNG-A JANICE,2633W,20260831,HASLK02260801587,HEUNG-A LINE COLTD,SKHU9966128,40',45GP,,2,1,26HASL1134E,2026-09-29 01:42:04
수출,HEUNG-A JANICE,2633W,20260831,HASLK02260801587,HEUNG-A LINE COLTD,SKHU9973549,40',45GP,,2,1,26HASL1134E,2026-09-29 01:42:04
수출,HEUNG-A JANICE,2633W,20260831,HASLK02260801587,HEUNG-A LINE COLTD,TCLU5866130,40',45GP,,2,1,26HASL1134E,2026-09-29 01:42:04
수출,HEUNG-A JANICE,2633W,20260831,HASLK02260801587,HEUNG-A LINE COLTD,TCLU8546892,40',45GP,,2,1,26HASL1134E,2026-09-29 01:42:04
수출,HEUNG-A JANICE,2633W,20260831,HASLK02260801587,HEUNG-A LINE COLTD,TCLU8949687,40',45GP,,2,1,26HASL1134E,2026-09-29 01:42:04
수출,HEUNG-A JANICE,2633W,20260831,HASLK02260801587,HEUNG-A LINE COLTD,TCLU8953440,40',45GP,,2,1,26HASL1134E,2026-09-29 01:42:04
수출,HEUNG-A JANICE,2633W,20260831,HASLK02260801587,HEUNG-A LINE COLTD,TCNU4707506,40',45GP,,2,1,26HASL1134E,2026-09-29 01:42:04
수출,HEUNG-A JANICE,2633W,20260831,HASLK02260801587,HEUNG-A LINE COLTD,TCNU4948951,40',45GP,,2,1,26HASL1134E,2026-09-29 01:42:04
수출,HEUNG-A JANICE,2633W,20260831,HASLK02260801587,HEUNG-A LINE COLTD,TRHU4866760,40',45GP,,2,1,26HASL1134E,2026-09-29 01:42:04
수출,HEUNG-A JANICE,2633W,20260831,HASLK02260801587,HEUNG-A LINE COLTD,TRHU6255250,40',45GP,,2,1,26HASL1134E,2026-09-29 01:42:04
수출,HEUNG-A JANICE,2633W,20260831,HASLK02260801601,HEUNG-A LINE COLTD,BMOU5195442,40',45GP,,2,1,26HASL1134E,2026-09-29 01:42:04
수출,HEUNG-A JANICE,2633W,20260831,HASLK02260801601,HEUNG-A LINE COLTD,DFSU7650320,40',45GP,,2,1,26HASL1134E,2026-09-29 01:42:04
수출,HEUNG-A JANICE,2633W,20260831,HASLK02260801601,HEUNG-A LINE COLTD,DFSU7720198,40',45GP,,2,1,26HASL1134E,2026-09-29 01:42:04
수출,HEUNG-A JANICE,2633W,20260831,HASLK02260801601,HEUNG-A LINE COLTD,FCIU7278626,40',45GP,,2,1,26HASL1134E,2026-09-29 01:42:04
수출,HEUNG-A JANICE,2633W,20260831,HASLK02260801601,HEUNG-A LINE COLTD,GCXU6003289,40',45GP,,2,1,26HASL1134E,2026-09-29 01:42:04
수출,HEUNG-A JANICE,2633W,20260831,HASLK02260801601,HEUNG-A LINE COLTD,HALU5642405,40',45GP,,2,1,26HASL1134E,2026-09-29 01:42:04
수출,HEUNG-A JANICE,2633W,20260831,HASLK02260801601,HEUNG-A LINE COLTD,HALU5659780,40',45GP,,2,1,26HASL1134E,2026-09-29 01:42:04
수출,HEUNG-A JANICE,2633W,20260831,HASLK02260801601,HEUNG-A LINE COLTD,HALU5686044,40',45GP,,2,1,26HASL1134E,2026-09-29 01:42:04
수출,HEUNG-A JANICE,2633W,20260831,HASLK02260801601,HEUNG-A LINE COLTD,HLHU6410354,40',45GP,,2,1,26HASL1134E,2026-09-29 01:42:04
수출,HEUNG-A JANICE,2633W,20260831,HASLK02260801601,HEUNG-A LINE COLTD,HLHU6421960,40',45GP,,2,1,26HASL1134E,2026-09-29 01:42:04
수출,HEUNG-A JANICE,2633W,20260831,HASLK02260801601,HEUNG-A LINE COLTD,HLHU8306539,40',45GP,,2,1,26HASL1134E,2026-09-29 01:42:04
수출,HEUNG-A JANICE,2633W,20260831,HASLK02260801601,HEUNG-A LINE COLTD,HLHU8319808,40',45GP,,2,1,26HASL1134E,2026-09-29 01:42:04
수출,HEUNG-A JANICE,2633W,20260831,HASLK02260801601,HEUNG-A LINE COLTD,HLHU8377173,40',45GP,,2,1,26HASL1134E,2026-09-29 01:42:04
수출,HEUNG-A JANICE,2633W,20260831,HASLK02260801601,HEUNG-A LINE COLTD,HLHU8382082,40',45GP,,2,1,26HASL1134E,2026-09-29 01:42:04
수출,HEUNG-A JANICE,2633W,20260831,HASLK02260801601,HEUNG-A LINE COLTD,HLHU8405803,40',45GP,,2,1,26HASL1134E,2026-09-29 01:42:04
수출,HEUNG-A JANICE,2633W,20260831,HASLK02260801601,HEUNG-A LINE COLTD,HLHU8419453,40',45GP,,2,1,26HASL1134E,2026-09-29 01:42:04
수출,HEUNG-A JANICE,2633W,20260831,HASLK02260801601,HEUNG-A LINE COLTD,HLHU8437420,40',45GP,,2,1,26HASL1134E,2026-09-29 01:42:04
수출,HEUNG-A JANICE,2633W,20260831,HASLK02260801601,HEUNG-A LINE COLTD,HLHU8445724,40',45GP,,2,1,26HASL1134E,2026-09-29 01:42:04
수출,HEUNG-A JANICE,2633W,20260831,HASLK02260801601,HEUNG-A LINE COLTD,HLHU8511512,40',45GP,,2,1,26HASL1134E,2026-09-29 01:42:04
수출,HEUNG-A JANICE,2633W,20260831,HASLK02260801601,HEUNG-A LINE COLTD,HLHU8524839,40',45GP,,2,1,26HASL1134E,2026-09-29 01:42:04
수출,HEUNG-A JANICE,2633W,20260831,HASLK02260801601,HEUNG-A LINE COLTD,HLHU8534776,40',45GP,,2,1,26HASL1134E,2026-09-29 01:42:04
수출,HEUNG-A JANICE,2633W,20260831,HASLK02260801601,HEUNG-A LINE COLTD,SEKU4429907,40',45GP,,2,1,26HASL1134E,2026-09-29 01:42:04
수출,HEUNG-A JANICE,2633W,20260831,HASLK02260801601,HEUNG-A LINE COLTD,SKHU6308247,40',45GP,,2,1,26HASL1134E,2026-09-29 01:42:04
수출,HEUNG-A JANICE,2633W,20260831,HASLK02260801601,HEUNG-A LINE COLTD,SKHU6357004,40',45GP,,2,1,26HASL1134E,2026-09-29 01:42:04
수출,HEUNG-A JANICE,2633W,20260831,HASLK02260801601,HEUNG-A LINE COLTD,SKHU6376940,40',45GP,,2,1,26HASL1134E,2026-09-29 01:42:04
수출,HEUNG-A JANICE,2633W,20260831,HASLK02260801601,HEUNG-A LINE COLTD,SKHU6407002,40',45GP,,2,1,26HASL1134E,2026-09-29 01:42:04
수출,HEUNG-A JANICE,2633W,20260831,HASLK02260801601,HEUNG-A LINE COLTD,SKHU6531862,40',45GP,,2,1,26HASL1134E,2026-09-29 01:42:04
수출,HEUNG-A JANICE,2633W,20260831,HASLK02260801601,HEUNG-A LINE COLTD,SKHU9209079,40',45GP,,2,1,26HASL1134E,2026-09-29 01:42:04
수출,HEUNG-A JANICE,2633W,20260831,HASLK02260801601,HEUNG-A LINE COLTD,SKHU9310551,40',45GP,,2,1,26HASL1134E,2026-09-29 01:42:04
수출,HEUNG-A JANICE,2633W,20260831,HASLK02260801601,HEUNG-A LINE COLTD,SKHU9517507,40',45GP,,2,1,26HASL1134E,2026-09-29 01:42:04
수출,HEUNG-A JANICE,2633W,20260831,HASLK02260801601,HEUNG-A LINE COLTD,SKHU9611703,40',45GP,,2,1,26HASL1134E,2026-09-29 01:42:04
수출,HEUNG-A JANICE,2633W,20260831,HASLK02260801601,HEUNG-A LINE COLTD,TCNU5125048,40',45GP,,2,1,26HASL1134E,2026-09-29 01:42:04
수출,HEUNG-A JANICE,2633W,20260831,HASLK02260801601,HEUNG-A LINE COLTD,TCNU8709282,40',45GP,,2,1,26HASL1134E,2026-09-29 01:42:04
수출,HEUNG-A JANICE,2633W,20260831,HASLK02260801601,HEUNG-A LINE COLTD,TGBU4382904,40',45GP,,2,1,26HASL1134E,2026-09-29 01:42:04
수출,HEUNG-A JANICE,2633W,20260831,HASLR01260800152,AL PLUS GLOBAL FZCOUNIT NO 1901-A UPTOWN TOWER PLOT,SEGU1749230,20',22GP,,1,1,26HASL1134E,2026-09-29 01:42:04
수출,HONOR OCEAN,1076E,20260831,HASLC04260700276,DALIAN LIQINGSEN INTERNATIONAL     TRADING COLTD,HALU5684720,40',45GP,,2,1,26POBUEN76E,2026-09-29 01:42:04
수출,HONOR OCEAN,1076E,20260831,HASLC04260700276,DALIAN LIQINGSEN INTERNATIONAL     TRADING COLTD,HLHU8492705,40',45GP,,2,1,26POBUEN76E,2026-09-29 01:42:04
수출,HONOR OCEAN,1076E,20260831,HASLC04260700276,DALIAN LIQINGSEN INTERNATIONAL     TRADING COLTD,SEGU5418570,40',45GP,,2,1,26POBUEN76E,2026-09-29 01:42:04
수출,HONOR OCEAN,1076E,20260831,HASLC04260700276,DALIAN LIQINGSEN INTERNATIONAL     TRADING COLTD,SKHU9109824,40',45GP,,2,1,26POBUEN76E,2026-09-29 01:42:04
수출,HONOR OCEAN,1076E,20260831,HASLC04260700276,DALIAN LIQINGSEN INTERNATIONAL     TRADING COLTD,SKHU9523731,40',45GP,,2,1,26POBUEN76E,2026-09-29 01:42:04
수출,HONOR OCEAN,1076E,20260831,HASLK01260704939,KUKBO EXPRESS CO LTD7F SEOULSQUARE 416,SUTU2403618,20',22TN,,1,1,26POBUEN76E,2026-09-29 01:42:04
수출,HONOR OCEAN,1076E,20260831,HASLK01260706129,HANYOUNG SHIPPING CO LTD OB OF,KDCU9130782,20',22TN,,1,1,26POBUEN76E,2026-09-29 01:42:04
수출,HONOR OCEAN,1076E,20260831,HASLK01260706785,KOREA CONCEPT COLTD,NCCU1901611,20',22TN,,1,1,26POBUEN76E,2026-09-29 01:42:04
수출,HONOR OCEAN,1076E,20260831,HASLK01260706785,KOREA CONCEPT COLTD,TIFU1503180,20',22TN,,1,1,26POBUEN76E,2026-09-29 01:42:04
수출,HONOR OCEAN,1076E,20260831,HASLK01260706996,KENEX INTERNATIONAL INC OB OF,HLHU8301898,40',45GP,,2,1,26POBUEN76E,2026-09-29 01:42:04
수출,HONOR OCEAN,1076E,20260831,HASLK01260706996,KENEX INTERNATIONAL INC OB OF,HLHU8558736,40',45GP,,2,1,26POBUEN76E,2026-09-29 01:42:04
수출,HONOR OCEAN,1076E,20260831,HASLK01260800633,PANSTAR SEOUL BRANCH COLTD OB OF,HLHU8406991,40',45GP,,2,1,26POBUEN76E,2026-09-29 01:42:04
수출,HONOR OCEAN,1076E,20260831,HASLK01260800633,PANSTAR SEOUL BRANCH COLTD OB OF,HLHU8442704,40',45GP,,2,1,26POBUEN76E,2026-09-29 01:42:04
수출,HONOR OCEAN,1076E,20260831,HASLK01260800633,PANSTAR SEOUL BRANCH COLTD OB OF,SKHU8108567,40',45GP,,2,1,26POBUEN76E,2026-09-29 01:42:04
수출,HONOR OCEAN,1076E,20260831,HASLK01260800633,PANSTAR SEOUL BRANCH COLTD OB OF,SKHU8939323,40',45GP,,2,1,26POBUEN76E,2026-09-29 01:42:04
수출,HONOR OCEAN,1076E,20260831,HASLK01260801269,ISA COMPANY LIMITED OB OFSOJITZ KOREA CORPORATION,SEGU8064150,20',22TN,,1,1,26POBUEN76E,2026-09-29 01:42:04
수출,HONOR OCEAN,1076E,20260831,HASLK01260802235,BDP LOGISTICS KOREA13TH FLOOR ILJIN BUILDING 45,SKLU1201892,20',22GP,,1,1,26POBUEN76E,2026-09-29 01:42:04
수출,HONOR OCEAN,1076E,20260831,HASLK01260802245,SK CHEMICALS CO LTD310 PANGYORO BUNDANG-GU,HALU2075910,20',22GP,,1,1,26POBUEN76E,2026-09-29 01:42:04
수출,HONOR OCEAN,1076E,20260831,HASLK01260802245,SK CHEMICALS CO LTD310 PANGYORO BUNDANG-GU,HALU2509256,20',22GP,,1,1,26POBUEN76E,2026-09-29 01:42:04
수출,HONOR OCEAN,1076E,20260831,HASLK01260802245,SK CHEMICALS CO LTD310 PANGYORO BUNDANG-GU,SKLU1202055,20',22GP,,1,1,26POBUEN76E,2026-09-29 01:42:04
수출,HONOR OCEAN,1076E,20260831,HASLK01260802245,SK CHEMICALS CO LTD310 PANGYORO BUNDANG-GU,SKLU1666272,20',22GP,,1,1,26POBUEN76E,2026-09-29 01:42:04
수출,HONOR OCEAN,1076E,20260831,HASLK01260802245,SK CHEMICALS CO LTD310 PANGYORO BUNDANG-GU,SKLU2017642,20',22GP,,1,1,26POBUEN76E,2026-09-29 01:42:04
수출,HONOR OCEAN,1076E,20260831,HASLK01260802245,SK CHEMICALS CO LTD310 PANGYORO BUNDANG-GU,TCLU3472689,20',22GP,,1,1,26POBUEN76E,2026-09-29 01:42:04
수출,HONOR OCEAN,1076E,20260831,HASLK01260803699,LOTTE CHEMICAL CORPORATIONLOTTE WORLD TOWER 300 OLYMPIC-RO,SKLU1106107,20',22GP,,1,1,26POBUEN76E,2026-09-29 01:42:04
수출,HONOR OCEAN,1076E,20260831,HASLK01260804254,JAMES FORWARDING CORPJAMES BLDG76 STREET 7NONHYEONRO,GCXU2425521,20',22GP,,1,1,26POBUEN76E,2026-09-29 01:42:04
수출,HONOR OCEAN,1076E,20260831,HASLK01260804254,JAMES FORWARDING CORPJAMES BLDG76 STREET 7NONHYEONRO,HALU2101515,20',22GP,,1,1,26POBUEN76E,2026-09-29 01:42:04
수출,HONOR OCEAN,1076E,20260831,HASLK01260804254,JAMES FORWARDING CORPJAMES BLDG76 STREET 7NONHYEONRO,KMLU2800315,20',22GP,,1,1,26POBUEN76E,2026-09-29 01:42:04
수출,HONOR OCEAN,1076E,20260831,HASLK01260804254,JAMES FORWARDING CORPJAMES BLDG76 STREET 7NONHYEONRO,SKLU1945908,20',22GP,,1,1,26POBUEN76E,2026-09-29 01:42:04
수출,HONOR OCEAN,1076E,20260831,HASLK01260804254,JAMES FORWARDING CORPJAMES BLDG76 STREET 7NONHYEONRO,SKLU2071319,20',22GP,,1,1,26POBUEN76E,2026-09-29 01:42:04
수출,HONOR OCEAN,1076E,20260831,HASLK01260804255,JAMES FORWARDING CORPJAMES BLDG76 STREET 7NONHYEONRO,BEAU2995581,20',22GP,,1,1,26POBUEN76E,2026-09-29 01:42:04
수출,HONOR OCEAN,1076E,20260831,HASLK01260804255,JAMES FORWARDING CORPJAMES BLDG76 STREET 7NONHYEONRO,HALU2304148,20',22GP,,1,1,26POBUEN76E,2026-09-29 01:42:04
수출,HONOR OCEAN,1076E,20260831,HASLK01260804255,JAMES FORWARDING CORPJAMES BLDG76 STREET 7NONHYEONRO,SKLU1442694,20',22GP,,1,1,26POBUEN76E,2026-09-29 01:42:04
수출,HONOR OCEAN,1076E,20260831,HASLK01260804255,JAMES FORWARDING CORPJAMES BLDG76 STREET 7NONHYEONRO,SKLU1624615,20',22GP,,1,1,26POBUEN76E,2026-09-29 01:42:04
수출,HONOR OCEAN,1076E,20260831,HASLK01260804255,JAMES FORWARDING CORPJAMES BLDG76 STREET 7NONHYEONRO,SKLU2058512,20',22GP,,1,1,26POBUEN76E,2026-09-29 01:42:04
수출,HONOR OCEAN,1076E,20260831,HASLK01260804736,EZ KOREA LOGISTICS COLTDROOM 804 HANSHIN BLDG,HALU5659964,40',45GP,,2,1,26POBUEN76E,2026-09-29 01:42:04
수출,HONOR OCEAN,1076E,20260831,HASLK01260806613,ECOLAB KOREA LTD8F SONO TOWER 135 BEOBWON-RO,SKLU2411804,20',22GP,,1,1,26POBUEN76E,2026-09-29 01:42:04
수출,HONOR OCEAN,1076E,20260831,HASLK01260806614,ECOLAB KOREA LTD8F SONO TOWER 135 BEOBWON-RO,SKLU1303298,20',22GP,,1,1,26POBUEN76E,2026-09-29 01:42:04
수출,HONOR OCEAN,1076E,20260831,HASLK02260800347,GULF MARINE PTE LTD37 TUAS ROAD SINGAPORE 638503,SKLU1115881,20',22GP,,1,1,26POBUEN76E,2026-09-29 01:42:04
수출,HONOR OCEAN,1076E,20260831,HASLK02260801279,CTN WORLD CO LTD OB OFESAB CK CORP,HALU2431414,20',22GP,,1,1,26POBUEN76E,2026-09-29 01:42:04
수출,HONOR OCEAN,1076E,20260831,HASLS22260702161,FISHMEAL MARKETING DEVELOPMENT     COLTD 52 MOO 6 PRARAM 2 ROAD,CSLU1236020,20',22GP,,1,1,26POBUEN76E,2026-09-29 01:42:04
수출,HONOR OCEAN,1076E,20260831,HASLS22260702161,FISHMEAL MARKETING DEVELOPMENT     COLTD 52 MOO 6 PRARAM 2 ROAD,HALU2073497,20',22GP,,1,1,26POBUEN76E,2026-09-29 01:42:04
수출,HONOR OCEAN,1076E,20260831,HASLS22260702161,FISHMEAL MARKETING DEVELOPMENT     COLTD 52 MOO 6 PRARAM 2 ROAD,SKLU0405989,20',22GP,,1,1,26POBUEN76E,2026-09-29 01:42:04
수출,HONOR OCEAN,1076E,20260831,HASLS22260702161,FISHMEAL MARKETING DEVELOPMENT     COLTD 52 MOO 6 PRARAM 2 ROAD,SKLU0708970,20',22GP,,1,1,26POBUEN76E,2026-09-29 01:42:04
수출,HONOR OCEAN,1076E,20260831,HASLS22260702161,FISHMEAL MARKETING DEVELOPMENT     COLTD 52 MOO 6 PRARAM 2 ROAD,SKLU1105456,20',22GP,,1,1,26POBUEN76E,2026-09-29 01:42:04
수출,HONOR OCEAN,1076E,20260831,HASLS22260702161,FISHMEAL MARKETING DEVELOPMENT     COLTD 52 MOO 6 PRARAM 2 ROAD,SKLU1333604,20',22GP,,1,1,26POBUEN76E,2026-09-29 01:42:04
수출,HONOR OCEAN,1076E,20260831,HASLS22260702161,FISHMEAL MARKETING DEVELOPMENT     COLTD 52 MOO 6 PRARAM 2 ROAD,SKLU1422492,20',22GP,,1,1,26POBUEN76E,2026-09-29 01:42:04
수출,HONOR OCEAN,1076E,20260831,HASLS22260702161,FISHMEAL MARKETING DEVELOPMENT     COLTD 52 MOO 6 PRARAM 2 ROAD,SKLU1631018,20',22GP,,1,1,26POBUEN76E,2026-09-29 01:42:04
수출,HONOR OCEAN,1076E,20260831,HASLS22260702161,FISHMEAL MARKETING DEVELOPMENT     COLTD 52 MOO 6 PRARAM 2 ROAD,SKLU1938792,20',22GP,,1,1,26POBUEN76E,2026-09-29 01:42:04
수출,HONOR OCEAN,1076E,20260831,HASLS22260702161,FISHMEAL MARKETING DEVELOPMENT     COLTD 52 MOO 6 PRARAM 2 ROAD,SKLU1996361,20',22GP,,1,1,26POBUEN76E,2026-09-29 01:42:04
수출,HONOR OCEAN,1076E,20260831,HASLS50260800006,PT SINAR MAKMUR SEMARANG,HALU5655655,40',45GP,,2,1,26POBUEN76E,2026-09-29 01:42:04
수출,INCHEON VOYAGER,2607S,20260831,HASLK01260402959,DEN HARTOGH KOREA CO LTD,DHIU1575630,20',22TN,,1,1,26SNKO2892E,2026-09-29 01:42:04
수출,INCHEON VOYAGER,2607S,20260831,HASLK01260700301,KPIC CORPORATIONHOSUNG BUILDING39NAMDAEMUN-RO,BMOU5199474,40',45GP,,2,1,26SNKO2892E,2026-09-29 01:42:04
수출,INCHEON VOYAGER,2607S,20260831,HASLK01260700301,KPIC CORPORATIONHOSUNG BUILDING39NAMDAEMUN-RO,HLHU8521660,40',45GP,,2,1,26SNKO2892E,2026-09-29 01:42:04
수출,INCHEON VOYAGER,2607S,20260831,HASLK01260700301,KPIC CORPORATIONHOSUNG BUILDING39NAMDAEMUN-RO,HLHU8524783,40',45GP,,2,1,26SNKO2892E,2026-09-29 01:42:04
수출,INCHEON VOYAGER,2607S,20260831,HASLK01260700301,KPIC CORPORATIONHOSUNG BUILDING39NAMDAEMUN-RO,HLHU8544877,40',45GP,,2,1,26SNKO2892E,2026-09-29 01:42:04
수출,INCHEON VOYAGER,2607S,20260831,HASLK01260700301,KPIC CORPORATIONHOSUNG BUILDING39NAMDAEMUN-RO,SKHU6578319,40',45GP,,2,1,26SNKO2892E,2026-09-29 01:42:04
수출,INCHEON VOYAGER,2607S,20260831,HASLK01260701852,KPIC CORPORATIONHOSUNG BUILDING 39 NAMDAEMUN-RO,BMOU4303497,40',45GP,,2,1,26SNKO2892E,2026-09-29 01:42:04
수출,INCHEON VOYAGER,2607S,20260831,HASLK01260701852,KPIC CORPORATIONHOSUNG BUILDING 39 NAMDAEMUN-RO,BMOU5202330,40',45GP,,2,1,26SNKO2892E,2026-09-29 01:42:04
수출,INCHEON VOYAGER,2607S,20260831,HASLK01260701852,KPIC CORPORATIONHOSUNG BUILDING 39 NAMDAEMUN-RO,DFSU7472342,40',45GP,,2,1,26SNKO2892E,2026-09-29 01:42:04
수출,INCHEON VOYAGER,2607S,20260831,HASLK01260701852,KPIC CORPORATIONHOSUNG BUILDING 39 NAMDAEMUN-RO,DFSU7491867,40',45GP,,2,1,26SNKO2892E,2026-09-29 01:42:04
수출,INCHEON VOYAGER,2607S,20260831,HASLK01260701852,KPIC CORPORATIONHOSUNG BUILDING 39 NAMDAEMUN-RO,FSCU8572320,40',45GP,,2,1,26SNKO2892E,2026-09-29 01:42:04
수출,INCHEON VOYAGER,2607S,20260831,HASLK01260701852,KPIC CORPORATIONHOSUNG BUILDING 39 NAMDAEMUN-RO,FSCU8573409,40',45GP,,2,1,26SNKO2892E,2026-09-29 01:42:04
수출,INCHEON VOYAGER,2607S,20260831,HASLK01260701852,KPIC CORPORATIONHOSUNG BUILDING 39 NAMDAEMUN-RO,GCXU5067041,40',45GP,,2,1,26SNKO2892E,2026-09-29 01:42:04
수출,INCHEON VOYAGER,2607S,20260831,HASLK01260701852,KPIC CORPORATIONHOSUNG BUILDING 39 NAMDAEMUN-RO,HALU5666747,40',45GP,,2,1,26SNKO2892E,2026-09-29 01:42:04
수출,INCHEON VOYAGER,2607S,20260831,HASLK01260701852,KPIC CORPORATIONHOSUNG BUILDING 39 NAMDAEMUN-RO,HLHU6424949,40',45GP,,2,1,26SNKO2892E,2026-09-29 01:42:04
수출,INCHEON VOYAGER,2607S,20260831,HASLK01260701852,KPIC CORPORATIONHOSUNG BUILDING 39 NAMDAEMUN-RO,HLHU8314977,40',45GP,,2,1,26SNKO2892E,2026-09-29 01:42:04
수출,INCHEON VOYAGER,2607S,20260831,HASLK01260701852,KPIC CORPORATIONHOSUNG BUILDING 39 NAMDAEMUN-RO,HLHU8329750,40',45GP,,2,1,26SNKO2892E,2026-09-29 01:42:04
수출,INCHEON VOYAGER,2607S,20260831,HASLK01260701852,KPIC CORPORATIONHOSUNG BUILDING 39 NAMDAEMUN-RO,HLHU8428250,40',45GP,,2,1,26SNKO2892E,2026-09-29 01:42:04
수출,INCHEON VOYAGER,2607S,20260831,HASLK01260701852,KPIC CORPORATIONHOSUNG BUILDING 39 NAMDAEMUN-RO,HLHU8451049,40',45GP,,2,1,26SNKO2892E,2026-09-29 01:42:04
수출,INCHEON VOYAGER,2607S,20260831,HASLK01260701852,KPIC CORPORATIONHOSUNG BUILDING 39 NAMDAEMUN-RO,HLHU8459800,40',45GP,,2,1,26SNKO2892E,2026-09-29 01:42:04
수출,INCHEON VOYAGER,2607S,20260831,HASLK01260701852,KPIC CORPORATIONHOSUNG BUILDING 39 NAMDAEMUN-RO,HLHU8467030,40',45GP,,2,1,26SNKO2892E,2026-09-29 01:42:04
수출,INCHEON VOYAGER,2607S,20260831,HASLK01260701852,KPIC CORPORATIONHOSUNG BUILDING 39 NAMDAEMUN-RO,HLHU8479534,40',45GP,,2,1,26SNKO2892E,2026-09-29 01:42:04
수출,INCHEON VOYAGER,2607S,20260831,HASLK01260701852,KPIC CORPORATIONHOSUNG BUILDING 39 NAMDAEMUN-RO,HLHU8509773,40',45GP,,2,1,26SNKO2892E,2026-09-29 01:42:04
수출,INCHEON VOYAGER,2607S,20260831,HASLK01260701852,KPIC CORPORATIONHOSUNG BUILDING 39 NAMDAEMUN-RO,HLHU8510080,40',45GP,,2,1,26SNKO2892E,2026-09-29 01:42:04
수출,INCHEON VOYAGER,2607S,20260831,HASLK01260701852,KPIC CORPORATIONHOSUNG BUILDING 39 NAMDAEMUN-RO,HLHU8510584,40',45GP,,2,1,26SNKO2892E,2026-09-29 01:42:04
수출,INCHEON VOYAGER,2607S,20260831,HASLK01260701852,KPIC CORPORATIONHOSUNG BUILDING 39 NAMDAEMUN-RO,HLHU8510706,40',45GP,,2,1,26SNKO2892E,2026-09-29 01:42:04
수출,INCHEON VOYAGER,2607S,20260831,HASLK01260701852,KPIC CORPORATIONHOSUNG BUILDING 39 NAMDAEMUN-RO,HLHU8520303,40',45GP,,2,1,26SNKO2892E,2026-09-29 01:42:04
수출,INCHEON VOYAGER,2607S,20260831,HASLK01260701852,KPIC CORPORATIONHOSUNG BUILDING 39 NAMDAEMUN-RO,HLHU8548213,40',45GP,,2,1,26SNKO2892E,2026-09-29 01:42:04
수출,INCHEON VOYAGER,2607S,20260831,HASLK01260701852,KPIC CORPORATIONHOSUNG BUILDING 39 NAMDAEMUN-RO,HLHU8595447,40',45GP,,2,1,26SNKO2892E,2026-09-29 01:42:04
수출,INCHEON VOYAGER,2607S,20260831,HASLK01260701852,KPIC CORPORATIONHOSUNG BUILDING 39 NAMDAEMUN-RO,SEGU5473345,40',45GP,,2,1,26SNKO2892E,2026-09-29 01:42:04
수출,INCHEON VOYAGER,2607S,20260831,HASLK01260701852,KPIC CORPORATIONHOSUNG BUILDING 39 NAMDAEMUN-RO,SKHU6325687,40',45GP,,2,1,26SNKO2892E,2026-09-29 01:42:04
수출,INCHEON VOYAGER,2607S,20260831,HASLK01260701852,KPIC CORPORATIONHOSUNG BUILDING 39 NAMDAEMUN-RO,SKHU6362090,40',45GP,,2,1,26SNKO2892E,2026-09-29 01:42:04
수출,INCHEON VOYAGER,2607S,20260831,HASLK01260701852,KPIC CORPORATIONHOSUNG BUILDING 39 NAMDAEMUN-RO,SKHU6401051,40',45GP,,2,1,26SNKO2892E,2026-09-29 01:42:04
수출,INCHEON VOYAGER,2607S,20260831,HASLK01260701852,KPIC CORPORATIONHOSUNG BUILDING 39 NAMDAEMUN-RO,SKHU6438385,40',45GP,,2,1,26SNKO2892E,2026-09-29 01:42:04
수출,INCHEON VOYAGER,2607S,20260831,HASLK01260701852,KPIC CORPORATIONHOSUNG BUILDING 39 NAMDAEMUN-RO,SKHU6481566,40',45GP,,2,1,26SNKO2892E,2026-09-29 01:42:04
수출,INCHEON VOYAGER,2607S,20260831,HASLK01260701852,KPIC CORPORATIONHOSUNG BUILDING 39 NAMDAEMUN-RO,SKHU6551895,40',45GP,,2,1,26SNKO2892E,2026-09-29 01:42:04
수출,INCHEON VOYAGER,2607S,20260831,HASLK01260701852,KPIC CORPORATIONHOSUNG BUILDING 39 NAMDAEMUN-RO,SKHU6566283,40',45GP,,2,1,26SNKO2892E,2026-09-29 01:42:04
수출,INCHEON VOYAGER,2607S,20260831,HASLK01260701852,KPIC CORPORATIONHOSUNG BUILDING 39 NAMDAEMUN-RO,SKHU8120578,40',45GP,,2,1,26SNKO2892E,2026-09-29 01:42:04
수출,INCHEON VOYAGER,2607S,20260831,HASLK01260701852,KPIC CORPORATIONHOSUNG BUILDING 39 NAMDAEMUN-RO,SKHU8430830,40',45GP,,2,1,26SNKO2892E,2026-09-29 01:42:04
수출,INCHEON VOYAGER,2607S,20260831,HASLK01260701852,KPIC CORPORATIONHOSUNG BUILDING 39 NAMDAEMUN-RO,SKHU8713167,40',45GP,,2,1,26SNKO2892E,2026-09-29 01:42:04
수출,INCHEON VOYAGER,2607S,20260831,HASLK01260701852,KPIC CORPORATIONHOSUNG BUILDING 39 NAMDAEMUN-RO,SKHU8902324,40',45GP,,2,1,26SNKO2892E,2026-09-29 01:42:04
수출,INCHEON VOYAGER,2607S,20260831,HASLK01260701852,KPIC CORPORATIONHOSUNG BUILDING 39 NAMDAEMUN-RO,SKHU8928587,40',45GP,,2,1,26SNKO2892E,2026-09-29 01:42:04
수출,INCHEON VOYAGER,2607S,20260831,HASLK01260701852,KPIC CORPORATIONHOSUNG BUILDING 39 NAMDAEMUN-RO,SKHU8931301,40',45GP,,2,1,26SNKO2892E,2026-09-29 01:42:04
수출,INCHEON VOYAGER,2607S,20260831,HASLK01260701852,KPIC CORPORATIONHOSUNG BUILDING 39 NAMDAEMUN-RO,SKHU9529154,40',45GP,,2,1,26SNKO2892E,2026-09-29 01:42:04
수출,INCHEON VOYAGER,2607S,20260831,HASLK01260701852,KPIC CORPORATIONHOSUNG BUILDING 39 NAMDAEMUN-RO,SKHU9830384,40',45GP,,2,1,26SNKO2892E,2026-09-29 01:42:04
수출,INCHEON VOYAGER,2607S,20260831,HASLK01260701852,KPIC CORPORATIONHOSUNG BUILDING 39 NAMDAEMUN-RO,TEMU7232132,40',45GP,,2,1,26SNKO2892E,2026-09-29 01:42:04
수출,INCHEON VOYAGER,2607S,20260831,HASLK01260701852,KPIC CORPORATIONHOSUNG BUILDING 39 NAMDAEMUN-RO,TGBU4384738,40',45GP,,2,1,26SNKO2892E,2026-09-29 01:42:04
수출,INCHEON VOYAGER,2607S,20260831,HASLK01260707114,KPIC CORPORATIONHOSUNG BUILDING39NAMDAEMUN-RO,HLHU8433451,40',45GP,,2,1,26SNKO2892E,2026-09-29 01:42:04
수출,INCHEON VOYAGER,2607S,20260831,HASLK01260707114,KPIC CORPORATIONHOSUNG BUILDING39NAMDAEMUN-RO,SKHU6303477,40',45GP,,2,1,26SNKO2892E,2026-09-29 01:42:04
수출,INCHEON VOYAGER,2607S,20260831,HASLK01260707114,KPIC CORPORATIONHOSUNG BUILDING39NAMDAEMUN-RO,SKHU9822732,40',45GP,,2,1,26SNKO2892E,2026-09-29 01:42:04
수출,INCHEON VOYAGER,2607S,20260831,HASLK01260707116,KPIC CORPORATIONHOSUNG BUILDING39NAMDAEMUN-RO,HLHU8356817,40',45GP,,2,1,26SNKO2892E,2026-09-29 01:42:04
수출,INCHEON VOYAGER,2607S,20260831,HASLK01260707116,KPIC CORPORATIONHOSUNG BUILDING39NAMDAEMUN-RO,HLHU8404793,40',45GP,,2,1,26SNKO2892E,2026-09-29 01:42:04
수출,INCHEON VOYAGER,2607S,20260831,HASLK01260707116,KPIC CORPORATIONHOSUNG BUILDING39NAMDAEMUN-RO,HLHU8488710,40',45GP,,2,1,26SNKO2892E,2026-09-29 01:42:04
수출,INCHEON VOYAGER,2607S,20260831,HASLK01260707116,KPIC CORPORATIONHOSUNG BUILDING39NAMDAEMUN-RO,SKHU6363985,40',45GP,,2,1,26SNKO2892E,2026-09-29 01:42:04
수출,INCHEON VOYAGER,2607S,20260831,HASLK01260707116,KPIC CORPORATIONHOSUNG BUILDING39NAMDAEMUN-RO,SKHU6374927,40',45GP,,2,1,26SNKO2892E,2026-09-29 01:42:04
수출,INCHEON VOYAGER,2607S,20260831,HASLK01260707116,KPIC CORPORATIONHOSUNG BUILDING39NAMDAEMUN-RO,SKHU6479403,40',45GP,,2,1,26SNKO2892E,2026-09-29 01:42:04
수출,INCHEON VOYAGER,2607S,20260831,HASLK01260710240,KPIC CORPORATIONHOSUNG BUILDING 39 NAMDAEMUN-RO,BMOU5190142,40',45GP,,2,1,26SNKO2892E,2026-09-29 01:42:04
수출,INCHEON VOYAGER,2607S,20260831,HASLK01260710240,KPIC CORPORATIONHOSUNG BUILDING 39 NAMDAEMUN-RO,HLHU8457664,40',45GP,,2,1,26SNKO2892E,2026-09-29 01:42:04
수출,INCHEON VOYAGER,2607S,20260831,HASLK01260710240,KPIC CORPORATIONHOSUNG BUILDING 39 NAMDAEMUN-RO,SKHU8121337,40',45GP,,2,1,26SNKO2892E,2026-09-29 01:42:04
수출,INCHEON VOYAGER,2607S,20260831,HASLK01260710240,KPIC CORPORATIONHOSUNG BUILDING 39 NAMDAEMUN-RO,SKHU8907861,40',45GP,,2,1,26SNKO2892E,2026-09-29 01:42:04
수출,INCHEON VOYAGER,2607S,20260831,HASLK01260710240,KPIC CORPORATIONHOSUNG BUILDING 39 NAMDAEMUN-RO,SKHU9323230,40',45GP,,2,1,26SNKO2892E,2026-09-29 01:42:04
수출,INCHEON VOYAGER,2607S,20260831,HASLK01260710240,KPIC CORPORATIONHOSUNG BUILDING 39 NAMDAEMUN-RO,SKHU9803460,40',45GP,,2,1,26SNKO2892E,2026-09-29 01:42:04
수출,INCHEON VOYAGER,2607S,20260831,HASLK01260710240,KPIC CORPORATIONHOSUNG BUILDING 39 NAMDAEMUN-RO,TCNU4450721,40',45GP,,2,1,26SNKO2892E,2026-09-29 01:42:04
수출,INCHEON VOYAGER,2607S,20260831,HASLK01260710240,KPIC CORPORATIONHOSUNG BUILDING 39 NAMDAEMUN-RO,TCNU5678640,40',45GP,,2,1,26SNKO2892E,2026-09-29 01:42:04
수출,INCHEON VOYAGER,2607S,20260831,HASLK01260800461,H SULPHUR CORP10 EONJU-RO 165-GIL GANGNAM-GU,DFSU1931700,20',22GP,,1,1,26SNKO2892E,2026-09-29 01:42:04
수출,INCHEON VOYAGER,2607S,20260831,HASLK01260800461,H SULPHUR CORP10 EONJU-RO 165-GIL GANGNAM-GU,DFSU3103393,20',22GP,,1,1,26SNKO2892E,2026-09-29 01:42:04
수출,INCHEON VOYAGER,2607S,20260831,HASLK01260800461,H SULPHUR CORP10 EONJU-RO 165-GIL GANGNAM-GU,DFSU3119635,20',22GP,,1,1,26SNKO2892E,2026-09-29 01:42:04
수출,INCHEON VOYAGER,2607S,20260831,HASLK01260800461,H SULPHUR CORP10 EONJU-RO 165-GIL GANGNAM-GU,SKLU0407425,20',22GP,,1,1,26SNKO2892E,2026-09-29 01:42:04
수출,INCHEON VOYAGER,2607S,20260831,HASLK01260800461,H SULPHUR CORP10 EONJU-RO 165-GIL GANGNAM-GU,SKLU0702014,20',22GP,,1,1,26SNKO2892E,2026-09-29 01:42:04
수출,INCHEON VOYAGER,2607S,20260831,HASLK01260800461,H SULPHUR CORP10 EONJU-RO 165-GIL GANGNAM-GU,SKLU1205199,20',22GP,,1,1,26SNKO2892E,2026-09-29 01:42:04
수출,INCHEON VOYAGER,2607S,20260831,HASLK01260800461,H SULPHUR CORP10 EONJU-RO 165-GIL GANGNAM-GU,SKLU1303003,20',22GP,,1,1,26SNKO2892E,2026-09-29 01:42:04
수출,INCHEON VOYAGER,2607S,20260831,HASLK01260800461,H SULPHUR CORP10 EONJU-RO 165-GIL GANGNAM-GU,SKLU1317054,20',22GP,,1,1,26SNKO2892E,2026-09-29 01:42:04
수출,INCHEON VOYAGER,2607S,20260831,HASLK01260800461,H SULPHUR CORP10 EONJU-RO 165-GIL GANGNAM-GU,SKLU1404740,20',22GP,,1,1,26SNKO2892E,2026-09-29 01:42:04
수출,INCHEON VOYAGER,2607S,20260831,HASLK01260800461,H SULPHUR CORP10 EONJU-RO 165-GIL GANGNAM-GU,SKLU1406911,20',22GP,,1,1,26SNKO2892E,2026-09-29 01:42:04
수출,INCHEON VOYAGER,2607S,20260831,HASLK01260800461,H SULPHUR CORP10 EONJU-RO 165-GIL GANGNAM-GU,SKLU1429990,20',22GP,,1,1,26SNKO2892E,2026-09-29 01:42:04
수출,INCHEON VOYAGER,2607S,20260831,HASLK01260800461,H SULPHUR CORP10 EONJU-RO 165-GIL GANGNAM-GU,SKLU1519918,20',22GP,,1,1,26SNKO2892E,2026-09-29 01:42:04
수출,INCHEON VOYAGER,2607S,20260831,HASLK01260800461,H SULPHUR CORP10 EONJU-RO 165-GIL GANGNAM-GU,SKLU1633181,20',22GP,,1,1,26SNKO2892E,2026-09-29 01:42:04
수출,INCHEON VOYAGER,2607S,20260831,HASLK01260800461,H SULPHUR CORP10 EONJU-RO 165-GIL GANGNAM-GU,SKLU2110210,20',22GP,,1,1,26SNKO2892E,2026-09-29 01:42:04
수출,INCHEON VOYAGER,2607S,20260831,HASLK01260800461,H SULPHUR CORP10 EONJU-RO 165-GIL GANGNAM-GU,SKLU2121718,20',22GP,,1,1,26SNKO2892E,2026-09-29 01:42:04
수출,INCHEON VOYAGER,2607S,20260831,HASLK01260800461,H SULPHUR CORP10 EONJU-RO 165-GIL GANGNAM-GU,SKLU2337646,20',22GP,,1,1,26SNKO2892E,2026-09-29 01:42:04
수출,INCHEON VOYAGER,2607S,20260831,HASLK01260800461,H SULPHUR CORP10 EONJU-RO 165-GIL GANGNAM-GU,SKLU2464430,20',22GP,,1,1,26SNKO2892E,2026-09-29 01:42:04
수출,INCHEON VOYAGER,2607S,20260831,HASLK01260800461,H SULPHUR CORP10 EONJU-RO 165-GIL GANGNAM-GU,SKLU3508240,20',22GP,,1,1,26SNKO2892E,2026-09-29 01:42:04
수출,INCHEON VOYAGER,2607S,20260831,HASLK01260800461,H SULPHUR CORP10 EONJU-RO 165-GIL GANGNAM-GU,SKLU3512553,20',22GP,,1,1,26SNKO2892E,2026-09-29 01:42:04
수출,INCHEON VOYAGER,2607S,20260831,HASLK01260800461,H SULPHUR CORP10 EONJU-RO 165-GIL GANGNAM-GU,TEMU1549515,20',22GP,,1,1,26SNKO2892E,2026-09-29 01:42:04
수출,INCHEON VOYAGER,2607S,20260831,HASLK01260800461,H SULPHUR CORP10 EONJU-RO 165-GIL GANGNAM-GU,TRHU2333925,20',22GP,,1,1,26SNKO2892E,2026-09-29 01:42:04
수출,INCHEON VOYAGER,2607S,20260831,HASLK01260802593,FOOSUNG CO LTD6FL 48 DOLMA-RO BUNDANG-GU,KTCU0118257,20',22TN,,1,1,26SNKO2892E,2026-09-29 01:42:04
수출,INCHEON VOYAGER,2607S,20260831,HASLK01260803099,WORLDROAD EXPRESS COLTD,FBIU0235739,20',22GP,,1,1,26SNKO2892E,2026-09-29 01:42:04
수출,INCHEON VOYAGER,2607S,20260831,HASLK01260803497,ULSAN PP CO LTD20 SINHANG RO 716BEON GIL,HALU2453563,20',22GP,,1,1,26SNKO2892E,2026-09-29 01:42:04
수출,INCHEON VOYAGER,2607S,20260831,HASLK01260803497,ULSAN PP CO LTD20 SINHANG RO 716BEON GIL,HALU2543625,20',22GP,,1,1,26SNKO2892E,2026-09-29 01:42:04
수출,INCHEON VOYAGER,2607S,20260831,HASLK01260803497,ULSAN PP CO LTD20 SINHANG RO 716BEON GIL,SKLU1503824,20',22GP,,1,1,26SNKO2892E,2026-09-29 01:42:04
수출,INCHEON VOYAGER,2607S,20260831,HASLK01260803497,ULSAN PP CO LTD20 SINHANG RO 716BEON GIL,SKLU1900776,20',22GP,,1,1,26SNKO2892E,2026-09-29 01:42:04
수출,INCHEON VOYAGER,2607S,20260831,HASLK02260800097,LS MNM INC15FL LS YONGSAN TOWER 92,HALU2518052,20',22GP,,1,1,26SNKO2892E,2026-09-29 01:42:04
수출,INCHEON VOYAGER,2607S,20260831,HASLK02260800097,LS MNM INC15FL LS YONGSAN TOWER 92,HALU2560279,20',22GP,,1,1,26SNKO2892E,2026-09-29 01:42:04
수출,INCHEON VOYAGER,2607S,20260831,HASLK02260800097,LS MNM INC15FL LS YONGSAN TOWER 92,SKLU1407707,20',22GP,,1,1,26SNKO2892E,2026-09-29 01:42:04
수출,INCHEON VOYAGER,2607S,20260831,HASLK02260800097,LS MNM INC15FL LS YONGSAN TOWER 92,SKLU1437487,20',22GP,,1,1,26SNKO2892E,2026-09-29 01:42:04
수출,INCHEON VOYAGER,2607S,20260831,HASLK02260800097,LS MNM INC15FL LS YONGSAN TOWER 92,SKLU1666441,20',22GP,,1,1,26SNKO2892E,2026-09-29 01:42:04
수출,INCHEON VOYAGER,2607S,20260831,HASLK02260800097,LS MNM INC15FL LS YONGSAN TOWER 92,SKLU1963645,20',22GP,,1,1,26SNKO2892E,2026-09-29 01:42:04
수출,INCHEON VOYAGER,2607S,20260831,HASLK02260800097,LS MNM INC15FL LS YONGSAN TOWER 92,SKLU2075865,20',22GP,,1,1,26SNKO2892E,2026-09-29 01:42:04
수출,INCHEON VOYAGER,2607S,20260831,HASLK02260800097,LS MNM INC15FL LS YONGSAN TOWER 92,SKLU2077512,20',22GP,,1,1,26SNKO2892E,2026-09-29 01:42:04
수출,INCHEON VOYAGER,2607S,20260831,HASLK02260800097,LS MNM INC15FL LS YONGSAN TOWER 92,SKLU2331587,20',22GP,,1,1,26SNKO2892E,2026-09-29 01:42:04
수출,INCHEON VOYAGER,2607S,20260831,HASLK02260800097,LS MNM INC15FL LS YONGSAN TOWER 92,SKLU2485200,20',22GP,,1,1,26SNKO2892E,2026-09-29 01:42:04
수출,INCHEON VOYAGER,2607S,20260831,HASLK02260800410,LS MNM INC15FL LS YONGSAN TOWER 92,FCIU5790757,20',22GP,,1,1,26SNKO2892E,2026-09-29 01:42:04
수출,INCHEON VOYAGER,2607S,20260831,HASLK02260800410,LS MNM INC15FL LS YONGSAN TOWER 92,HALU2040770,20',22GP,,1,1,26SNKO2892E,2026-09-29 01:42:04
수출,INCHEON VOYAGER,2607S,20260831,HASLK02260800410,LS MNM INC15FL LS YONGSAN TOWER 92,HALU2439689,20',22GP,,1,1,26SNKO2892E,2026-09-29 01:42:04
수출,INCHEON VOYAGER,2607S,20260831,HASLK02260800410,LS MNM INC15FL LS YONGSAN TOWER 92,HALU2560788,20',22GP,,1,1,26SNKO2892E,2026-09-29 01:42:04
수출,INCHEON VOYAGER,2607S,20260831,HASLK02260800410,LS MNM INC15FL LS YONGSAN TOWER 92,HALU2563241,20',22GP,,1,1,26SNKO2892E,2026-09-29 01:42:04
수출,INCHEON VOYAGER,2607S,20260831,HASLK02260800410,LS MNM INC15FL LS YONGSAN TOWER 92,SKLU1327920,20',22GP,,1,1,26SNKO2892E,2026-09-29 01:42:04
수출,INCHEON VOYAGER,2607S,20260831,HASLK02260800410,LS MNM INC15FL LS YONGSAN TOWER 92,SKLU1433291,20',22GP,,1,1,26SNKO2892E,2026-09-29 01:42:04
수출,INCHEON VOYAGER,2607S,20260831,HASLK02260800410,LS MNM INC15FL LS YONGSAN TOWER 92,SKLU1603823,20',22GP,,1,1,26SNKO2892E,2026-09-29 01:42:04
수출,INCHEON VOYAGER,2607S,20260831,HASLK02260800410,LS MNM INC15FL LS YONGSAN TOWER 92,SKLU1643554,20',22GP,,1,1,26SNKO2892E,2026-09-29 01:42:04
수출,INCHEON VOYAGER,2607S,20260831,HASLK02260800410,LS MNM INC15FL LS YONGSAN TOWER 92,SKLU1906901,20',22GP,,1,1,26SNKO2892E,2026-09-29 01:42:04
수출,INCHEON VOYAGER,2607S,20260831,HASLK02260800410,LS MNM INC15FL LS YONGSAN TOWER 92,SKLU1907106,20',22GP,,1,1,26SNKO2892E,2026-09-29 01:42:04
수출,INCHEON VOYAGER,2607S,20260831,HASLK02260800410,LS MNM INC15FL LS YONGSAN TOWER 92,SKLU1980323,20',22GP,,1,1,26SNKO2892E,2026-09-29 01:42:04
수출,INCHEON VOYAGER,2607S,20260831,HASLK02260800410,LS MNM INC15FL LS YONGSAN TOWER 92,SKLU2028204,20',22GP,,1,1,26SNKO2892E,2026-09-29 01:42:04
수출,INCHEON VOYAGER,2607S,20260831,HASLK02260800410,LS MNM INC15FL LS YONGSAN TOWER 92,SKLU2329574,20',22GP,,1,1,26SNKO2892E,2026-09-29 01:42:04
수출,INCHEON VOYAGER,2607S,20260831,HASLK02260800410,LS MNM INC15FL LS YONGSAN TOWER 92,SKLU2413469,20',22GP,,1,1,26SNKO2892E,2026-09-29 01:42:04
수출,INCHEON VOYAGER,2607S,20260831,HASLK02260800411,LS MNM INC15FL LS YONGSAN TOWER 92,HALU2329212,20',22GP,,1,1,26SNKO2892E,2026-09-29 01:42:04
수출,INCHEON VOYAGER,2607S,20260831,HASLK02260800411,LS MNM INC15FL LS YONGSAN TOWER 92,HALU2332453,20',22GP,,1,1,26SNKO2892E,2026-09-29 01:42:04
수출,INCHEON VOYAGER,2607S,20260831,HASLK02260800411,LS MNM INC15FL LS YONGSAN TOWER 92,HALU2348763,20',22GP,,1,1,26SNKO2892E,2026-09-29 01:42:04
수출,INCHEON VOYAGER,2607S,20260831,HASLK02260800411,LS MNM INC15FL LS YONGSAN TOWER 92,HALU2408203,20',22GP,,1,1,26SNKO2892E,2026-09-29 01:42:04
수출,INCHEON VOYAGER,2607S,20260831,HASLK02260800411,LS MNM INC15FL LS YONGSAN TOWER 92,HALU2556047,20',22GP,,1,1,26SNKO2892E,2026-09-29 01:42:04
수출,INCHEON VOYAGER,2607S,20260831,HASLK02260800411,LS MNM INC15FL LS YONGSAN TOWER 92,HALU2558728,20',22GP,,1,1,26SNKO2892E,2026-09-29 01:42:04
수출,INCHEON VOYAGER,2607S,20260831,HASLK02260800411,LS MNM INC15FL LS YONGSAN TOWER 92,HALU2563133,20',22GP,,1,1,26SNKO2892E,2026-09-29 01:42:04
수출,INCHEON VOYAGER,2607S,20260831,HASLK02260800411,LS MNM INC15FL LS YONGSAN TOWER 92,SKLU1589622,20',22GP,,1,1,26SNKO2892E,2026-09-29 01:42:04
수출,INCHEON VOYAGER,2607S,20260831,HASLK02260800411,LS MNM INC15FL LS YONGSAN TOWER 92,SKLU1906917,20',22GP,,1,1,26SNKO2892E,2026-09-29 01:42:04
수출,INCHEON VOYAGER,2607S,20260831,HASLK02260800411,LS MNM INC15FL LS YONGSAN TOWER 92,SKLU2476765,20',22GP,,1,1,26SNKO2892E,2026-09-29 01:42:04
수출,INCHEON VOYAGER,2607S,20260831,HASLK02260800412,LS MNM INC15FL LS YONGSAN TOWER 92,HALU2102110,20',22GP,,1,1,26SNKO2892E,2026-09-29 01:42:04
수출,INCHEON VOYAGER,2607S,20260831,HASLK02260800412,LS MNM INC15FL LS YONGSAN TOWER 92,HALU2402139,20',22GP,,1,1,26SNKO2892E,2026-09-29 01:42:04
수출,INCHEON VOYAGER,2607S,20260831,HASLK02260800412,LS MNM INC15FL LS YONGSAN TOWER 92,HALU2419126,20',22GP,,1,1,26SNKO2892E,2026-09-29 01:42:04
수출,INCHEON VOYAGER,2607S,20260831,HASLK02260800412,LS MNM INC15FL LS YONGSAN TOWER 92,HALU2439565,20',22GP,,1,1,26SNKO2892E,2026-09-29 01:42:04
수출,INCHEON VOYAGER,2607S,20260831,HASLK02260800412,LS MNM INC15FL LS YONGSAN TOWER 92,HALU2524883,20',22GP,,1,1,26SNKO2892E,2026-09-29 01:42:04
수출,INCHEON VOYAGER,2607S,20260831,HASLK02260800412,LS MNM INC15FL LS YONGSAN TOWER 92,HALU2569002,20',22GP,,1,1,26SNKO2892E,2026-09-29 01:42:04
수출,INCHEON VOYAGER,2607S,20260831,HASLK02260800412,LS MNM INC15FL LS YONGSAN TOWER 92,SKLU1422358,20',22GP,,1,1,26SNKO2892E,2026-09-29 01:42:04
수출,INCHEON VOYAGER,2607S,20260831,HASLK02260800412,LS MNM INC15FL LS YONGSAN TOWER 92,SKLU1424860,20',22GP,,1,1,26SNKO2892E,2026-09-29 01:42:04
수출,INCHEON VOYAGER,2607S,20260831,HASLK02260800412,LS MNM INC15FL LS YONGSAN TOWER 92,SKLU1604882,20',22GP,,1,1,26SNKO2892E,2026-09-29 01:42:04
수출,INCHEON VOYAGER,2607S,20260831,HASLK02260800412,LS MNM INC15FL LS YONGSAN TOWER 92,SKLU2000819,20',22GP,,1,1,26SNKO2892E,2026-09-29 01:42:04
수출,INCHEON VOYAGER,2607S,20260831,HASLK02260800412,LS MNM INC15FL LS YONGSAN TOWER 92,SKLU2037910,20',22GP,,1,1,26SNKO2892E,2026-09-29 01:42:04
수출,INCHEON VOYAGER,2607S,20260831,HASLK02260800412,LS MNM INC15FL LS YONGSAN TOWER 92,SKLU2349061,20',22GP,,1,1,26SNKO2892E,2026-09-29 01:42:04
수출,INCHEON VOYAGER,2607S,20260831,HASLK02260800412,LS MNM INC15FL LS YONGSAN TOWER 92,TCKU2081147,20',22GP,,1,1,26SNKO2892E,2026-09-29 01:42:04
수출,INCHEON VOYAGER,2607S,20260831,HASLK02260800412,LS MNM INC15FL LS YONGSAN TOWER 92,TEMU2255900,20',22GP,,1,1,26SNKO2892E,2026-09-29 01:42:04
수출,INCHEON VOYAGER,2607S,20260831,HASLK02260800412,LS MNM INC15FL LS YONGSAN TOWER 92,TRHU3271155,20',22GP,,1,1,26SNKO2892E,2026-09-29 01:42:04
수출,INCHEON VOYAGER,2607S,20260831,HASLK02260800413,LS MNM INC15FL LS YONGSAN TOWER 92,FCIU4712446,20',22GP,,1,1,26SNKO2892E,2026-09-29 01:42:04
수출,INCHEON VOYAGER,2607S,20260831,HASLK02260800413,LS MNM INC15FL LS YONGSAN TOWER 92,HALU2077893,20',22GP,,1,1,26SNKO2892E,2026-09-29 01:42:04
수출,INCHEON VOYAGER,2607S,20260831,HASLK02260800413,LS MNM INC15FL LS YONGSAN TOWER 92,HALU2470880,20',22GP,,1,1,26SNKO2892E,2026-09-29 01:42:04
수출,INCHEON VOYAGER,2607S,20260831,HASLK02260800413,LS MNM INC15FL LS YONGSAN TOWER 92,SKLU0702565,20',22GP,,1,1,26SNKO2892E,2026-09-29 01:42:04
수출,INCHEON VOYAGER,2607S,20260831,HASLK02260800413,LS MNM INC15FL LS YONGSAN TOWER 92,SKLU0712368,20',22GP,,1,1,26SNKO2892E,2026-09-29 01:42:04
수출,INCHEON VOYAGER,2607S,20260831,HASLK02260800413,LS MNM INC15FL LS YONGSAN TOWER 92,SKLU1557749,20',22GP,,1,1,26SNKO2892E,2026-09-29 01:42:04
수출,INCHEON VOYAGER,2607S,20260831,HASLK02260800413,LS MNM INC15FL LS YONGSAN TOWER 92,SKLU2014290,20',22GP,,1,1,26SNKO2892E,2026-09-29 01:42:04
수출,INCHEON VOYAGER,2607S,20260831,HASLK02260800413,LS MNM INC15FL LS YONGSAN TOWER 92,SKLU2106966,20',22GP,,1,1,26SNKO2892E,2026-09-29 01:42:04
수출,INCHEON VOYAGER,2607S,20260831,HASLK02260800413,LS MNM INC15FL LS YONGSAN TOWER 92,SKLU2320915,20',22GP,,1,1,26SNKO2892E,2026-09-29 01:42:04
수출,INCHEON VOYAGER,2607S,20260831,HASLK02260800413,LS MNM INC15FL LS YONGSAN TOWER 92,TEMU1216751,20',22GP,,1,1,26SNKO2892E,2026-09-29 01:42:04
수출,INCHEON VOYAGER,2607S,20260831,HASLK02260800414,LS MNM INC15FL LS YONGSAN TOWER 92,FCIU6059032,20',22GP,,1,1,26SNKO2892E,2026-09-29 01:42:04
수출,INCHEON VOYAGER,2607S,20260831,HASLK02260800414,LS MNM INC15FL LS YONGSAN TOWER 92,HALU2416770,20',22GP,,1,1,26SNKO2892E,2026-09-29 01:42:04
수출,INCHEON VOYAGER,2607S,20260831,HASLK02260800414,LS MNM INC15FL LS YONGSAN TOWER 92,HALU2422644,20',22GP,,1,1,26SNKO2892E,2026-09-29 01:42:04
수출,INCHEON VOYAGER,2607S,20260831,HASLK02260800414,LS MNM INC15FL LS YONGSAN TOWER 92,HALU2527080,20',22GP,,1,1,26SNKO2892E,2026-09-29 01:42:04
수출,INCHEON VOYAGER,2607S,20260831,HASLK02260800414,LS MNM INC15FL LS YONGSAN TOWER 92,HALU2546115,20',22GP,,1,1,26SNKO2892E,2026-09-29 01:42:04
수출,INCHEON VOYAGER,2607S,20260831,HASLK02260800414,LS MNM INC15FL LS YONGSAN TOWER 92,SKLU0544541,20',22GP,,1,1,26SNKO2892E,2026-09-29 01:42:04
수출,INCHEON VOYAGER,2607S,20260831,HASLK02260800414,LS MNM INC15FL LS YONGSAN TOWER 92,SKLU1314060,20',22GP,,1,1,26SNKO2892E,2026-09-29 01:42:04
수출,INCHEON VOYAGER,2607S,20260831,HASLK02260800414,LS MNM INC15FL LS YONGSAN TOWER 92,SKLU1556911,20',22GP,,1,1,26SNKO2892E,2026-09-29 01:42:04
수출,INCHEON VOYAGER,2607S,20260831,HASLK02260800414,LS MNM INC15FL LS YONGSAN TOWER 92,SKLU1570437,20',22GP,,1,1,26SNKO2892E,2026-09-29 01:42:04
수출,INCHEON VOYAGER,2607S,20260831,HASLK02260800414,LS MNM INC15FL LS YONGSAN TOWER 92,SKLU1664541,20',22GP,,1,1,26SNKO2892E,2026-09-29 01:42:04
수출,INCHEON VOYAGER,2607S,20260831,HASLK02260800414,LS MNM INC15FL LS YONGSAN TOWER 92,SKLU1961025,20',22GP,,1,1,26SNKO2892E,2026-09-29 01:42:04
수출,INCHEON VOYAGER,2607S,20260831,HASLK02260800414,LS MNM INC15FL LS YONGSAN TOWER 92,SKLU2037850,20',22GP,,1,1,26SNKO2892E,2026-09-29 01:42:04
수출,INCHEON VOYAGER,2607S,20260831,HASLK02260800414,LS MNM INC15FL LS YONGSAN TOWER 92,SKLU2120711,20',22GP,,1,1,26SNKO2892E,2026-09-29 01:42:04
수출,INCHEON VOYAGER,2607S,20260831,HASLK02260800414,LS MNM INC15FL LS YONGSAN TOWER 92,SKLU2315122,20',22GP,,1,1,26SNKO2892E,2026-09-29 01:42:04
수출,INCHEON VOYAGER,2607S,20260831,HASLK02260800414,LS MNM INC15FL LS YONGSAN TOWER 92,TGCU2412351,20',22GP,,1,1,26SNKO2892E,2026-09-29 01:42:04
수출,INCHEON VOYAGER,2607S,20260831,HASLJ01260800338,TOSOH CORPORATION,SZLU2021812,20',22RE,,1,1,26SNKO2874E,2026-09-29 01:42:04
수출,INCHEON VOYAGER,2607S,20260831,HASLJ01260800338,TOSOH CORPORATION,SZLU2021896,20',22RE,,1,1,26SNKO2874E,2026-09-29 01:42:04
수출,INCHEON VOYAGER,2607S,20260831,HASLJ01260800338,TOSOH CORPORATION,SZLU3802390,20',22RE,,1,1,26SNKO2874E,2026-09-29 01:42:04
수출,INCHEON VOYAGER,2607S,20260831,HASLJ01260800338,TOSOH CORPORATION,TRIU6669660,20',22RE,,1,1,26SNKO2874E,2026-09-29 01:42:04
수출,INCHEON VOYAGER,2607S,20260831,HASLJ01260800338,TOSOH CORPORATION,TRIU6711230,20',22RE,,1,1,26SNKO2874E,2026-09-29 01:42:04
수출,INCHEON VOYAGER,2607S,20260831,HASLK01260702912,HL HOLDINGS CORPORATION6F SIGMA TOWER 289 OLYMPIC-RO,SKLU2029089,20',22GP,,1,1,26SNKO2874E,2026-09-29 01:42:04
수출,INCHEON VOYAGER,2607S,20260831,HASLK01260707297,UNI-TRANS LINE COLTD  OB OFKCC CORPORATION,KMCU2912113,20',22TN,,1,1,26SNKO2874E,2026-09-29 01:42:04
수출,INCHEON VOYAGER,2607S,20260831,HASLK01260708145,TAEWOONG LOGISTICS COLTD OB OFKCC CORPORATION,KDCU8140385,20',22TN,,1,1,26SNKO2874E,2026-09-29 01:42:04
수출,INCHEON VOYAGER,2607S,20260831,HASLK01260708146,TAEWOONG LOGISTICS COLTD OB OFKCC CORPORATION,KDCU8140359,20',22TN,,1,1,26SNKO2874E,2026-09-29 01:42:04
수출,INCHEON VOYAGER,2607S,20260831,HASLK01260801804,ONE CIRCLE LOGISTICS CO LTD1403 21 YANGPYEONG-RO 22-GIL,CXDU1667874,40',45GP,,2,1,26SNKO2874E,2026-09-29 01:42:04
수출,INCHEON VOYAGER,2607S,20260831,HASLK01260802229,HANVAL INC13TH FLOOR KSCFC BUILDING 395-70,HALU2306958,20',22GP,,1,1,26SNKO2874E,2026-09-29 01:42:04
수출,INCHEON VOYAGER,2607S,20260831,HASLK01260802519,MOLAX LINE OB OF- AS PER ATTACHED RIDER -,HLHU8419849,40',45GP,,2,1,26SNKO2874E,2026-09-29 01:42:04
수출,INCHEON VOYAGER,2607S,20260831,HASLK01260802575,YUPOONG INC,HALU2570132,20',22GP,,1,1,26SNKO2874E,2026-09-29 01:42:04
수출,INCHEON VOYAGER,2607S,20260831,HASLK01260802678,UKKO CORPORATION2F-1 NO15 LN 360 SEC1 NEIHU,HALU2551298,20',22GP,,1,1,26SNKO2874E,2026-09-29 01:42:04
수출,INCHEON VOYAGER,2607S,20260831,HASLK01260802823,SHARON CHEMICAL CO LTD,SKLU1446745,20',22GP,,1,1,26SNKO2874E,2026-09-29 01:42:04
수출,INCHEON VOYAGER,2607S,20260831,HASLK01260804201,WORLDROAD EXPRESS CO LTD,HALU2303080,20',22GP,,1,1,26SNKO2874E,2026-09-29 01:42:04
수출,INCHEON VOYAGER,2607S,20260831,HASLK02260700952,DY CORPORATION,SKHU9518864,40',45GP,,2,1,26SNKO2874E,2026-09-29 01:42:04
수출,INCHEON VOYAGER,2607S,20260831,HASLK02260700953,DY CORPORATION,BMOU5408701,40',45GP,,2,1,26SNKO2874E,2026-09-29 01:42:04
수출,INCHEON VOYAGER,2607S,20260831,HASLK02260701873,HITEJINRO CO LTD714 YEONGDONG-DAERO GANGNAM-GU,SKLU1671936,20',22GP,,1,1,26SNKO2874E,2026-09-29 01:42:04
수출,INCHEON VOYAGER,2607S,20260831,HASLK02260701873,HITEJINRO CO LTD714 YEONGDONG-DAERO GANGNAM-GU,SKLU2416920,20',22GP,,1,1,26SNKO2874E,2026-09-29 01:42:04
수출,INCHEON VOYAGER,2607S,20260831,HASLK02260800419,B2 LINE CO LTD6FBUSAN POST OFFICE63,SKLU2479424,20',22GP,,1,1,26SNKO2874E,2026-09-29 01:42:04
수출,INCHEON VOYAGER,2607S,20260831,HASLK02260800715,HITEJINRO CO LTD714 YEONGDONG-DAERO GANGNAM-GU,HALU2458082,20',22GP,,1,1,26SNKO2874E,2026-09-29 01:42:04
수출,INCHEON VOYAGER,2607S,20260831,HASLK02260800715,HITEJINRO CO LTD714 YEONGDONG-DAERO GANGNAM-GU,HALU2564280,20',22GP,,1,1,26SNKO2874E,2026-09-29 01:42:04
수출,INCHEON VOYAGER,2607S,20260831,HASLK02260801179,SP SHIPPING  AIRCARGO CO LTDBUSAN KOREA,SKLU0532495,20',22GP,,1,1,26SNKO2874E,2026-09-29 01:42:04
수출,INCHEON VOYAGER,2607S,20260831,HASLK02260801180,SP SHIPPING  AIRCARGO CO LTDBUSAN KOREA,HALU2542172,20',22GP,,1,1,26SNKO2874E,2026-09-29 01:42:04
수출,MOJI EXPRESS,2653E,20260831,HASLC01260800363,STOLT-NIELSEN TRANSPORTATIONSHANGHAI LTD TIANJIN BRANCH,STBU2620063,20',22TN,,1,1,26SNKO3153E,2026-09-29 01:42:04
수출,MOJI EXPRESS,2653E,20260831,HASLC02260700972,NIPPON EXPRESS CHINA COLTDDALIAN BRANCH,HLHU8309570,40',45GP,,2,1,26SNKO3153E,2026-09-29 01:42:04
수출,MOJI EXPRESS,2653E,20260831,HASLC02260800129,HEILONGJIANG EPPEN BIOTECH COLTD  DELIGEER INDUSTRIAL PARK DUERBET,SKHU6209840,40',45GP,,2,1,26SNKO3153E,2026-09-29 01:42:04
수출,MOJI EXPRESS,2653E,20260831,HASLC02260800129,HEILONGJIANG EPPEN BIOTECH COLTD  DELIGEER INDUSTRIAL PARK DUERBET,SKHU8413690,40',45GP,,2,1,26SNKO3153E,2026-09-29 01:42:04
수출,MOJI EXPRESS,2653E,20260831,HASLC02260800175,YIWU SHIRLEY IMPORT  EXPORTCOLTD,HALU9002140,40',45RE,,2,1,26SNKO3153E,2026-09-29 01:42:04
수출,MOJI EXPRESS,2653E,20260831,HASLC02260800545,TIANJIN SUNSAFE INTERNATIONALFEIGHT AGENCY COLTD,HALU2568161,20',22GP,,1,1,26SNKO3153E,2026-09-29 01:42:04
수출,MOJI EXPRESS,2653E,20260831,HASLC03260800618,WEIFANG UNION EXPRESS INTLLOGISTICS COLTD,HALU2102640,20',22GP,,1,1,26SNKO3153E,2026-09-29 01:42:04
수출,MOJI EXPRESS,2653E,20260831,HASLC03260800693,QINGDAO RECHEMCHEMICAL CO LIMITED,SKLU1800150,20',22GP,,1,1,26SNKO3153E,2026-09-29 01:42:04
수출,MOJI EXPRESS,2653E,20260831,HASLC03260800700,QINGDAO MJ LOGISTICS COLTDRM5245F WORLD TRADE CENTER,HALU2594073,20',22GP,,1,1,26SNKO3153E,2026-09-29 01:42:04
수출,MOJI EXPRESS,2653E,20260831,HASLC03260800700,QINGDAO MJ LOGISTICS COLTDRM5245F WORLD TRADE CENTER,TCLU2313609,20',22GP,,1,1,26SNKO3153E,2026-09-29 01:42:04
수출,MOJI EXPRESS,2653E,20260831,HASLC03260800915,NIPPON EXPRESS CHINA CO LTDQINGDAO BRANCH ON BEHALF OF NX,HLHU8345371,40',45GP,,2,1,26SNKO3153E,2026-09-29 01:42:04
수출,MOJI EXPRESS,2653E,20260831,HASLC03260800915,NIPPON EXPRESS CHINA CO LTDQINGDAO BRANCH ON BEHALF OF NX,TCLU4616630,40',45GP,,2,1,26SNKO3153E,2026-09-29 01:42:04
수출,MOJI EXPRESS,2653E,20260831,HASLC03260801043,SHANDONG DAYE COLTDDAYE INDUSTRIAL PARKZHUCHENGCITY,SKLU1663437,20',22GP,,1,1,26SNKO3153E,2026-09-29 01:42:04
수출,MOJI EXPRESS,2653E,20260831,HASLC03260801043,SHANDONG DAYE COLTDDAYE INDUSTRIAL PARKZHUCHENGCITY,SKLU2021534,20',22GP,,1,1,26SNKO3153E,2026-09-29 01:42:04
수출,MOJI EXPRESS,2653E,20260831,HASLC03260801043,SHANDONG DAYE COLTDDAYE INDUSTRIAL PARKZHUCHENGCITY,TGCU2382956,20',22GP,,1,1,26SNKO3153E,2026-09-29 01:42:04
수출,MOJI EXPRESS,2653E,20260831,HASLC03260801309,UNO INTERNATIONAL LOGISTICSQINGDAO CO LTD,SKHU6537135,40',45GP,,2,1,26SNKO3153E,2026-09-29 01:42:04
수출,MOJI EXPRESS,2653E,20260831,HASLC04260700285,CHANGCHUN ZHAORI INTERNATIONAL     ECONOMY AND TRADE COOPERATION,FCIU7273687,40',45GP,,2,1,26SNKO3153E,2026-09-29 01:42:04
수출,MOJI EXPRESS,2653E,20260831,HASLC04260700285,CHANGCHUN ZHAORI INTERNATIONAL     ECONOMY AND TRADE COOPERATION,HALU5641060,40',45GP,,2,1,26SNKO3153E,2026-09-29 01:42:04
수출,MOJI EXPRESS,2653E,20260831,HASLC04260700285,CHANGCHUN ZHAORI INTERNATIONAL     ECONOMY AND TRADE COOPERATION,HLHU8406040,40',45GP,,2,1,26SNKO3153E,2026-09-29 01:42:04
수출,MOJI EXPRESS,2653E,20260831,HASLC04260700285,CHANGCHUN ZHAORI INTERNATIONAL     ECONOMY AND TRADE COOPERATION,HLHU8413352,40',45GP,,2,1,26SNKO3153E,2026-09-29 01:42:04
수출,MOJI EXPRESS,2653E,20260831,HASLC04260700285,CHANGCHUN ZHAORI INTERNATIONAL     ECONOMY AND TRADE COOPERATION,HLHU8540439,40',45GP,,2,1,26SNKO3153E,2026-09-29 01:42:04
수출,MOJI EXPRESS,2653E,20260831,HASLC04260700365,JILIN MEIHUA AMINO ACID COLTD,SKHU8132096,40',45GP,,2,1,26SNKO3153E,2026-09-29 01:42:04
수출,MOJI EXPRESS,2653E,20260831,HASLC04260700393,INNER MONGOLIA RUNLONG BENTONITE   TECHNOLOGY COLTD,SKLU2061310,20',22GP,,1,1,26SNKO3153E,2026-09-29 01:42:04
수출,MOJI EXPRESS,2653E,20260831,HASLC04260800171,JILIN MEIHUA AMINO ACID COLTD,HALU2315348,20',22GP,,1,1,26SNKO3153E,2026-09-29 01:42:04
수출,MOJI EXPRESS,2653E,20260831,HASLC5T260700859,YIZHOU HONGKONG TRADE  LIMITED,HLHU6418308,40',45GP,,2,1,26SNKO3153E,2026-09-29 01:42:04
수출,MOJI EXPRESS,2653E,20260831,HASLK01260703339,SAMYANG CORPORATION295 PANGYO-RO BUNDANG-GU,BEAU2354438,20',22GP,,1,1,26SNKO3153E,2026-09-29 01:42:04
수출,MOJI EXPRESS,2653E,20260831,HASLK01260703339,SAMYANG CORPORATION295 PANGYO-RO BUNDANG-GU,HALU2032800,20',22GP,,1,1,26SNKO3153E,2026-09-29 01:42:04
수출,MOJI EXPRESS,2653E,20260831,HASLK01260703339,SAMYANG CORPORATION295 PANGYO-RO BUNDANG-GU,HALU2419300,20',22GP,,1,1,26SNKO3153E,2026-09-29 01:42:04
수출,MOJI EXPRESS,2653E,20260831,HASLK01260703339,SAMYANG CORPORATION295 PANGYO-RO BUNDANG-GU,HALU2473180,20',22GP,,1,1,26SNKO3153E,2026-09-29 01:42:04
수출,MOJI EXPRESS,2653E,20260831,HASLK01260703339,SAMYANG CORPORATION295 PANGYO-RO BUNDANG-GU,SKLU0408210,20',22GP,,1,1,26SNKO3153E,2026-09-29 01:42:04
수출,MOJI EXPRESS,2653E,20260831,HASLK01260703339,SAMYANG CORPORATION295 PANGYO-RO BUNDANG-GU,SKLU1949009,20',22GP,,1,1,26SNKO3153E,2026-09-29 01:42:04
수출,MOJI EXPRESS,2653E,20260831,HASLK01260704878,TS CORPORATION299 OLYMPIC-RO SONGPA-GU,HALU2504172,20',22GP,,1,1,26SNKO3153E,2026-09-29 01:42:04
수출,MOJI EXPRESS,2653E,20260831,HASLK01260704878,TS CORPORATION299 OLYMPIC-RO SONGPA-GU,SKLU1810815,20',22GP,,1,1,26SNKO3153E,2026-09-29 01:42:04
수출,MOJI EXPRESS,2653E,20260831,HASLK01260800310,OCI COMPANY LTDOCI BUILDING,HLHU8491674,40',45GP,,2,1,26SNKO3153E,2026-09-29 01:42:04
수출,MOJI EXPRESS,2653E,20260831,HASLK01260800310,OCI COMPANY LTDOCI BUILDING,HLHU8589486,40',45GP,,2,1,26SNKO3153E,2026-09-29 01:42:04
수출,MOJI EXPRESS,2653E,20260831,HASLK01260800310,OCI COMPANY LTDOCI BUILDING,SKHU6204155,40',45GP,,2,1,26SNKO3153E,2026-09-29 01:42:04
수출,MOJI EXPRESS,2653E,20260831,HASLK01260800310,OCI COMPANY LTDOCI BUILDING,SKHU9101802,40',45GP,,2,1,26SNKO3153E,2026-09-29 01:42:04
수출,MOJI EXPRESS,2653E,20260831,HASLK01260800310,OCI COMPANY LTDOCI BUILDING,SKHU9618380,40',45GP,,2,1,26SNKO3153E,2026-09-29 01:42:04
수출,MOJI EXPRESS,2653E,20260831,HASLK01260800310,OCI COMPANY LTDOCI BUILDING,TEMU8959091,40',45GP,,2,1,26SNKO3153E,2026-09-29 01:42:04
수출,MOJI EXPRESS,2653E,20260831,HASLK01260800315,OCI COMPANY LTDOCI BUILDING,BMOU5406740,40',45GP,,2,1,26SNKO3153E,2026-09-29 01:42:04
수출,MOJI EXPRESS,2653E,20260831,HASLK01260800315,OCI COMPANY LTDOCI BUILDING,DFSU7623958,40',45GP,,2,1,26SNKO3153E,2026-09-29 01:42:04
수출,MOJI EXPRESS,2653E,20260831,HASLK01260800315,OCI COMPANY LTDOCI BUILDING,HLHU8421189,40',45GP,,2,1,26SNKO3153E,2026-09-29 01:42:04
수출,MOJI EXPRESS,2653E,20260831,HASLK01260800315,OCI COMPANY LTDOCI BUILDING,HLHU8488963,40',45GP,,2,1,26SNKO3153E,2026-09-29 01:42:04
수출,MOJI EXPRESS,2653E,20260831,HASLK01260800315,OCI COMPANY LTDOCI BUILDING,SKHU6418218,40',45GP,,2,1,26SNKO3153E,2026-09-29 01:42:04
수출,MOJI EXPRESS,2653E,20260831,HASLK01260806017,HANKOOK TIRE  TECHNOLOGY CO LTD286 PANGYO-RO BUNDANG-GU SEONGNA,FCIU7279216,40',45GP,,2,1,26SNKO3153E,2026-09-29 01:42:04
수출,MOJI EXPRESS,2653E,20260831,HASLK01260806315,HYUNDAI WELDING CO LTD157-37 WEWORK BD 15F,TRHU1695160,20',22GP,,1,1,26SNKO3153E,2026-09-29 01:42:04
수출,MOJI EXPRESS,2653E,20260831,HASLK01260807908,LOTTE CHEMICAL CORPORATIONLOTTE WORLD TOWER 300 OLYMPIC-RO,HALU2023140,20',22GP,,1,1,26SNKO3153E,2026-09-29 01:42:04
수출,MOJI EXPRESS,2653E,20260831,HASLK02260601757,CTN WORLD CO LTD OB OFESAB CK CORP,HALU2331966,20',22GP,,1,1,26SNKO3153E,2026-09-29 01:42:04
수출,MOJI EXPRESS,2653E,20260831,HASLK02260801128,HEUNG-A LINE COLTD,BMOU5203975,40',45GP,,2,1,26SNKO3153E,2026-09-29 01:42:04
수출,MOJI EXPRESS,2653E,20260831,HASLK02260801128,HEUNG-A LINE COLTD,HLHU8485521,40',45GP,,2,1,26SNKO3153E,2026-09-29 01:42:04
수출,MOJI EXPRESS,2653E,20260831,HASLK02260801128,HEUNG-A LINE COLTD,HLHU8567065,40',45GP,,2,1,26SNKO3153E,2026-09-29 01:42:04
수출,MOJI EXPRESS,2653E,20260831,HASLK02260801128,HEUNG-A LINE COLTD,HLHU8592094,40',45GP,,2,1,26SNKO3153E,2026-09-29 01:42:04
수출,MOJI EXPRESS,2653E,20260831,HASLK02260801128,HEUNG-A LINE COLTD,SKHU6355017,40',45GP,,2,1,26SNKO3153E,2026-09-29 01:42:04
수출,MOJI EXPRESS,2653E,20260831,HASLK02260801128,HEUNG-A LINE COLTD,SKHU6549429,40',45GP,,2,1,26SNKO3153E,2026-09-29 01:42:04
수출,MOJI EXPRESS,2653E,20260831,HASLK02260801128,HEUNG-A LINE COLTD,SKHU9303090,40',45GP,,2,1,26SNKO3153E,2026-09-29 01:42:04
수출,MOJI EXPRESS,2653E,20260831,HASLS11260701169,PT HANKYU HANSHIN EXPRESSINDONESIA,HLHU8503590,40',45GP,,2,1,26SNKO3153E,2026-09-29 01:42:04
수출,MOJI EXPRESS,2653E,20260831,HASLS16260700101,TAKASHIMA WOODWORK SDN BHDPLOT 6 PENGKALAN II INDUSTRIAL,SKHU9306757,40',45GP,,2,1,26SNKO3153E,2026-09-29 01:42:04
수출,MOJI EXPRESS,2653E,20260831,HASLS21260701385,HYUNDAI WELDING CO LTD157-37 WEWORK BD 15F,HALU2409365,20',22GP,,1,1,26SNKO3153E,2026-09-29 01:42:04
수출,MOJI EXPRESS,2653E,20260831,HASLS21260702278,ISSEIKI FURNITURE VIETNAMCO LTD,BMOU4923712,40',45GP,,2,1,26SNKO3153E,2026-09-29 01:42:04
수출,MOJI EXPRESS,2653E,20260831,HASLS21260702278,ISSEIKI FURNITURE VIETNAMCO LTD,SKHU9954533,40',45GP,,2,1,26SNKO3153E,2026-09-29 01:42:04
수출,MOJI EXPRESS,2653E,20260831,HASLS21260702352,HYOSUNG VINA CHEMICALS CO LTDLOT 01CN-08CN CAI MEP INDUSTRIAL,GCXU5997222,40',45GP,,2,1,26SNKO3153E,2026-09-29 01:42:04
수출,MOJI EXPRESS,2653E,20260831,HASLS21260800133,HS HYOSUNG VIET NAM COMPANY LIMITED,HALU2300420,20',22GP,,1,1,26SNKO3153E,2026-09-29 01:42:04
수출,MOJI EXPRESS,2653E,20260831,HASLS21260800253,HYOSUNG DONG NAI CO LTDN3 STREET NHON TRACH 5 INDUSTRIAL,SKHU6466896,40',45GP,,2,1,26SNKO3153E,2026-09-29 01:42:04
수출,MOJI EXPRESS,2653E,20260831,HASLS21260800714,HYOSUNG DONG NAI CO LTDN3 STREET NHON TRACH 5 INDUSTRIAL,HLHU8458465,40',45GP,,2,1,26SNKO3153E,2026-09-29 01:42:04
수출,MOJI EXPRESS,2653E,20260831,HASLS21260800926,HYOSUNG DONG NAI CO LTDN3 STREET NHON TRACH 5 INDUSTRIAL,HLHU8528623,40',45GP,,2,1,26SNKO3153E,2026-09-29 01:42:04
수출,MOJI EXPRESS,2653E,20260831,HASLS22260701273,WOODWORKS THAI COLTD1980,SKHU9615062,40',45GP,,2,1,26SNKO3153E,2026-09-29 01:42:04
수출,MOJI EXPRESS,2653E,20260831,HASLS22260702242,THAI NITTO SEIMO GLOBAL CO LTD,SKLU1515147,20',22GP,,1,1,26SNKO3153E,2026-09-29 01:42:04
수출,SAWASDEE CAPELLA,2609S,20260831,HASLK01260405560,WORLD ONE LOGISTICS COLTDRM716 JONGNO OFFICETEL,TEMU0912930,20',22GP,,1,1,26SNKO3219E,2026-09-29 01:42:04
수출,SAWASDEE CAPELLA,2609S,20260831,HASLK01260703061,GNLST COLTD101-618 LOTTECASTLE LEWESTWORKS,HALU2438548,20',22GP,,1,1,26SNKO3219E,2026-09-29 01:42:04
수출,SAWASDEE CAPELLA,2609S,20260831,HASLK01260703890,SECHANG LEPAK LINE COLTD OB OFH  L CORP,HLHU8589980,40',45GP,,2,1,26SNKO3219E,2026-09-29 01:42:04
수출,SAWASDEE CAPELLA,2609S,20260831,HASLK01260705614,BESCON LINE COLTD308 TRAPLACE 53 MAPODAERO,BSCU4001490,40',45GP,,2,1,26SNKO3219E,2026-09-29 01:42:04
수출,SAWASDEE CAPELLA,2609S,20260831,HASLK01260705614,BESCON LINE COLTD308 TRAPLACE 53 MAPODAERO,FYCU4000910,40',45GP,,2,1,26SNKO3219E,2026-09-29 01:42:04
수출,SAWASDEE CAPELLA,2609S,20260831,HASLK01260705755,KTL GLOBAL LOGISTICS2- 1109 98 GASAN DIGITAL 2-RO,HLHU8446253,40',45GP,,2,1,26SNKO3219E,2026-09-29 01:42:04
수출,SAWASDEE CAPELLA,2609S,20260831,HASLK01260706356,ABLY LOGIS COLTD OB OFSMILECATION INC,SKLU2416534,20',22GP,,1,1,26SNKO3219E,2026-09-29 01:42:04
수출,SAWASDEE CAPELLA,2609S,20260831,HASLK01260706507,J-ONE TRADING CO LTD83 ILSIN-RO BUPYEONG-GU,SKHU9311861,40',45GP,,2,1,26SNKO3219E,2026-09-29 01:42:04
수출,SAWASDEE CAPELLA,2609S,20260831,HASLK01260707502,ASIA EYE KOREA COLTDROOM NO603 HAK IK SO RO 19,HALU2537200,20',22GP,,1,1,26SNKO3219E,2026-09-29 01:42:04
수출,SAWASDEE CAPELLA,2609S,20260831,HASLK01260707812,SEJUNG SHIPPINGCOLTDOB OF JI-WON TRADING COLTD,SKLU1591764,20',22GP,,1,1,26SNKO3219E,2026-09-29 01:42:04
수출,SAWASDEE CAPELLA,2609S,20260831,HASLK01260707854,SEJUNG SHIPPING CO LTDWOOSUNG BD 9F 10F,SEKU4439525,40',45GP,,2,1,26SNKO3219E,2026-09-29 01:42:04
수출,SAWASDEE CAPELLA,2609S,20260831,HASLK01260708604,CHONG KUN DANG PHARMACEUTICALCORPORATION,HALU2431477,20',22GP,,1,1,26SNKO3219E,2026-09-29 01:42:04
수출,SAWASDEE CAPELLA,2609S,20260831,HASLK01260800933,SEH YANG CO LTD6 MONGNAE-RO 108BEON-GIL DANWON-,HALU2437686,20',22GP,,1,1,26SNKO3219E,2026-09-29 01:42:04
수출,SAWASDEE CAPELLA,2609S,20260831,HASLK01260801423,JOOSUNG CORPORATION SEOUL BRANCHOB OF SHIN ANN KOREA COLTD,SKLU2461214,20',22GP,,1,1,26SNKO3219E,2026-09-29 01:42:04
수출,SAWASDEE CAPELLA,2609S,20260831,HASLK01260801495,KOREA LOGIS POOL CO LTD OB OFCOSRX INC,SKHU6527409,40',45GP,,2,1,26SNKO3219E,2026-09-29 01:42:04
수출,SAWASDEE CAPELLA,2609S,20260831,HASLK01260801587,DONG YANG JEONG MIL GASKET COLTD729-2WONSI-DONGDANWON-GUANSAN-C,SKLU1956348,20',22GP,,1,1,26SNKO3219E,2026-09-29 01:42:04
수출,SAWASDEE CAPELLA,2609S,20260831,HASLK01260801672,GLOBELINK KOREA CO LTDROOM 1101 PAIKNAM BLDG,TGCU2399671,20',22GP,,1,1,26SNKO3219E,2026-09-29 01:42:04
수출,SAWASDEE CAPELLA,2609S,20260831,HASLK01260802148,ONEZONE GAS102-1001 SANGGHE 1 JUNGANG,SKHU9512660,40',45GP,,2,1,26SNKO3219E,2026-09-29 01:42:04
수출,SAWASDEE CAPELLA,2609S,20260831,HASLK01260802228,WOOSUNG SHIPPING COLTD12TH FL AIA TOWER 16 TONGIL-RO,HLHU8325230,40',45GP,,2,1,26SNKO3219E,2026-09-29 01:42:04
수출,SAWASDEE CAPELLA,2609S,20260831,HASLK01260802331,JJ MYANMAR COLTD46 GWANGJANG-RO 4BEON-GIL,SKLU2492215,20',22GP,,1,1,26SNKO3219E,2026-09-29 01:42:04
수출,SAWASDEE CAPELLA,2609S,20260831,HASLK01260802538,NOROO LOGINET CO L351 BAKDAL-RO,SKLU2004049,20',22GP,,1,1,26SNKO3219E,2026-09-29 01:42:04
수출,SAWASDEE CAPELLA,2609S,20260831,HASLK01260802683,KOREA LOGIS POOL CO LTD OB OFPERENNEBELL CO LTD,HALU2029724,20',22GP,,1,1,26SNKO3219E,2026-09-29 01:42:04
수출,SAWASDEE CAPELLA,2609S,20260831,HASLK01260802727,HANWHA TOTALENERGIESPETROCHEMICAL CO LTD,HLHU8385780,40',45GP,,2,1,26SNKO3219E,2026-09-29 01:42:04
수출,SAWASDEE CAPELLA,2609S,20260831,HASLK01260802876,KOREA LOGIS POOL CO LTD OB OFPERENNEBELL CO LTD,SKLU1666740,20',22GP,,1,1,26SNKO3219E,2026-09-29 01:42:04
수출,SAWASDEE CAPELLA,2609S,20260831,HASLK01260803049,WOOCHANG CO LTD2-24 BITDOLMEORI-GIL JIGOK-MYEON,TEMU1206286,20',22GP,,1,1,26SNKO3219E,2026-09-29 01:42:04
수출,SAWASDEE CAPELLA,2609S,20260831,HASLK01260803517,PHOENIX AEROSEA FORWARDERS COLTD,SKLU2002426,20',22GP,,1,1,26SNKO3219E,2026-09-29 01:42:04
수출,SAWASDEE CAPELLA,2609S,20260831,HASLK01260803641,KONET EXPRESS KOREA CO LTD OBOF,SKHU9525591,40',45GP,,2,1,26SNKO3219E,2026-09-29 01:42:04
수출,SAWASDEE CAPELLA,2609S,20260831,HASLK01260804133,CEVA KOREA CO LTD,SKLU2038497,20',22GP,,1,1,26SNKO3219E,2026-09-29 01:42:04
수출,SAWASDEE CAPELLA,2609S,20260831,HASLK01260804180,KTL GLOBAL LOGISTICS2- 1109 98 GASAN DIGITAL 2-RO,GESU2209041,20',22GP,,1,1,26SNKO3219E,2026-09-29 01:42:04
수출,SAWASDEE CAPELLA,2609S,20260831,HASLK01260804679,MOLAX LINE LTD OB OF,SKHU6522238,40',45GP,,2,1,26SNKO3219E,2026-09-29 01:42:04
수출,SAWASDEE CAPELLA,2609S,20260831,HASLK01260805292,KTL GLOBAL LOGISTICS2- 1109 98 GASAN DIGITAL 2-RO,DFSU7656139,40',45GP,,2,1,26SNKO3219E,2026-09-29 01:42:04
수출,SAWASDEE CAPELLA,2609S,20260831,HASLK01260805973,KTL GLOBAL LOGISTICS2- 1109 98 GASAN DIGITAL 2-RO,HALU2505836,20',22GP,,1,1,26SNKO3219E,2026-09-29 01:42:04
수출,SAWASDEE CAPELLA,2609S,20260831,HASLK01260806072,SECHANG LEPAK LINE COLTD OB OFCTW SPORTS INC,MAGU5425126,40',45GP,,2,1,26SNKO3219E,2026-09-29 01:42:04
수출,SAWASDEE CAPELLA,2609S,20260831,HASLK01260806844,KTL GLOBAL LOGISTICS2- 1109 98 GASAN DIGITAL 2-RO,SKLU2115187,20',22GP,,1,1,26SNKO3219E,2026-09-29 01:42:04
수출,SAWASDEE CAPELLA,2609S,20260831,HASLK01260807477,DAIHO SEA  AIR CO LTD OB OFHANYANG ELECTRONIC CO LTD,HLHU8386895,40',45GP,,2,1,26SNKO3219E,2026-09-29 01:42:04
수출,SAWASDEE CAPELLA,2609S,20260831,HASLK01260807477,DAIHO SEA  AIR CO LTD OB OFHANYANG ELECTRONIC CO LTD,SKHU6411358,40',45GP,,2,1,26SNKO3219E,2026-09-29 01:42:04
수출,SAWASDEE CAPELLA,2609S,20260831,HASLK01260807878,GOLDWAY LOGISTICS SERVICE CO LTDOB OF,GCXU6007319,40',45GP,,2,1,26SNKO3219E,2026-09-29 01:42:04
수출,SAWASDEE CAPELLA,2609S,20260831,HASLK02260700768,WOO NAM LOGISTICS COLTD OB OFHAENGSUNG TECHNOLOGY CO LTD,SKHU9625420,40',45GP,,2,1,26SNKO3219E,2026-09-29 01:42:04
수출,SAWASDEE SIRIUS,2623W,20260831,HASLJ01260700521,FUTATSUI PANEL COLTD,BMOU5788598,40',45GP,,2,1,26SNKO3149E,2026-09-29 01:42:04
수출,SAWASDEE SIRIUS,2623W,20260831,HASLJ01260700521,FUTATSUI PANEL COLTD,HALU5690002,40',45GP,,2,1,26SNKO3149E,2026-09-29 01:42:04
수출,SAWASDEE SIRIUS,2623W,20260831,HASLJ01260700521,FUTATSUI PANEL COLTD,SKHU9211034,40',45GP,,2,1,26SNKO3149E,2026-09-29 01:42:04
수출,SAWASDEE SIRIUS,2623W,20260831,HASLJ01260700521,FUTATSUI PANEL COLTD,SKHU9811147,40',45GP,,2,1,26SNKO3149E,2026-09-29 01:42:04
수출,SAWASDEE SIRIUS,2623W,20260831,HASLJ01260700521,FUTATSUI PANEL COLTD,TGBU4383897,40',45GP,,2,1,26SNKO3149E,2026-09-29 01:42:04
수출,SAWASDEE SIRIUS,2623W,20260831,HASLJ01260701746,JUNPEI WOODS LLC,SKHU9543213,40',45GP,,2,1,26SNKO3149E,2026-09-29 01:42:04
수출,SAWASDEE SIRIUS,2623W,20260831,HASLJ01260800662,GOTO KAISOTEN LTD10F NIPPON LIFE NIHONBASHI BLDG,EOLU8284343,20',22TN,,1,1,26SNKO3149E,2026-09-29 01:42:04
수출,SAWASDEE SIRIUS,2623W,20260831,HASLK01260708073,KCC CORPORATION344 SAPYEONG-DAERO SEOCHO-GU,SEGU9995775,20',22RE,,1,1,26SNKO3149E,2026-09-29 01:42:04
수출,SAWASDEE SIRIUS,2623W,20260831,HASLK01260800744,GNLST COLTD,DRYU9302302,40',45GP,,2,1,26SNKO3149E,2026-09-29 01:42:04
수출,SAWASDEE SIRIUS,2623W,20260831,HASLK01260800744,GNLST COLTD,EOLU8634307,40',45GP,,2,1,26SNKO3149E,2026-09-29 01:42:04
수출,SAWASDEE SIRIUS,2623W,20260831,HASLK01260800744,GNLST COLTD,GESU5988705,40',45GP,,2,1,26SNKO3149E,2026-09-29 01:42:04
수출,SAWASDEE SIRIUS,2623W,20260831,HASLK01260800744,GNLST COLTD,TRLU7522508,40',45GP,,2,1,26SNKO3149E,2026-09-29 01:42:04
수출,SAWASDEE SIRIUS,2623W,20260831,HASLK01260800745,GNLST COLTD,WMAU5892455,40',45GP,,2,1,26SNKO3149E,2026-09-29 01:42:04
수출,SAWASDEE SIRIUS,2623W,20260831,HASLK01260800745,GNLST COLTD,WMAU5962803,40',45GP,,2,1,26SNKO3149E,2026-09-29 01:42:04
수출,SAWASDEE SIRIUS,2623W,20260831,HASLK01260800745,GNLST COLTD,WMAU5972268,40',45GP,,2,1,26SNKO3149E,2026-09-29 01:42:04
수출,SAWASDEE SIRIUS,2623W,20260831,HASLK01260800745,GNLST COLTD,WMAU5974846,40',45GP,,2,1,26SNKO3149E,2026-09-29 01:42:04
수출,SAWASDEE SIRIUS,2623W,20260831,HASLK01260800811,ISU CHEMICAL COLTD84 SAPYEONG DAERO SEOCHO GU,HALU2588954,20',22GP,,1,1,26SNKO3149E,2026-09-29 01:42:04
수출,SAWASDEE SIRIUS,2623W,20260831,HASLK01260800811,ISU CHEMICAL COLTD84 SAPYEONG DAERO SEOCHO GU,SKLU1405828,20',22GP,,1,1,26SNKO3149E,2026-09-29 01:42:04
수출,SAWASDEE SIRIUS,2623W,20260831,HASLK01260800811,ISU CHEMICAL COLTD84 SAPYEONG DAERO SEOCHO GU,SKLU1545748,20',22GP,,1,1,26SNKO3149E,2026-09-29 01:42:04
수출,SAWASDEE SIRIUS,2623W,20260831,HASLK01260801033,TAEWOONG LOGISTICS COLTD OB OFFRIENDSHIP TRADING CO LTD,DRYU9319692,40',45GP,,2,1,26SNKO3149E,2026-09-29 01:42:04
수출,SAWASDEE SIRIUS,2623W,20260831,HASLK01260801033,TAEWOONG LOGISTICS COLTD OB OFFRIENDSHIP TRADING CO LTD,KMTU9279569,40',45GP,,2,1,26SNKO3149E,2026-09-29 01:42:04
수출,SAWASDEE SIRIUS,2623W,20260831,HASLK01260801033,TAEWOONG LOGISTICS COLTD OB OFFRIENDSHIP TRADING CO LTD,KPHU6847196,40',45GP,,2,1,26SNKO3149E,2026-09-29 01:42:04
수출,SAWASDEE SIRIUS,2623W,20260831,HASLK01260801033,TAEWOONG LOGISTICS COLTD OB OFFRIENDSHIP TRADING CO LTD,MMAU4100229,40',45GP,,2,1,26SNKO3149E,2026-09-29 01:42:04
수출,SAWASDEE SIRIUS,2623W,20260831,HASLK01260801058,TAEWOONG LOGISTICS COLTD OB OFFRIENDSHIP TRADING CO LTD,HALU5698148,40',45GP,,2,1,26SNKO3149E,2026-09-29 01:42:04
수출,SAWASDEE SIRIUS,2623W,20260831,HASLK01260803368,TAEWOONG LOGISTICS COLTD OB OFHYUNDAI CORPORATION,TGIU5250050,40',45GP,,2,1,26SNKO3149E,2026-09-29 01:42:04
수출,SAWASDEE SIRIUS,2623W,20260831,HASLK01260803368,TAEWOONG LOGISTICS COLTD OB OFHYUNDAI CORPORATION,TGIU5250235,40',45GP,,2,1,26SNKO3149E,2026-09-29 01:42:04
수출,SAWASDEE SIRIUS,2623W,20260831,HASLK01260803368,TAEWOONG LOGISTICS COLTD OB OFHYUNDAI CORPORATION,TGIU5250256,40',45GP,,2,1,26SNKO3149E,2026-09-29 01:42:04
수출,SAWASDEE SIRIUS,2623W,20260831,HASLK01260803368,TAEWOONG LOGISTICS COLTD OB OFHYUNDAI CORPORATION,TGIU5250277,40',45GP,,2,1,26SNKO3149E,2026-09-29 01:42:04
수출,SAWASDEE SIRIUS,2623W,20260831,HASLK01260803368,TAEWOONG LOGISTICS COLTD OB OFHYUNDAI CORPORATION,TGIU5250940,40',45GP,,2,1,26SNKO3149E,2026-09-29 01:42:04
수출,SAWASDEE SIRIUS,2623W,20260831,HASLK01260803368,TAEWOONG LOGISTICS COLTD OB OFHYUNDAI CORPORATION,TGIU5251102,40',45GP,,2,1,26SNKO3149E,2026-09-29 01:42:04
수출,SAWASDEE SIRIUS,2623W,20260831,HASLK01260803368,TAEWOONG LOGISTICS COLTD OB OFHYUNDAI CORPORATION,TGIU5251329,40',45GP,,2,1,26SNKO3149E,2026-09-29 01:42:04
수출,SAWASDEE SIRIUS,2623W,20260831,HASLK01260803368,TAEWOONG LOGISTICS COLTD OB OFHYUNDAI CORPORATION,TGIU5251519,40',45GP,,2,1,26SNKO3149E,2026-09-29 01:42:04
수출,SAWASDEE SIRIUS,2623W,20260831,HASLK01260803368,TAEWOONG LOGISTICS COLTD OB OFHYUNDAI CORPORATION,TGIU5251756,40',45GP,,2,1,26SNKO3149E,2026-09-29 01:42:04
수출,SAWASDEE SIRIUS,2623W,20260831,HASLK01260803767,TAEWOONG LOGISTICS COLTD OB OFNONGSHIM CO LTD,MMAU5431303,40',45GP,,2,1,26SNKO3149E,2026-09-29 01:42:04
수출,SAWASDEE SIRIUS,2623W,20260831,HASLK01260803784,SAMYANG FOODS INC159TOEGYE-ROJUNG-GU,HLHU6402512,40',45GP,,2,1,26SNKO3149E,2026-09-29 01:42:04
수출,SAWASDEE SIRIUS,2623W,20260831,HASLK01260803784,SAMYANG FOODS INC159TOEGYE-ROJUNG-GU,HLHU8206381,40',45GP,,2,1,26SNKO3149E,2026-09-29 01:42:04
수출,SAWASDEE SIRIUS,2623W,20260831,HASLK01260803784,SAMYANG FOODS INC159TOEGYE-ROJUNG-GU,HLHU8351179,40',45GP,,2,1,26SNKO3149E,2026-09-29 01:42:04
수출,SAWASDEE SIRIUS,2623W,20260831,HASLK01260803784,SAMYANG FOODS INC159TOEGYE-ROJUNG-GU,HLHU8382694,40',45GP,,2,1,26SNKO3149E,2026-09-29 01:42:04
수출,SAWASDEE SIRIUS,2623W,20260831,HASLK01260803784,SAMYANG FOODS INC159TOEGYE-ROJUNG-GU,HLHU8476181,40',45GP,,2,1,26SNKO3149E,2026-09-29 01:42:04
수출,SAWASDEE SIRIUS,2623W,20260831,HASLK01260803784,SAMYANG FOODS INC159TOEGYE-ROJUNG-GU,SKHU6331592,40',45GP,,2,1,26SNKO3149E,2026-09-29 01:42:04
수출,SAWASDEE SIRIUS,2623W,20260831,HASLK01260803784,SAMYANG FOODS INC159TOEGYE-ROJUNG-GU,SKHU9549675,40',45GP,,2,1,26SNKO3149E,2026-09-29 01:42:04
수출,SAWASDEE SIRIUS,2623W,20260831,HASLK01260803784,SAMYANG FOODS INC159TOEGYE-ROJUNG-GU,SKHU9805231,40',45GP,,2,1,26SNKO3149E,2026-09-29 01:42:04
수출,SAWASDEE SIRIUS,2623W,20260831,HASLK01260804157,ROHLIG KOREA LTDROOM 1012 103 SEOSOMUN-RO,SKHU8103518,40',45GP,,2,1,26SNKO3149E,2026-09-29 01:42:04
수출,SAWASDEE SIRIUS,2623W,20260831,HASLK01260804157,ROHLIG KOREA LTDROOM 1012 103 SEOSOMUN-RO,SKHU9603122,40',45GP,,2,1,26SNKO3149E,2026-09-29 01:42:04
수출,SAWASDEE SIRIUS,2623W,20260831,HASLK01260804890,GNLST COLTD,BSIU9323634,40',45GP,,2,1,26SNKO3149E,2026-09-29 01:42:04
수출,SAWASDEE SIRIUS,2623W,20260831,HASLK01260805429,SAMSAN SLC COLTD,HALU2504022,20',22GP,,1,1,26SNKO3149E,2026-09-29 01:42:04
수출,SAWASDEE SIRIUS,2623W,20260831,HASLK01260805710,GOLDWAY LOGISTICS SERVICE CO LTDOB OF,HLHU8431572,40',45GP,,2,1,26SNKO3149E,2026-09-29 01:42:04
수출,SAWASDEE SIRIUS,2623W,20260831,HASLK01260805752,GNLST COLTD,HLHU8493234,40',45GP,,2,1,26SNKO3149E,2026-09-29 01:42:04
수출,SAWASDEE SIRIUS,2623W,20260831,HASLK01260805828,PUSAN IPO,SKLU1576522,20',22GP,,1,1,26SNKO3149E,2026-09-29 01:42:04
수출,SAWASDEE SIRIUS,2623W,20260831,HASLK01260805835,HANSAENG EXPRESS CO LTD,SKHU9600099,40',45GP,,2,1,26SNKO3149E,2026-09-29 01:42:04
수출,SAWASDEE SIRIUS,2623W,20260831,HASLK01260805835,HANSAENG EXPRESS CO LTD,SKHU9615020,40',45GP,,2,1,26SNKO3149E,2026-09-29 01:42:04
수출,SAWASDEE SIRIUS,2623W,20260831,HASLK01260806788,PUSAN IPO,SKLU1538796,20',22GP,,1,1,26SNKO3149E,2026-09-29 01:42:04
수출,SAWASDEE SIRIUS,2623W,20260831,HASLK01260807533,SAMYANG FOODS INC159TOEGYE-ROJUNG-GU,HALU5642072,40',45GP,,2,1,26SNKO3149E,2026-09-29 01:42:04
수출,SAWASDEE SIRIUS,2623W,20260831,HASLK01260807533,SAMYANG FOODS INC159TOEGYE-ROJUNG-GU,HLHU6406483,40',45GP,,2,1,26SNKO3149E,2026-09-29 01:42:04
수출,SAWASDEE SIRIUS,2623W,20260831,HASLK01260807533,SAMYANG FOODS INC159TOEGYE-ROJUNG-GU,SKHU9807635,40',45GP,,2,1,26SNKO3149E,2026-09-29 01:42:04
수출,SAWASDEE SIRIUS,2623W,20260831,HASLK01260807533,SAMYANG FOODS INC159TOEGYE-ROJUNG-GU,SKHU9922460,40',45GP,,2,1,26SNKO3149E,2026-09-29 01:42:04
수출,SAWASDEE SIRIUS,2623W,20260831,HASLK01260807533,SAMYANG FOODS INC159TOEGYE-ROJUNG-GU,TEMU8486975,40',45GP,,2,1,26SNKO3149E,2026-09-29 01:42:04
수출,SAWASDEE SIRIUS,2623W,20260831,HASLK01260807628,SUCCESS GLOBAL702 32 MUGYO-RO JUNG-GU SEOUL,CBHU9054648,40',45GP,,2,1,26SNKO3149E,2026-09-29 01:42:04
수출,SAWASDEE SIRIUS,2623W,20260831,HASLK01260807777,UNICO LOGISTICS CO LTD OB OFHYUNDAI CORPORATION,BMOU2156381,20',22GP,,1,1,26SNKO3149E,2026-09-29 01:42:04
수출,SAWASDEE SIRIUS,2623W,20260831,HASLK01260807831,KISWEL LTD,SKLU1116300,20',22GP,,1,1,26SNKO3149E,2026-09-29 01:42:04
수출,SAWASDEE SIRIUS,2623W,20260831,HASLK01260807831,KISWEL LTD,TCLU7173095,20',22GP,,1,1,26SNKO3149E,2026-09-29 01:42:04
수출,SAWASDEE SIRIUS,2623W,20260831,HASLK01260807974,SAMYANG FOODS INC159TOEGYE-ROJUNG-GU,HLHU8383860,40',45GP,,2,1,26SNKO3149E,2026-09-29 01:42:04
수출,SAWASDEE SIRIUS,2623W,20260831,HASLK01260807974,SAMYANG FOODS INC159TOEGYE-ROJUNG-GU,SKHU6434477,40',45GP,,2,1,26SNKO3149E,2026-09-29 01:42:04
수출,SAWASDEE SIRIUS,2623W,20260831,HASLK01260808493,SAMYANG FOODS INC159TOEGYE-ROJUNG-GU,HLHU8372356,40',45GP,,2,1,26SNKO3149E,2026-09-29 01:42:04
수출,SAWASDEE SIRIUS,2623W,20260831,HASLK01260808493,SAMYANG FOODS INC159TOEGYE-ROJUNG-GU,SKHU9634822,40',45GP,,2,1,26SNKO3149E,2026-09-29 01:42:04
수출,SAWASDEE SIRIUS,2623W,20260831,HASLK02260701321,DK LOGISTICS COLTD12F HANSANG BLDG950,HLHU8505130,40',45GP,,2,1,26SNKO3149E,2026-09-29 01:42:04
수출,SAWASDEE SIRIUS,2623W,20260831,HASLK02260701321,DK LOGISTICS COLTD12F HANSANG BLDG950,SKHU8118101,40',45GP,,2,1,26SNKO3149E,2026-09-29 01:42:04
수출,SAWASDEE SIRIUS,2623W,20260831,HASLK02260701321,DK LOGISTICS COLTD12F HANSANG BLDG950,SKHU8900255,40',45GP,,2,1,26SNKO3149E,2026-09-29 01:42:04
수출,SAWASDEE SIRIUS,2623W,20260831,HASLK02260701663,DONGSUE CONSOL CO LTD1501 EUN SAN BLDG 65HAEGWAN RO,HLHU6415000,40',45GP,,2,1,26SNKO3149E,2026-09-29 01:42:04
수출,SAWASDEE SIRIUS,2623W,20260831,HASLK02260701663,DONGSUE CONSOL CO LTD1501 EUN SAN BLDG 65HAEGWAN RO,HLHU8466481,40',45GP,,2,1,26SNKO3149E,2026-09-29 01:42:04
수출,SAWASDEE SIRIUS,2623W,20260831,HASLK02260800824,SAMGONG CO LTD135 NOKSANSANDAN 17RO KANGSO-KU,SKHU1640011,20',22PC,,1,1,26SNKO3149E,2026-09-29 01:42:04
수출,SAWASDEE SIRIUS,2623W,20260831,HASLK02260800826,PEOPLE LOGISTICS KOREA CO LTDON BEHALF OF HC GLOBAL CO LTD,HALU5654670,40',45GP,,2,1,26SNKO3149E,2026-09-29 01:42:04
수출,SAWASDEE SIRIUS,2623W,20260831,HASLK02260800826,PEOPLE LOGISTICS KOREA CO LTDON BEHALF OF HC GLOBAL CO LTD,HLHU6413081,40',45GP,,2,1,26SNKO3149E,2026-09-29 01:42:04
수출,SAWASDEE SIRIUS,2623W,20260831,HASLK02260800826,PEOPLE LOGISTICS KOREA CO LTDON BEHALF OF HC GLOBAL CO LTD,SKHU6577950,40',45GP,,2,1,26SNKO3149E,2026-09-29 01:42:04
수출,SAWASDEE SIRIUS,2623W,20260831,HASLK02260800992,PREMIER SEAFOOD TRADE PTE LTD12 WOODLANDS SQUARE 13-79 WOODS,SKRU9903270,40',45RE,,2,1,26SNKO3149E,2026-09-29 01:42:04
수출,SAWASDEE SIRIUS,2623W,20260831,HASLK02260800992,PREMIER SEAFOOD TRADE PTE LTD12 WOODLANDS SQUARE 13-79 WOODS,SKRU9903686,40',45RE,,2,1,26SNKO3149E,2026-09-29 01:42:04
수출,SAWASDEE SIRIUS,2623W,20260831,HASLK02260800992,PREMIER SEAFOOD TRADE PTE LTD12 WOODLANDS SQUARE 13-79 WOODS,SKRU9904548,40',45RE,,2,1,26SNKO3149E,2026-09-29 01:42:04
수출,SAWASDEE SIRIUS,2623W,20260831,HASLK02260800992,PREMIER SEAFOOD TRADE PTE LTD12 WOODLANDS SQUARE 13-79 WOODS,SKRU9908271,40',45RE,,2,1,26SNKO3149E,2026-09-29 01:42:04
수출,SAWASDEE SIRIUS,2623W,20260831,HASLK02260801072,UNIVERSAL MARINE CO LTD,SKLU1927777,20',22GP,,1,1,26SNKO3149E,2026-09-29 01:42:04
수출,SAWASDEE SIRIUS,2623W,20260831,HASLK02260801155,EUNSAN SHIPPING  AIRCARGO COLTDOB OF PHA CO LTD,SKLU1623645,20',22GP,,1,1,26SNKO3149E,2026-09-29 01:42:04
수출,SAWASDEE SIRIUS,2623W,20260831,HASLK02260801252,KS GLOBAL COLTD,HLHU8482688,40',45GP,,2,1,26SNKO3149E,2026-09-29 01:42:04
수출,SAWASDEE SIRIUS,2623W,20260831,HASLK02260801435,KOREA MARINE TRANSPORT CO LTD10FL KYOBO LIFE INSURANCE BLDG,SKHU9907552,40',45GP,,2,1,26SNKO3149E,2026-09-29 01:42:04
수출,SAWASDEE SIRIUS,2623W,20260831,HASLR01260800028,AKROS FISHING JSC ON BEHALF OF     WUZA YAKI LIMITED,FBIU5101856,40',45RE,,2,1,26SNKO3149E,2026-09-29 01:42:04
수출,SAWASDEE SIRIUS,2623W,20260831,HASLR01260800028,AKROS FISHING JSC ON BEHALF OF     WUZA YAKI LIMITED,FBIU5369860,40',45RE,,2,1,26SNKO3149E,2026-09-29 01:42:04
수출,SAWASDEE SIRIUS,2623W,20260831,HASLR01260800028,AKROS FISHING JSC ON BEHALF OF     WUZA YAKI LIMITED,FSCU5836625,40',45RE,,2,1,26SNKO3149E,2026-09-29 01:42:04
수출,SAWASDEE SIRIUS,2623W,20260831,HASLR01260800028,AKROS FISHING JSC ON BEHALF OF     WUZA YAKI LIMITED,FSCU5889625,40',45RE,,2,1,26SNKO3149E,2026-09-29 01:42:04
수출,SAWASDEE SIRIUS,2623W,20260831,HASLR01260800028,AKROS FISHING JSC ON BEHALF OF     WUZA YAKI LIMITED,FSCU5896100,40',45RE,,2,1,26SNKO3149E,2026-09-29 01:42:04
수출,SAWASDEE SIRIUS,2623W,20260831,HASLR01260800028,AKROS FISHING JSC ON BEHALF OF     WUZA YAKI LIMITED,FSCU5908746,40',45RE,,2,1,26SNKO3149E,2026-09-29 01:42:04
수출,SAWASDEE SIRIUS,2623W,20260831,HASLR01260800028,AKROS FISHING JSC ON BEHALF OF     WUZA YAKI LIMITED,FSCU5910661,40',45RE,,2,1,26SNKO3149E,2026-09-29 01:42:04
수출,SAWASDEE SIRIUS,2623W,20260831,HASLR01260800028,AKROS FISHING JSC ON BEHALF OF     WUZA YAKI LIMITED,FSCU5911842,40',45RE,,2,1,26SNKO3149E,2026-09-29 01:42:04
수출,SAWASDEE SIRIUS,2623W,20260831,HASLR01260800028,AKROS FISHING JSC ON BEHALF OF     WUZA YAKI LIMITED,HALU9000996,40',45RE,,2,1,26SNKO3149E,2026-09-29 01:42:04
수출,SAWASDEE SIRIUS,2623W,20260831,HASLR01260800028,AKROS FISHING JSC ON BEHALF OF     WUZA YAKI LIMITED,SEGU9585894,40',45RE,,2,1,26SNKO3149E,2026-09-29 01:42:04
수출,SAWASDEE SIRIUS,2623W,20260831,HASLR01260800028,AKROS FISHING JSC ON BEHALF OF     WUZA YAKI LIMITED,SKRU6502226,40',45RE,,2,1,26SNKO3149E,2026-09-29 01:42:04
수출,SAWASDEE SIRIUS,2623W,20260831,HASLR01260800028,AKROS FISHING JSC ON BEHALF OF     WUZA YAKI LIMITED,SKRU6505694,40',45RE,,2,1,26SNKO3149E,2026-09-29 01:42:04
수출,SAWASDEE SIRIUS,2623W,20260831,HASLR01260800028,AKROS FISHING JSC ON BEHALF OF     WUZA YAKI LIMITED,SKRU9201000,40',45RE,,2,1,26SNKO3149E,2026-09-29 01:42:04
수출,SAWASDEE SIRIUS,2623W,20260831,HASLR01260800028,AKROS FISHING JSC ON BEHALF OF     WUZA YAKI LIMITED,SKRU9901615,40',45RE,,2,1,26SNKO3149E,2026-09-29 01:42:04
수출,SAWASDEE SIRIUS,2623W,20260831,HASLR01260800028,AKROS FISHING JSC ON BEHALF OF     WUZA YAKI LIMITED,SKRU9901662,40',45RE,,2,1,26SNKO3149E,2026-09-29 01:42:04
수출,SAWASDEE SIRIUS,2623W,20260831,HASLR01260800028,AKROS FISHING JSC ON BEHALF OF     WUZA YAKI LIMITED,SKRU9904743,40',45RE,,2,1,26SNKO3149E,2026-09-29 01:42:04
수출,SAWASDEE SIRIUS,2623W,20260831,HASLR01260800028,AKROS FISHING JSC ON BEHALF OF     WUZA YAKI LIMITED,SKRU9905380,40',45RE,,2,1,26SNKO3149E,2026-09-29 01:42:04
수출,SAWASDEE SIRIUS,2623W,20260831,HASLR01260800028,AKROS FISHING JSC ON BEHALF OF     WUZA YAKI LIMITED,SZLU9455913,40',45RE,,2,1,26SNKO3149E,2026-09-29 01:42:04
수출,SAWASDEE SIRIUS,2623W,20260831,HASLR01260800028,AKROS FISHING JSC ON BEHALF OF     WUZA YAKI LIMITED,TEMU9748909,40',45RE,,2,1,26SNKO3149E,2026-09-29 01:42:04
수출,SAWASDEE SIRIUS,2623W,20260831,HASLR01260800030,AKROS FISHING JSC ON BEHALF OF     WUZA YAKI LIMITED,CXRU1575345,40',45RE,,2,1,26SNKO3149E,2026-09-29 01:42:04
수출,SAWASDEE SIRIUS,2623W,20260831,HASLR01260800030,AKROS FISHING JSC ON BEHALF OF     WUZA YAKI LIMITED,FBIU5086690,40',45RE,,2,1,26SNKO3149E,2026-09-29 01:42:04
수출,SAWASDEE SIRIUS,2623W,20260831,HASLR01260800030,AKROS FISHING JSC ON BEHALF OF     WUZA YAKI LIMITED,FBIU5088646,40',45RE,,2,1,26SNKO3149E,2026-09-29 01:42:04
수출,SAWASDEE SIRIUS,2623W,20260831,HASLR01260800030,AKROS FISHING JSC ON BEHALF OF     WUZA YAKI LIMITED,FBIU5093107,40',45RE,,2,1,26SNKO3149E,2026-09-29 01:42:04
수출,SAWASDEE SIRIUS,2623W,20260831,HASLR01260800030,AKROS FISHING JSC ON BEHALF OF     WUZA YAKI LIMITED,FBIU5102976,40',45RE,,2,1,26SNKO3149E,2026-09-29 01:42:04
수출,SAWASDEE SIRIUS,2623W,20260831,HASLR01260800030,AKROS FISHING JSC ON BEHALF OF     WUZA YAKI LIMITED,FBIU5369978,40',45RE,,2,1,26SNKO3149E,2026-09-29 01:42:04
수출,SAWASDEE SIRIUS,2623W,20260831,HASLR01260800030,AKROS FISHING JSC ON BEHALF OF     WUZA YAKI LIMITED,FSCU5836116,40',45RE,,2,1,26SNKO3149E,2026-09-29 01:42:04
수출,SAWASDEE SIRIUS,2623W,20260831,HASLR01260800030,AKROS FISHING JSC ON BEHALF OF     WUZA YAKI LIMITED,FSCU5889878,40',45RE,,2,1,26SNKO3149E,2026-09-29 01:42:04
수출,SAWASDEE SIRIUS,2623W,20260831,HASLR01260800030,AKROS FISHING JSC ON BEHALF OF     WUZA YAKI LIMITED,FSCU5891345,40',45RE,,2,1,26SNKO3149E,2026-09-29 01:42:04
수출,SAWASDEE SIRIUS,2623W,20260831,HASLR01260800030,AKROS FISHING JSC ON BEHALF OF     WUZA YAKI LIMITED,FSCU5891350,40',45RE,,2,1,26SNKO3149E,2026-09-29 01:42:04
수출,SAWASDEE SIRIUS,2623W,20260831,HASLR01260800030,AKROS FISHING JSC ON BEHALF OF     WUZA YAKI LIMITED,HALU8501329,40',45RE,,2,1,26SNKO3149E,2026-09-29 01:42:04
수출,SAWASDEE SIRIUS,2623W,20260831,HASLR01260800030,AKROS FISHING JSC ON BEHALF OF     WUZA YAKI LIMITED,SEGU9586360,40',45RE,,2,1,26SNKO3149E,2026-09-29 01:42:04
수출,SAWASDEE SIRIUS,2623W,20260831,HASLR01260800030,AKROS FISHING JSC ON BEHALF OF     WUZA YAKI LIMITED,SKRU6506807,40',45RE,,2,1,26SNKO3149E,2026-09-29 01:42:04
수출,SAWASDEE SIRIUS,2623W,20260831,HASLR01260800030,AKROS FISHING JSC ON BEHALF OF     WUZA YAKI LIMITED,SKRU8900759,40',45RE,,2,1,26SNKO3149E,2026-09-29 01:42:04
수출,SAWASDEE SIRIUS,2623W,20260831,HASLR01260800030,AKROS FISHING JSC ON BEHALF OF     WUZA YAKI LIMITED,SKRU9900856,40',45RE,,2,1,26SNKO3149E,2026-09-29 01:42:04
수출,SAWASDEE SIRIUS,2623W,20260831,HASLR01260800030,AKROS FISHING JSC ON BEHALF OF     WUZA YAKI LIMITED,SKRU9902123,40',45RE,,2,1,26SNKO3149E,2026-09-29 01:42:04
수출,SAWASDEE SIRIUS,2623W,20260831,HASLR01260800030,AKROS FISHING JSC ON BEHALF OF     WUZA YAKI LIMITED,SKRU9906010,40',45RE,,2,1,26SNKO3149E,2026-09-29 01:42:04
수출,SAWASDEE SIRIUS,2623W,20260831,HASLR01260800030,AKROS FISHING JSC ON BEHALF OF     WUZA YAKI LIMITED,SKRU9906366,40',45RE,,2,1,26SNKO3149E,2026-09-29 01:42:04
수출,SAWASDEE SIRIUS,2623W,20260831,HASLR01260800030,AKROS FISHING JSC ON BEHALF OF     WUZA YAKI LIMITED,SZLU9371448,40',45RE,,2,1,26SNKO3149E,2026-09-29 01:42:04
수출,SAWASDEE SIRIUS,2623W,20260831,HASLR01260800030,AKROS FISHING JSC ON BEHALF OF     WUZA YAKI LIMITED,TCLU1263972,40',45RE,,2,1,26SNKO3149E,2026-09-29 01:42:04
수출,SAWASDEE SIRIUS,2623W,20260831,HASLR01260800102,SIRIUS CO LTD,FBIU5090535,40',45RE,,2,1,26SNKO3149E,2026-09-29 01:42:04
수출,SAWASDEE SIRIUS,2623W,20260831,HASLR01260800102,SIRIUS CO LTD,FBIU5094654,40',45RE,,2,1,26SNKO3149E,2026-09-29 01:42:04
수출,SAWASDEE SIRIUS,2623W,20260831,HASLR01260800102,SIRIUS CO LTD,FSCU5867776,40',45RE,,2,1,26SNKO3149E,2026-09-29 01:42:04
수출,SAWASDEE SIRIUS,2623W,20260831,HASLR01260800102,SIRIUS CO LTD,FSCU5892819,40',45RE,,2,1,26SNKO3149E,2026-09-29 01:42:04
수출,SAWASDEE SIRIUS,2623W,20260831,HASLR01260800102,SIRIUS CO LTD,SKRU6502972,40',45RE,,2,1,26SNKO3149E,2026-09-29 01:42:04
수출,SAWASDEE SIRIUS,2623W,20260831,HASLR01260800102,SIRIUS CO LTD,SKRU9201817,40',45RE,,2,1,26SNKO3149E,2026-09-29 01:42:04
수출,SAWASDEE THAILAND,9013W,20260831,HASLJ01260601504,OJI KINOCLOTH COLTD5-12-8 GINZA CHUO-KU TOKYO JAPAN,BMOU5809094,40',45GP,,2,1,26SNKO3286E,2026-09-29 01:42:04
수출,SAWASDEE THAILAND,9013W,20260831,HASLJ01260601504,OJI KINOCLOTH COLTD5-12-8 GINZA CHUO-KU TOKYO JAPAN,HLHU8478369,40',45GP,,2,1,26SNKO3286E,2026-09-29 01:42:04
수출,SAWASDEE THAILAND,9013W,20260831,HASLJ01260601504,OJI KINOCLOTH COLTD5-12-8 GINZA CHUO-KU TOKYO JAPAN,SKHU6517946,40',45GP,,2,1,26SNKO3286E,2026-09-29 01:42:04
수출,SAWASDEE THAILAND,9013W,20260831,HASLJ01260700373,NP TRADING COLTD4-6KANDASURUGADAICHIYODA-KU,HLHU8530343,40',45GP,,2,1,26SNKO3286E,2026-09-29 01:42:04
수출,SAWASDEE THAILAND,9013W,20260831,HASLJ01260700437,KINTETSU WORLD EXPRESS INCEXPORT SEA FREIGHT OPERATIONCENTER,HALU5659666,40',45GP,,2,1,26SNKO3286E,2026-09-29 01:42:04
수출,SAWASDEE THAILAND,9013W,20260831,HASLJ01260700437,KINTETSU WORLD EXPRESS INCEXPORT SEA FREIGHT OPERATIONCENTER,HLHU8300572,40',45GP,,2,1,26SNKO3286E,2026-09-29 01:42:04
수출,SAWASDEE THAILAND,9013W,20260831,HASLJ01260700437,KINTETSU WORLD EXPRESS INCEXPORT SEA FREIGHT OPERATIONCENTER,HLHU8320938,40',45GP,,2,1,26SNKO3286E,2026-09-29 01:42:04
수출,SAWASDEE THAILAND,9013W,20260831,HASLJ01260700437,KINTETSU WORLD EXPRESS INCEXPORT SEA FREIGHT OPERATIONCENTER,HLHU8330730,40',45GP,,2,1,26SNKO3286E,2026-09-29 01:42:04
수출,SAWASDEE THAILAND,9013W,20260831,HASLJ01260700437,KINTETSU WORLD EXPRESS INCEXPORT SEA FREIGHT OPERATIONCENTER,HLHU8335389,40',45GP,,2,1,26SNKO3286E,2026-09-29 01:42:04
수출,SAWASDEE THAILAND,9013W,20260831,HASLJ01260700437,KINTETSU WORLD EXPRESS INCEXPORT SEA FREIGHT OPERATIONCENTER,HLHU8363800,40',45GP,,2,1,26SNKO3286E,2026-09-29 01:42:04
수출,SAWASDEE THAILAND,9013W,20260831,HASLJ01260700437,KINTETSU WORLD EXPRESS INCEXPORT SEA FREIGHT OPERATIONCENTER,HLHU8428162,40',45GP,,2,1,26SNKO3286E,2026-09-29 01:42:04
수출,SAWASDEE THAILAND,9013W,20260831,HASLJ01260700437,KINTETSU WORLD EXPRESS INCEXPORT SEA FREIGHT OPERATIONCENTER,HLHU8451748,40',45GP,,2,1,26SNKO3286E,2026-09-29 01:42:04
수출,SAWASDEE THAILAND,9013W,20260831,HASLJ01260700437,KINTETSU WORLD EXPRESS INCEXPORT SEA FREIGHT OPERATIONCENTER,HLHU8489384,40',45GP,,2,1,26SNKO3286E,2026-09-29 01:42:04
수출,SAWASDEE THAILAND,9013W,20260831,HASLJ01260700437,KINTETSU WORLD EXPRESS INCEXPORT SEA FREIGHT OPERATIONCENTER,HLHU8567912,40',45GP,,2,1,26SNKO3286E,2026-09-29 01:42:04
수출,SAWASDEE THAILAND,9013W,20260831,HASLJ01260700437,KINTETSU WORLD EXPRESS INCEXPORT SEA FREIGHT OPERATIONCENTER,HLHU8574911,40',45GP,,2,1,26SNKO3286E,2026-09-29 01:42:04
수출,SAWASDEE THAILAND,9013W,20260831,HASLJ01260700437,KINTETSU WORLD EXPRESS INCEXPORT SEA FREIGHT OPERATIONCENTER,SEKU4985146,40',45GP,,2,1,26SNKO3286E,2026-09-29 01:42:04
수출,SAWASDEE THAILAND,9013W,20260831,HASLJ01260700437,KINTETSU WORLD EXPRESS INCEXPORT SEA FREIGHT OPERATIONCENTER,SKHU6372729,40',45GP,,2,1,26SNKO3286E,2026-09-29 01:42:04
수출,SAWASDEE THAILAND,9013W,20260831,HASLJ01260700437,KINTETSU WORLD EXPRESS INCEXPORT SEA FREIGHT OPERATIONCENTER,SKHU6418310,40',45GP,,2,1,26SNKO3286E,2026-09-29 01:42:04
수출,SAWASDEE THAILAND,9013W,20260831,HASLJ01260700437,KINTETSU WORLD EXPRESS INCEXPORT SEA FREIGHT OPERATIONCENTER,SKHU6431009,40',45GP,,2,1,26SNKO3286E,2026-09-29 01:42:04
수출,SAWASDEE THAILAND,9013W,20260831,HASLJ01260700437,KINTETSU WORLD EXPRESS INCEXPORT SEA FREIGHT OPERATIONCENTER,SKHU6501929,40',45GP,,2,1,26SNKO3286E,2026-09-29 01:42:04
수출,SAWASDEE THAILAND,9013W,20260831,HASLJ01260700437,KINTETSU WORLD EXPRESS INCEXPORT SEA FREIGHT OPERATIONCENTER,SKHU8408456,40',45GP,,2,1,26SNKO3286E,2026-09-29 01:42:04
수출,SAWASDEE THAILAND,9013W,20260831,HASLJ01260700437,KINTETSU WORLD EXPRESS INCEXPORT SEA FREIGHT OPERATIONCENTER,SKHU9606311,40',45GP,,2,1,26SNKO3286E,2026-09-29 01:42:04
수출,SAWASDEE THAILAND,9013W,20260831,HASLJ01260700437,KINTETSU WORLD EXPRESS INCEXPORT SEA FREIGHT OPERATIONCENTER,SKHU9628711,40',45GP,,2,1,26SNKO3286E,2026-09-29 01:42:04
수출,SAWASDEE THAILAND,9013W,20260831,HASLJ01260700437,KINTETSU WORLD EXPRESS INCEXPORT SEA FREIGHT OPERATIONCENTER,SKHU9832371,40',45GP,,2,1,26SNKO3286E,2026-09-29 01:42:04
수출,SAWASDEE THAILAND,9013W,20260831,HASLJ01260700437,KINTETSU WORLD EXPRESS INCEXPORT SEA FREIGHT OPERATIONCENTER,SKHU9907969,40',45GP,,2,1,26SNKO3286E,2026-09-29 01:42:04
수출,SAWASDEE THAILAND,9013W,20260831,HASLJ01260700437,KINTETSU WORLD EXPRESS INCEXPORT SEA FREIGHT OPERATIONCENTER,SKHU9971459,40',45GP,,2,1,26SNKO3286E,2026-09-29 01:42:04
수출,SAWASDEE THAILAND,9013W,20260831,HASLJ01260700457,KINSEI MATEC COLTDJPR KOUJIMACHI BLDG 5-4 KOUJIMACHI,DFSU1454892,20',22GP,,1,1,26SNKO3286E,2026-09-29 01:42:04
수출,SAWASDEE THAILAND,9013W,20260831,HASLJ01260700457,KINSEI MATEC COLTDJPR KOUJIMACHI BLDG 5-4 KOUJIMACHI,SKLU1985726,20',22GP,,1,1,26SNKO3286E,2026-09-29 01:42:04
수출,SAWASDEE THAILAND,9013W,20260831,HASLJ01260700674,NIPPON EXPRESS COLTDAS AGENT OF NX GLOBAL,SKLU2352770,20',22GP,,1,1,26SNKO3286E,2026-09-29 01:42:04
수출,SAWASDEE THAILAND,9013W,20260831,HASLJ01260700751,KINTETSU WORLD EXPRESS INCCODE99993010001014251,HALU2100740,20',22GP,,1,1,26SNKO3286E,2026-09-29 01:42:04
수출,SAWASDEE THAILAND,9013W,20260831,HASLJ01260700751,KINTETSU WORLD EXPRESS INCCODE99993010001014251,HALU2425643,20',22GP,,1,1,26SNKO3286E,2026-09-29 01:42:04
수출,SAWASDEE THAILAND,9013W,20260831,HASLJ01260700751,KINTETSU WORLD EXPRESS INCCODE99993010001014251,HALU2432262,20',22GP,,1,1,26SNKO3286E,2026-09-29 01:42:04
수출,SAWASDEE THAILAND,9013W,20260831,HASLJ01260700751,KINTETSU WORLD EXPRESS INCCODE99993010001014251,HALU2509385,20',22GP,,1,1,26SNKO3286E,2026-09-29 01:42:04
수출,SAWASDEE THAILAND,9013W,20260831,HASLJ01260700751,KINTETSU WORLD EXPRESS INCCODE99993010001014251,HALU2562414,20',22GP,,1,1,26SNKO3286E,2026-09-29 01:42:04
수출,SAWASDEE THAILAND,9013W,20260831,HASLJ01260700751,KINTETSU WORLD EXPRESS INCCODE99993010001014251,HALU2565326,20',22GP,,1,1,26SNKO3286E,2026-09-29 01:42:04
수출,SAWASDEE THAILAND,9013W,20260831,HASLJ01260700751,KINTETSU WORLD EXPRESS INCCODE99993010001014251,HALU2570153,20',22GP,,1,1,26SNKO3286E,2026-09-29 01:42:04
수출,SAWASDEE THAILAND,9013W,20260831,HASLJ01260700751,KINTETSU WORLD EXPRESS INCCODE99993010001014251,HLHU8513963,40',45GP,,2,1,26SNKO3286E,2026-09-29 01:42:04
수출,SAWASDEE THAILAND,9013W,20260831,HASLJ01260700751,KINTETSU WORLD EXPRESS INCCODE99993010001014251,SKHU6310727,40',45GP,,2,1,26SNKO3286E,2026-09-29 01:42:04
수출,SAWASDEE THAILAND,9013W,20260831,HASLJ01260700751,KINTETSU WORLD EXPRESS INCCODE99993010001014251,SKHU6542682,40',45GP,,2,1,26SNKO3286E,2026-09-29 01:42:04
수출,SAWASDEE THAILAND,9013W,20260831,HASLJ01260700751,KINTETSU WORLD EXPRESS INCCODE99993010001014251,SKHU9948021,40',45GP,,2,1,26SNKO3286E,2026-09-29 01:42:04
수출,SAWASDEE THAILAND,9013W,20260831,HASLJ01260700752,KINTETSU WORLD EXPRESS INCCODE99993010001014251,HALU2354529,20',22GP,,1,1,26SNKO3286E,2026-09-29 01:42:04
수출,SAWASDEE THAILAND,9013W,20260831,HASLJ01260700752,KINTETSU WORLD EXPRESS INCCODE99993010001014251,HALU2364168,20',22GP,,1,1,26SNKO3286E,2026-09-29 01:42:04
수출,SAWASDEE THAILAND,9013W,20260831,HASLJ01260700786,KINTETSU WORLD EXPRESS INCEXPORT SEA FREIGHT OPERATIONCENTER,BMOU6429756,40',45GP,,2,1,26SNKO3286E,2026-09-29 01:42:04
수출,SAWASDEE THAILAND,9013W,20260831,HASLJ01260700786,KINTETSU WORLD EXPRESS INCEXPORT SEA FREIGHT OPERATIONCENTER,HALU5679282,40',45GP,,2,1,26SNKO3286E,2026-09-29 01:42:04
수출,SAWASDEE THAILAND,9013W,20260831,HASLJ01260700786,KINTETSU WORLD EXPRESS INCEXPORT SEA FREIGHT OPERATIONCENTER,HLHU8104991,40',45GP,,2,1,26SNKO3286E,2026-09-29 01:42:04
수출,SAWASDEE THAILAND,9013W,20260831,HASLJ01260700786,KINTETSU WORLD EXPRESS INCEXPORT SEA FREIGHT OPERATIONCENTER,HLHU8200188,40',45GP,,2,1,26SNKO3286E,2026-09-29 01:42:04
수출,SAWASDEE THAILAND,9013W,20260831,HASLJ01260700786,KINTETSU WORLD EXPRESS INCEXPORT SEA FREIGHT OPERATIONCENTER,HLHU8316901,40',45GP,,2,1,26SNKO3286E,2026-09-29 01:42:04
수출,SAWASDEE THAILAND,9013W,20260831,HASLJ01260700786,KINTETSU WORLD EXPRESS INCEXPORT SEA FREIGHT OPERATIONCENTER,SEGU5421790,40',45GP,,2,1,26SNKO3286E,2026-09-29 01:42:04
수출,SAWASDEE THAILAND,9013W,20260831,HASLJ01260700786,KINTETSU WORLD EXPRESS INCEXPORT SEA FREIGHT OPERATIONCENTER,SKHU6406222,40',45GP,,2,1,26SNKO3286E,2026-09-29 01:42:04
수출,SAWASDEE THAILAND,9013W,20260831,HASLJ01260700786,KINTETSU WORLD EXPRESS INCEXPORT SEA FREIGHT OPERATIONCENTER,SKHU8100653,40',45GP,,2,1,26SNKO3286E,2026-09-29 01:42:04
수출,SAWASDEE THAILAND,9013W,20260831,HASLJ01260700786,KINTETSU WORLD EXPRESS INCEXPORT SEA FREIGHT OPERATIONCENTER,SKHU8105911,40',45GP,,2,1,26SNKO3286E,2026-09-29 01:42:04
수출,SAWASDEE THAILAND,9013W,20260831,HASLJ01260700786,KINTETSU WORLD EXPRESS INCEXPORT SEA FREIGHT OPERATIONCENTER,SKHU8433340,40',45GP,,2,1,26SNKO3286E,2026-09-29 01:42:04
수출,SAWASDEE THAILAND,9013W,20260831,HASLJ01260700786,KINTETSU WORLD EXPRESS INCEXPORT SEA FREIGHT OPERATIONCENTER,SKHU8702080,40',45GP,,2,1,26SNKO3286E,2026-09-29 01:42:04
수출,SAWASDEE THAILAND,9013W,20260831,HASLJ01260700786,KINTETSU WORLD EXPRESS INCEXPORT SEA FREIGHT OPERATIONCENTER,SKHU8704695,40',45GP,,2,1,26SNKO3286E,2026-09-29 01:42:04
수출,SAWASDEE THAILAND,9013W,20260831,HASLJ01260700786,KINTETSU WORLD EXPRESS INCEXPORT SEA FREIGHT OPERATIONCENTER,SKHU8910973,40',45GP,,2,1,26SNKO3286E,2026-09-29 01:42:04
수출,SAWASDEE THAILAND,9013W,20260831,HASLJ01260700786,KINTETSU WORLD EXPRESS INCEXPORT SEA FREIGHT OPERATIONCENTER,SKHU9503566,40',45GP,,2,1,26SNKO3286E,2026-09-29 01:42:04
수출,SAWASDEE THAILAND,9013W,20260831,HASLJ01260700786,KINTETSU WORLD EXPRESS INCEXPORT SEA FREIGHT OPERATIONCENTER,SKHU9517148,40',45GP,,2,1,26SNKO3286E,2026-09-29 01:42:04
수출,SAWASDEE THAILAND,9013W,20260831,HASLJ01260700786,KINTETSU WORLD EXPRESS INCEXPORT SEA FREIGHT OPERATIONCENTER,SKHU9554769,40',45GP,,2,1,26SNKO3286E,2026-09-29 01:42:04
수출,SAWASDEE THAILAND,9013W,20260831,HASLJ01260700786,KINTETSU WORLD EXPRESS INCEXPORT SEA FREIGHT OPERATIONCENTER,SKHU9811487,40',45GP,,2,1,26SNKO3286E,2026-09-29 01:42:04
수출,SAWASDEE THAILAND,9013W,20260831,HASLJ01260700786,KINTETSU WORLD EXPRESS INCEXPORT SEA FREIGHT OPERATIONCENTER,SKHU9812689,40',45GP,,2,1,26SNKO3286E,2026-09-29 01:42:04
수출,SAWASDEE THAILAND,9013W,20260831,HASLJ01260700786,KINTETSU WORLD EXPRESS INCEXPORT SEA FREIGHT OPERATIONCENTER,SKHU9815604,40',45GP,,2,1,26SNKO3286E,2026-09-29 01:42:04
수출,SAWASDEE THAILAND,9013W,20260831,HASLJ01260700786,KINTETSU WORLD EXPRESS INCEXPORT SEA FREIGHT OPERATIONCENTER,SKHU9819087,40',45GP,,2,1,26SNKO3286E,2026-09-29 01:42:04
수출,SAWASDEE THAILAND,9013W,20260831,HASLJ01260700786,KINTETSU WORLD EXPRESS INCEXPORT SEA FREIGHT OPERATIONCENTER,SKHU9829779,40',45GP,,2,1,26SNKO3286E,2026-09-29 01:42:04
수출,SAWASDEE THAILAND,9013W,20260831,HASLJ01260700786,KINTETSU WORLD EXPRESS INCEXPORT SEA FREIGHT OPERATIONCENTER,SKHU9903069,40',45GP,,2,1,26SNKO3286E,2026-09-29 01:42:04
수출,SAWASDEE THAILAND,9013W,20260831,HASLJ01260700786,KINTETSU WORLD EXPRESS INCEXPORT SEA FREIGHT OPERATIONCENTER,SKHU9938722,40',45GP,,2,1,26SNKO3286E,2026-09-29 01:42:04
수출,SAWASDEE THAILAND,9013W,20260831,HASLJ01260700786,KINTETSU WORLD EXPRESS INCEXPORT SEA FREIGHT OPERATIONCENTER,TCNU6161991,40',45GP,,2,1,26SNKO3286E,2026-09-29 01:42:04
수출,SAWASDEE THAILAND,9013W,20260831,HASLJ01260700786,KINTETSU WORLD EXPRESS INCEXPORT SEA FREIGHT OPERATIONCENTER,TRHU5282518,40',45GP,,2,1,26SNKO3286E,2026-09-29 01:42:04
수출,SAWASDEE THAILAND,9013W,20260831,HASLJ01260700998,BULKHAUL JAPAN KK ON BEHALF OFBULKHAUL LIMITED,BAFU8883690,20',22TN,,1,1,26SNKO3286E,2026-09-29 01:42:04
수출,SAWASDEE THAILAND,9013W,20260831,HASLJ01260700998,BULKHAUL JAPAN KK ON BEHALF OFBULKHAUL LIMITED,BAFU8893954,20',22TN,,1,1,26SNKO3286E,2026-09-29 01:42:04
수출,SAWASDEE THAILAND,9013W,20260831,HASLJ01260700998,BULKHAUL JAPAN KK ON BEHALF OFBULKHAUL LIMITED,BAFU8900842,20',22TN,,1,1,26SNKO3286E,2026-09-29 01:42:04
수출,SAWASDEE THAILAND,9013W,20260831,HASLJ01260700998,BULKHAUL JAPAN KK ON BEHALF OFBULKHAUL LIMITED,BAFU8903836,20',22TN,,1,1,26SNKO3286E,2026-09-29 01:42:04
수출,SAWASDEE THAILAND,9013W,20260831,HASLJ01260700998,BULKHAUL JAPAN KK ON BEHALF OFBULKHAUL LIMITED,BAFU8905628,20',22TN,,1,1,26SNKO3286E,2026-09-29 01:42:04
수출,SAWASDEE THAILAND,9013W,20260831,HASLJ01260701008,HOKKAIDO DEVELOPMENT GROUP INC,HALU2437325,20',22GP,,1,1,26SNKO3286E,2026-09-29 01:42:04
수출,SAWASDEE THAILAND,9013W,20260831,HASLJ01260701053,HOKKAIDO DEVELOPMENT GROUP INC,HALU2557974,20',22GP,,1,1,26SNKO3286E,2026-09-29 01:42:04
수출,SAWASDEE THAILAND,9013W,20260831,HASLJ01260701396,OJI KINOCLOTH COLTD5-12-8 GINZA CHUO-KU TOKYO JAPAN,HLHU8440466,40',45GP,,2,1,26SNKO3286E,2026-09-29 01:42:04
수출,SAWASDEE THAILAND,9013W,20260831,HASLJ01260701396,OJI KINOCLOTH COLTD5-12-8 GINZA CHUO-KU TOKYO JAPAN,HLHU8504806,40',45GP,,2,1,26SNKO3286E,2026-09-29 01:42:04
수출,SAWASDEE THAILAND,9013W,20260831,HASLJ01260701396,OJI KINOCLOTH COLTD5-12-8 GINZA CHUO-KU TOKYO JAPAN,JPHU2500844,40',45GP,,2,1,26SNKO3286E,2026-09-29 01:42:04
수출,SAWASDEE THAILAND,9013W,20260831,HASLJ01260701396,OJI KINOCLOTH COLTD5-12-8 GINZA CHUO-KU TOKYO JAPAN,SKHU9817844,40',45GP,,2,1,26SNKO3286E,2026-09-29 01:42:04
수출,SAWASDEE THAILAND,9013W,20260831,HASLJ01260701468,BULKHAUL JAPAN KK ON BEHALF OFBULKHAUL LIMITED,BAFU8610606,20',22TN,,1,1,26SNKO3286E,2026-09-29 01:42:04
수출,SAWASDEE THAILAND,9013W,20260831,HASLJ01260701468,BULKHAUL JAPAN KK ON BEHALF OFBULKHAUL LIMITED,BAFU8628668,20',22TN,,1,1,26SNKO3286E,2026-09-29 01:42:04
수출,SAWASDEE THAILAND,9013W,20260831,HASLJ01260701468,BULKHAUL JAPAN KK ON BEHALF OFBULKHAUL LIMITED,BAFU8636806,20',22TN,,1,1,26SNKO3286E,2026-09-29 01:42:04
수출,SAWASDEE THAILAND,9013W,20260831,HASLJ01260701468,BULKHAUL JAPAN KK ON BEHALF OFBULKHAUL LIMITED,BAFU8638481,20',22TN,,1,1,26SNKO3286E,2026-09-29 01:42:04
수출,SAWASDEE THAILAND,9013W,20260831,HASLJ01260701468,BULKHAUL JAPAN KK ON BEHALF OFBULKHAUL LIMITED,BAFU8641696,20',22TN,,1,1,26SNKO3286E,2026-09-29 01:42:04
수출,SAWASDEE THAILAND,9013W,20260831,HASLJ01260701468,BULKHAUL JAPAN KK ON BEHALF OFBULKHAUL LIMITED,BAFU8643322,20',22TN,,1,1,26SNKO3286E,2026-09-29 01:42:04
수출,SAWASDEE THAILAND,9013W,20260831,HASLJ01260701468,BULKHAUL JAPAN KK ON BEHALF OFBULKHAUL LIMITED,BAFU8818971,20',22TN,,1,1,26SNKO3286E,2026-09-29 01:42:04
수출,SAWASDEE THAILAND,9013W,20260831,HASLJ01260701468,BULKHAUL JAPAN KK ON BEHALF OFBULKHAUL LIMITED,BAFU8896613,20',22TN,,1,1,26SNKO3286E,2026-09-29 01:42:04
수출,SAWASDEE THAILAND,9013W,20260831,HASLJ01260701468,BULKHAUL JAPAN KK ON BEHALF OFBULKHAUL LIMITED,BAFU8899470,20',22TN,,1,1,26SNKO3286E,2026-09-29 01:42:04
수출,SAWASDEE THAILAND,9013W,20260831,HASLJ01260701468,BULKHAUL JAPAN KK ON BEHALF OFBULKHAUL LIMITED,BAFU8901089,20',22TN,,1,1,26SNKO3286E,2026-09-29 01:42:04
수출,SAWASDEE THAILAND,9013W,20260831,HASLJ01260701468,BULKHAUL JAPAN KK ON BEHALF OFBULKHAUL LIMITED,BLKU1266234,20',22TN,,1,1,26SNKO3286E,2026-09-29 01:42:04
수출,SAWASDEE THAILAND,9013W,20260831,HASLJ01260701468,BULKHAUL JAPAN KK ON BEHALF OFBULKHAUL LIMITED,BLKU2555139,20',22TN,,1,1,26SNKO3286E,2026-09-29 01:42:04
수출,SAWASDEE THAILAND,9013W,20260831,HASLJ01260701468,BULKHAUL JAPAN KK ON BEHALF OFBULKHAUL LIMITED,BLKU2594794,20',22TN,,1,1,26SNKO3286E,2026-09-29 01:42:04
수출,SAWASDEE THAILAND,9013W,20260831,HASLJ01260701617,KYOKUYO CO LTD,HLHU8436620,40',45GP,,2,1,26SNKO3286E,2026-09-29 01:42:04
수출,SAWASDEE THAILAND,9013W,20260831,HASLJ01260701617,KYOKUYO CO LTD,SKHU8426911,40',45GP,,2,1,26SNKO3286E,2026-09-29 01:42:04
수출,SAWASDEE THAILAND,9013W,20260831,HASLJ01260701717,NIPPON EXPRESS COLTDAS AGENT OF NX GLOBAL,HALU2559663,20',22GP,,1,1,26SNKO3286E,2026-09-29 01:42:04
수출,SAWASDEE THAILAND,9013W,20260831,HASLJ01260800034,BULKHAUL JAPAN KK ON BEHALF OFBULKHAUL LIMITED 1,BLKU2568590,20',22TN,,1,1,26SNKO3286E,2026-09-29 01:42:04
수출,SAWASDEE THAILAND,9013W,20260831,HASLJ01260800034,BULKHAUL JAPAN KK ON BEHALF OFBULKHAUL LIMITED 1,BRKU1253916,20',22TN,,1,1,26SNKO3286E,2026-09-29 01:42:04
수출,SAWASDEE THAILAND,9013W,20260831,HASLJ01260800034,BULKHAUL JAPAN KK ON BEHALF OFBULKHAUL LIMITED 1,BRKU1257505,20',22TN,,1,1,26SNKO3286E,2026-09-29 01:42:04
수출,SAWASDEE THAILAND,9013W,20260831,HASLJ01260800113,STOLT-NIELSEN JAPAN COLTD99991010401015108,STBU2637317,20',22TN,,1,1,26SNKO3286E,2026-09-29 01:42:04
수출,SAWASDEE THAILAND,9013W,20260831,HASLJ01260800140,BULKHAUL JAPAN KK ON BEHALF OFBULKHAUL LIMITED 1,BLKU1261612,20',22TN,,1,1,26SNKO3286E,2026-09-29 01:42:04
수출,SAWASDEE THAILAND,9013W,20260831,HASLJ01260800140,BULKHAUL JAPAN KK ON BEHALF OFBULKHAUL LIMITED 1,BLKU2558626,20',22TN,,1,1,26SNKO3286E,2026-09-29 01:42:04
수출,SAWASDEE THAILAND,9013W,20260831,HASLJ01260800229,STOLT-NIELSEN JAPAN COLTD,STBU6721196,20',22TN,,1,1,26SNKO3286E,2026-09-29 01:42:04
수출,SAWASDEE THAILAND,9013W,20260831,HASLK01260606680,DACHSER KOREA INC - SEOUL BRANCH9F 165 YANGHWA-RO MAPO-GU SEOUL,SKHU9205221,40',45GP,,2,1,26SNKO3286E,2026-09-29 01:42:04
수출,SAWASDEE THAILAND,9013W,20260831,HASLK01260606680,DACHSER KOREA INC - SEOUL BRANCH9F 165 YANGHWA-RO MAPO-GU SEOUL,SKLU2333830,20',22GP,,1,1,26SNKO3286E,2026-09-29 01:42:04
수출,SAWASDEE THAILAND,9013W,20260831,HASLK01260703418,CJ LOGISTICS CORPORATIONOB OF AIR PRODUCTS KOREA INC,SKHU8129430,40',45GP,,2,1,26SNKO3286E,2026-09-29 01:42:04
수출,SAWASDEE THAILAND,9013W,20260831,HASLK01260704405,KOREA TOTAL LOGISTICS COLTD,GCXU6011303,40',45GP,,2,1,26SNKO3286E,2026-09-29 01:42:04
수출,SAWASDEE THAILAND,9013W,20260831,HASLK01260705925,CJ LOGISTICS CORPOTAION OB OFWONIK MATERAILS COLTD,BEAU2997671,20',22GP,,1,1,26SNKO3286E,2026-09-29 01:42:04
수출,SAWASDEE THAILAND,9013W,20260831,HASLK01260707880,ICDC LINE COLTD OB OF,HALU2360265,20',22GP,,1,1,26SNKO3286E,2026-09-29 01:42:04
수출,SAWASDEE THAILAND,9013W,20260831,HASLK01260707880,ICDC LINE COLTD OB OF,HALU2503068,20',22GP,,1,1,26SNKO3286E,2026-09-29 01:42:04
수출,SAWASDEE THAILAND,9013W,20260831,HASLK01260707880,ICDC LINE COLTD OB OF,HALU2588492,20',22GP,,1,1,26SNKO3286E,2026-09-29 01:42:04
수출,SAWASDEE THAILAND,9013W,20260831,HASLK01260707880,ICDC LINE COLTD OB OF,SKLU1119742,20',22GP,,1,1,26SNKO3286E,2026-09-29 01:42:04
수출,SAWASDEE THAILAND,9013W,20260831,HASLK01260707880,ICDC LINE COLTD OB OF,TGCU2394730,20',22GP,,1,1,26SNKO3286E,2026-09-29 01:42:04
수출,SAWASDEE THAILAND,9013W,20260831,HASLK01260708220,HANKOOK TIRE  TECHNOLOGY CO LTD286 PANGYO-RO BUNDANG-GU SEONGNA,SKHU9913473,40',45GP,,2,1,26SNKO3286E,2026-09-29 01:42:04
수출,SAWASDEE THAILAND,9013W,20260831,HASLK01260708826,LX PANTOS CO LTDON BEHALF OF LX HAUSYS LTD,SKHU9405852,40',45GP,,2,1,26SNKO3286E,2026-09-29 01:42:04
수출,SAWASDEE THAILAND,9013W,20260831,HASLK01260708895,DACHSER KOREA INCSEOUL BRANCH,HALU5656100,40',45GP,,2,1,26SNKO3286E,2026-09-29 01:42:04
수출,SAWASDEE THAILAND,9013W,20260831,HASLK01260709988,DOW CHEMICAL PACIFIC SINGAPORE PTE LTD,SKLU3511979,20',22GP,,1,1,26SNKO3286E,2026-09-29 01:42:04
수출,SAWASDEE THAILAND,9013W,20260831,HASLK01260709989,DOW CHEMICAL PACIFIC SINGAPORE PTE LTD,SKLU1972014,20',22GP,,1,1,26SNKO3286E,2026-09-29 01:42:04
수출,SAWASDEE THAILAND,9013W,20260831,HASLK01260800545,RADIX COLTD OB OFPPG INDUSTRIESKOREA LTD,EHSU2510125,20',22TN,,1,1,26SNKO3286E,2026-09-29 01:42:04
수출,SAWASDEE THAILAND,9013W,20260831,HASLK01260801170,KUKDO CHEMICAL CO LTD61 GASANDIGITAL 2-RO,FSCU5896270,40',45RE,,2,1,26SNKO3286E,2026-09-29 01:42:04
수출,SAWASDEE THAILAND,9013W,20260831,HASLK01260801740,INNOSY-M CO LTD702-52 BARAN-RO HYANGNAM-EUP,SEGU7637197,40',42PC,,2,1,26SNKO3286E,2026-09-29 01:42:04
수출,SAWASDEE THAILAND,9013W,20260831,HASLK01260801740,INNOSY-M CO LTD702-52 BARAN-RO HYANGNAM-EUP,TTNU0707080,40',42PC,,2,1,26SNKO3286E,2026-09-29 01:42:04
수출,SAWASDEE THAILAND,9013W,20260831,HASLK01260801740,INNOSY-M CO LTD702-52 BARAN-RO HYANGNAM-EUP,TTNU0751777,40',42PC,,2,1,26SNKO3286E,2026-09-29 01:42:04
수출,SAWASDEE THAILAND,9013W,20260831,HASLK01260802054,SAMYANG FOODS INC,HLHU6416727,40',45GP,,2,1,26SNKO3286E,2026-09-29 01:42:04
수출,SAWASDEE THAILAND,9013W,20260831,HASLK01260802054,SAMYANG FOODS INC,HLHU8442556,40',45GP,,2,1,26SNKO3286E,2026-09-29 01:42:04
수출,SAWASDEE THAILAND,9013W,20260831,HASLK01260802054,SAMYANG FOODS INC,HLHU8561410,40',45GP,,2,1,26SNKO3286E,2026-09-29 01:42:04
수출,SAWASDEE THAILAND,9013W,20260831,HASLK01260802054,SAMYANG FOODS INC,SKHU6303456,40',45GP,,2,1,26SNKO3286E,2026-09-29 01:42:04
수출,SAWASDEE THAILAND,9013W,20260831,HASLK01260802054,SAMYANG FOODS INC,SKHU6465863,40',45GP,,2,1,26SNKO3286E,2026-09-29 01:42:04
수출,SAWASDEE THAILAND,9013W,20260831,HASLK01260802054,SAMYANG FOODS INC,SKHU8434922,40',45GP,,2,1,26SNKO3286E,2026-09-29 01:42:04
수출,SAWASDEE THAILAND,9013W,20260831,HASLK01260802054,SAMYANG FOODS INC,SKHU9507197,40',45GP,,2,1,26SNKO3286E,2026-09-29 01:42:04
수출,SAWASDEE THAILAND,9013W,20260831,HASLK01260802054,SAMYANG FOODS INC,SKHU9629364,40',45GP,,2,1,26SNKO3286E,2026-09-29 01:42:04
수출,SAWASDEE THAILAND,9013W,20260831,HASLK01260802054,SAMYANG FOODS INC,SKHU9807912,40',45GP,,2,1,26SNKO3286E,2026-09-29 01:42:04
수출,SAWASDEE THAILAND,9013W,20260831,HASLK01260802054,SAMYANG FOODS INC,TRHU6364483,40',45GP,,2,1,26SNKO3286E,2026-09-29 01:42:04
수출,SAWASDEE THAILAND,9013W,20260831,HASLK01260802328,HYOSUNG CHEMICAL CORPORATION235 BANPO-DAERO SEOCHO-GU,CXDU2286105,20',22GP,,1,1,26SNKO3286E,2026-09-29 01:42:04
수출,SAWASDEE THAILAND,9013W,20260831,HASLK01260802328,HYOSUNG CHEMICAL CORPORATION235 BANPO-DAERO SEOCHO-GU,HALU2049130,20',22GP,,1,1,26SNKO3286E,2026-09-29 01:42:04
수출,SAWASDEE THAILAND,9013W,20260831,HASLK01260802328,HYOSUNG CHEMICAL CORPORATION235 BANPO-DAERO SEOCHO-GU,HALU2339519,20',22GP,,1,1,26SNKO3286E,2026-09-29 01:42:04
수출,SAWASDEE THAILAND,9013W,20260831,HASLK01260802328,HYOSUNG CHEMICAL CORPORATION235 BANPO-DAERO SEOCHO-GU,HALU2470030,20',22GP,,1,1,26SNKO3286E,2026-09-29 01:42:04
수출,SAWASDEE THAILAND,9013W,20260831,HASLK01260802328,HYOSUNG CHEMICAL CORPORATION235 BANPO-DAERO SEOCHO-GU,HALU2521797,20',22GP,,1,1,26SNKO3286E,2026-09-29 01:42:04
수출,SAWASDEE THAILAND,9013W,20260831,HASLK01260802328,HYOSUNG CHEMICAL CORPORATION235 BANPO-DAERO SEOCHO-GU,SKLU1111309,20',22GP,,1,1,26SNKO3286E,2026-09-29 01:42:04
수출,SAWASDEE THAILAND,9013W,20260831,HASLK01260802328,HYOSUNG CHEMICAL CORPORATION235 BANPO-DAERO SEOCHO-GU,SKLU1407590,20',22GP,,1,1,26SNKO3286E,2026-09-29 01:42:04
수출,SAWASDEE THAILAND,9013W,20260831,HASLK01260802328,HYOSUNG CHEMICAL CORPORATION235 BANPO-DAERO SEOCHO-GU,SKLU1437260,20',22GP,,1,1,26SNKO3286E,2026-09-29 01:42:04
수출,SAWASDEE THAILAND,9013W,20260831,HASLK01260802328,HYOSUNG CHEMICAL CORPORATION235 BANPO-DAERO SEOCHO-GU,SKLU1441804,20',22GP,,1,1,26SNKO3286E,2026-09-29 01:42:04
수출,SAWASDEE THAILAND,9013W,20260831,HASLK01260802328,HYOSUNG CHEMICAL CORPORATION235 BANPO-DAERO SEOCHO-GU,SKLU1602940,20',22GP,,1,1,26SNKO3286E,2026-09-29 01:42:04
수출,SAWASDEE THAILAND,9013W,20260831,HASLK01260802328,HYOSUNG CHEMICAL CORPORATION235 BANPO-DAERO SEOCHO-GU,SKLU1610611,20',22GP,,1,1,26SNKO3286E,2026-09-29 01:42:04
수출,SAWASDEE THAILAND,9013W,20260831,HASLK01260802328,HYOSUNG CHEMICAL CORPORATION235 BANPO-DAERO SEOCHO-GU,SKLU2472332,20',22GP,,1,1,26SNKO3286E,2026-09-29 01:42:04
수출,SAWASDEE THAILAND,9013W,20260831,HASLK01260802328,HYOSUNG CHEMICAL CORPORATION235 BANPO-DAERO SEOCHO-GU,SKLU2473323,20',22GP,,1,1,26SNKO3286E,2026-09-29 01:42:04
수출,SAWASDEE THAILAND,9013W,20260831,HASLK01260802509,DACHSER KOREA INC - SEOUL BRANCH9F 165 YANGHWA-RO MAPO-GU SEOUL,SKLU2026475,20',22GP,,1,1,26SNKO3286E,2026-09-29 01:42:04
수출,SAWASDEE THAILAND,9013W,20260831,HASLK01260802793,ALWAYS A GOOD DAY COLTD OB OFLOTTE CHILSUNG BEVERAGE COLTD,SKLU0526825,20',22GP,,1,1,26SNKO3286E,2026-09-29 01:42:04
수출,SAWASDEE THAILAND,9013W,20260831,HASLK01260802795,ALWAYS A GOOD DAY COLTD OB OFLOTTE CHILSUNG BEVERAGE COLTD,HALU2569379,20',22GP,,1,1,26SNKO3286E,2026-09-29 01:42:04
수출,SAWASDEE THAILAND,9013W,20260831,HASLK01260802795,ALWAYS A GOOD DAY COLTD OB OFLOTTE CHILSUNG BEVERAGE COLTD,SKLU2054950,20',22GP,,1,1,26SNKO3286E,2026-09-29 01:42:04
수출,SAWASDEE THAILAND,9013W,20260831,HASLK01260802796,ALWAYS A GOOD DAY COLTD OB OFLOTTE CHILSUNG BEVERAGE COLTD,SKLU1408262,20',22GP,,1,1,26SNKO3286E,2026-09-29 01:42:04
수출,SAWASDEE THAILAND,9013W,20260831,HASLK01260802796,ALWAYS A GOOD DAY COLTD OB OFLOTTE CHILSUNG BEVERAGE COLTD,SKLU1556995,20',22GP,,1,1,26SNKO3286E,2026-09-29 01:42:04
수출,SAWASDEE THAILAND,9013W,20260831,HASLK01260803157,ALWAYS A GOOD DAY COLTD OB OFLOTTE CHILSUNG BEVERAGE COLTD,HALU2322218,20',22GP,,1,1,26SNKO3286E,2026-09-29 01:42:04
수출,SAWASDEE THAILAND,9013W,20260831,HASLK01260803157,ALWAYS A GOOD DAY COLTD OB OFLOTTE CHILSUNG BEVERAGE COLTD,SKLU1433619,20',22GP,,1,1,26SNKO3286E,2026-09-29 01:42:04
수출,SAWASDEE THAILAND,9013W,20260831,HASLK01260803157,ALWAYS A GOOD DAY COLTD OB OFLOTTE CHILSUNG BEVERAGE COLTD,SKLU1550087,20',22GP,,1,1,26SNKO3286E,2026-09-29 01:42:04
수출,SAWASDEE THAILAND,9013W,20260831,HASLK01260803192,KUKDO CHEMICAL CO LTD61 GASANDIGITAL 2 RO,SKLU2075660,20',22GP,,1,1,26SNKO3286E,2026-09-29 01:42:04
수출,SAWASDEE THAILAND,9013W,20260831,HASLK01260803661,KUKDO CHEMICAL CO LTD61 GASANDIGITAL 2-RO,FSCU5890523,40',45RE,,2,1,26SNKO3286E,2026-09-29 01:42:04
수출,SAWASDEE THAILAND,9013W,20260831,HASLK01260803738,SAMYANG FOODS INC,HLHU8326941,40',45GP,,2,1,26SNKO3286E,2026-09-29 01:42:04
수출,SAWASDEE THAILAND,9013W,20260831,HASLK01260803738,SAMYANG FOODS INC,HLHU8492773,40',45GP,,2,1,26SNKO3286E,2026-09-29 01:42:04
수출,SAWASDEE THAILAND,9013W,20260831,HASLK01260803763,SJ CHEMICAL CO LTD1709 17F DAESUNG D-POLIS B 606,SKLU1431112,20',22GP,,1,1,26SNKO3286E,2026-09-29 01:42:04
수출,SAWASDEE THAILAND,9013W,20260831,HASLK01260803884,KUEHNE  NAGEL LTD,HALU2531964,20',22GP,,1,1,26SNKO3286E,2026-09-29 01:42:04
수출,SAWASDEE THAILAND,9013W,20260831,HASLK01260803982,HYUNDAI WELDING CO LTDSAMSUNG-DONG IL-SONG BUILDING 15F,BEAU2351700,20',22GP,,1,1,26SNKO3286E,2026-09-29 01:42:04
수출,SAWASDEE THAILAND,9013W,20260831,HASLK01260803982,HYUNDAI WELDING CO LTDSAMSUNG-DONG IL-SONG BUILDING 15F,DFSU1457675,20',22GP,,1,1,26SNKO3286E,2026-09-29 01:42:04
수출,SAWASDEE THAILAND,9013W,20260831,HASLK01260803982,HYUNDAI WELDING CO LTDSAMSUNG-DONG IL-SONG BUILDING 15F,HALU2421782,20',22GP,,1,1,26SNKO3286E,2026-09-29 01:42:04
수출,SAWASDEE THAILAND,9013W,20260831,HASLK01260803982,HYUNDAI WELDING CO LTDSAMSUNG-DONG IL-SONG BUILDING 15F,SKLU1806815,20',22GP,,1,1,26SNKO3286E,2026-09-29 01:42:04
수출,SAWASDEE THAILAND,9013W,20260831,HASLK01260804503,KUMHO PETROCHEMICAL CO LTDEAST WING 10-14TH FLOOR,SKLU2011069,20',22GP,,1,1,26SNKO3286E,2026-09-29 01:42:04
수출,SAWASDEE THAILAND,9013W,20260831,HASLK01260805766,MILKYWAY INTERNATIONAL CHEMICALLOGISTICS KOREA,MWTU2263218,20',22TN,,1,1,26SNKO3286E,2026-09-29 01:42:04
수출,SAWASDEE THAILAND,9013W,20260831,HASLK01260805894,WELL FREIGHT LINE CO LTD OB OF- AS PER ATTACHED RIDER -,GCXU6013456,40',45GP,,2,1,26SNKO3286E,2026-09-29 01:42:04
수출,SAWASDEE THAILAND,9013W,20260831,HASLK01260805894,WELL FREIGHT LINE CO LTD OB OF- AS PER ATTACHED RIDER -,SKHU6514309,40',45GP,,2,1,26SNKO3286E,2026-09-29 01:42:04
수출,SAWASDEE THAILAND,9013W,20260831,HASLK01260806761,HYUNDAI WELDING CO LTDSAMSUNG-DONG WEWORK BUILDING,HALU2471382,20',22GP,,1,1,26SNKO3286E,2026-09-29 01:42:04
수출,SAWASDEE THAILAND,9013W,20260831,HASLK01260807044,DACHSER KOREA INCSEOUL BRANCH,SKHU6354900,40',45GP,,2,1,26SNKO3286E,2026-09-29 01:42:04
수출,SAWASDEE THAILAND,9013W,20260831,HASLK01260807389,GREEN  GLOBE LINE CO LTD OB OF-AS PER ATTACHED RIDER-,HLHU8379134,40',45GP,,2,1,26SNKO3286E,2026-09-29 01:42:04
수출,SAWASDEE THAILAND,9013W,20260831,HASLK01260807455,ORIENT STAR LOGIX CO LTD OB OF- AS PER ATTACHED RIDER -,HLHU8503332,40',45GP,,2,1,26SNKO3286E,2026-09-29 01:42:04
수출,SAWASDEE THAILAND,9013W,20260831,HASLK01260807455,ORIENT STAR LOGIX CO LTD OB OF- AS PER ATTACHED RIDER -,SKHU6444829,40',45GP,,2,1,26SNKO3286E,2026-09-29 01:42:04
수출,SAWASDEE THAILAND,9013W,20260831,HASLK01260807941,GREEN  GLOBE LINE CO LTD OB OF-AS PER ATTACHED RIDER-,SKHU6333044,40',45GP,,2,1,26SNKO3286E,2026-09-29 01:42:04
수출,SAWASDEE THAILAND,9013W,20260831,HASLK01260807942,GREEN  GLOBE LINE CO LTD OB OF-AS PER ATTACHED RIDER-,SEKU4435577,40',45GP,,2,1,26SNKO3286E,2026-09-29 01:42:04
수출,SAWASDEE THAILAND,9013W,20260831,HASLK01260807943,GREEN  GLOBE LINE CO LTD OB OF-AS PER ATTACHED RIDER-,HLHU8489738,40',45GP,,2,1,26SNKO3286E,2026-09-29 01:42:04
수출,SAWASDEE THAILAND,9013W,20260831,HASLK01260808218,HANSOL LOGISTICS CO LTD OB OFCJ OLIVE YOUNG CORPORATION,SKHU6432197,40',45GP,,2,1,26SNKO3286E,2026-09-29 01:42:04
수출,SAWASDEE THAILAND,9013W,20260831,HASLK01260808218,HANSOL LOGISTICS CO LTD OB OFCJ OLIVE YOUNG CORPORATION,SKHU6438826,40',45GP,,2,1,26SNKO3286E,2026-09-29 01:42:04
수출,SAWASDEE THAILAND,9013W,20260831,HASLK01260808218,HANSOL LOGISTICS CO LTD OB OFCJ OLIVE YOUNG CORPORATION,SKHU6466031,40',45GP,,2,1,26SNKO3286E,2026-09-29 01:42:04
수출,SAWASDEE THAILAND,9013W,20260831,HASLK02260800693,UNISONHKR CO LTD53 UGAKGOL-GIL SUSIN-MYEON,HALU5651829,40',45GP,,2,1,26SNKO3286E,2026-09-29 01:42:04
수출,SAWASDEE THAILAND,9013W,20260831,HASLK02260800693,UNISONHKR CO LTD53 UGAKGOL-GIL SUSIN-MYEON,HLHU8470157,40',45GP,,2,1,26SNKO3286E,2026-09-29 01:42:04
수출,SAWASDEE THAILAND,9013W,20260831,HASLK02260800722,EXACT  SAFE LOGISTICS COLTD416 PAROS BLDG 40 BEONHWA 1-RO,HLHU6404958,40',45GP,,2,1,26SNKO3286E,2026-09-29 01:42:04
수출,SAWASDEE THAILAND,9013W,20260831,HASLK02260800722,EXACT  SAFE LOGISTICS COLTD416 PAROS BLDG 40 BEONHWA 1-RO,SKHU5540160,40',42PC,,2,1,26SNKO3286E,2026-09-29 01:42:04
수출,SAWASDEE THAILAND,9013W,20260831,HASLK02260800722,EXACT  SAFE LOGISTICS COLTD416 PAROS BLDG 40 BEONHWA 1-RO,SKHU5640180,40',42PC,,2,1,26SNKO3286E,2026-09-29 01:42:04
수출,SAWASDEE THAILAND,9013W,20260831,HASLK03260800031,JS LOGISTICS CO LTD304-1638 21 YEONGTONG-RO 200BEON-,HALU2028395,20',22GP,,1,1,26SNKO3286E,2026-09-29 01:42:04
수출,VOSTOCHNY VOYAGER,2651E,20260831,HASLC02260800006,TIANJIN HAILONG INTERNATIONALFORWARD CO LTD,HALU2042270,20',22GP,,1,1,26SNKO3143E,2026-09-29 01:42:04
수출,VOSTOCHNY VOYAGER,2651E,20260831,HASLC02260800006,TIANJIN HAILONG INTERNATIONALFORWARD CO LTD,SKLU1508683,20',22GP,,1,1,26SNKO3143E,2026-09-29 01:42:04
수출,VOSTOCHNY VOYAGER,2651E,20260831,HASLC02260800006,TIANJIN HAILONG INTERNATIONALFORWARD CO LTD,SKLU1573333,20',22GP,,1,1,26SNKO3143E,2026-09-29 01:42:04
수출,VOSTOCHNY VOYAGER,2651E,20260831,HASLC02260800006,TIANJIN HAILONG INTERNATIONALFORWARD CO LTD,SKLU1578377,20',22GP,,1,1,26SNKO3143E,2026-09-29 01:42:04
수출,VOSTOCHNY VOYAGER,2651E,20260831,HASLC02260800006,TIANJIN HAILONG INTERNATIONALFORWARD CO LTD,SKLU2120455,20',22GP,,1,1,26SNKO3143E,2026-09-29 01:42:04
수출,VOSTOCHNY VOYAGER,2651E,20260831,HASLC02260800006,TIANJIN HAILONG INTERNATIONALFORWARD CO LTD,TEMU2574847,20',22GP,,1,1,26SNKO3143E,2026-09-29 01:42:04
수출,VOSTOCHNY VOYAGER,2651E,20260831,HASLC02260800109,HIGHCHEMSHANGHAIINTERNATIONALTRADING COLTD,SKLU1110880,20',22GP,,1,1,26SNKO3143E,2026-09-29 01:42:04
수출,VOSTOCHNY VOYAGER,2651E,20260831,HASLC02260800404,SHANXI YUPANG TRADINGCOMPANY  LIMITED,SKLU1924382,20',22GP,,1,1,26SNKO3143E,2026-09-29 01:42:04
수출,VOSTOCHNY VOYAGER,2651E,20260831,HASLC03260702007,QINGDAO JINGHUI RONGDA TRADING     COMPANY LIMITED,HALU2082288,20',22GP,,1,1,26SNKO3143E,2026-09-29 01:42:04
수출,VOSTOCHNY VOYAGER,2651E,20260831,HASLC03260702007,QINGDAO JINGHUI RONGDA TRADING     COMPANY LIMITED,HALU2105906,20',22GP,,1,1,26SNKO3143E,2026-09-29 01:42:04
수출,VOSTOCHNY VOYAGER,2651E,20260831,HASLC03260702007,QINGDAO JINGHUI RONGDA TRADING     COMPANY LIMITED,HALU2343988,20',22GP,,1,1,26SNKO3143E,2026-09-29 01:42:04
수출,VOSTOCHNY VOYAGER,2651E,20260831,HASLC03260702007,QINGDAO JINGHUI RONGDA TRADING     COMPANY LIMITED,HALU2439293,20',22GP,,1,1,26SNKO3143E,2026-09-29 01:42:04
수출,VOSTOCHNY VOYAGER,2651E,20260831,HASLC03260702007,QINGDAO JINGHUI RONGDA TRADING     COMPANY LIMITED,HALU2460768,20',22GP,,1,1,26SNKO3143E,2026-09-29 01:42:04
수출,VOSTOCHNY VOYAGER,2651E,20260831,HASLC03260702007,QINGDAO JINGHUI RONGDA TRADING     COMPANY LIMITED,HALU2531218,20',22GP,,1,1,26SNKO3143E,2026-09-29 01:42:04
수출,VOSTOCHNY VOYAGER,2651E,20260831,HASLC03260702007,QINGDAO JINGHUI RONGDA TRADING     COMPANY LIMITED,HALU2545525,20',22GP,,1,1,26SNKO3143E,2026-09-29 01:42:04
수출,VOSTOCHNY VOYAGER,2651E,20260831,HASLC03260702007,QINGDAO JINGHUI RONGDA TRADING     COMPANY LIMITED,SKLU1597886,20',22GP,,1,1,26SNKO3143E,2026-09-29 01:42:04
수출,VOSTOCHNY VOYAGER,2651E,20260831,HASLC03260702007,QINGDAO JINGHUI RONGDA TRADING     COMPANY LIMITED,SKLU1820393,20',22GP,,1,1,26SNKO3143E,2026-09-29 01:42:04
수출,VOSTOCHNY VOYAGER,2651E,20260831,HASLC03260702007,QINGDAO JINGHUI RONGDA TRADING     COMPANY LIMITED,SKLU2300734,20',22GP,,1,1,26SNKO3143E,2026-09-29 01:42:04
수출,VOSTOCHNY VOYAGER,2651E,20260831,HASLC03260702340,JIANGSU JIAMING ADVANCED CARBON    MATERIALS COLTD,HALU2558800,20',22GP,,1,1,26SNKO3143E,2026-09-29 01:42:04
수출,VOSTOCHNY VOYAGER,2651E,20260831,HASLC03260702340,JIANGSU JIAMING ADVANCED CARBON    MATERIALS COLTD,HALU2559067,20',22GP,,1,1,26SNKO3143E,2026-09-29 01:42:04
수출,VOSTOCHNY VOYAGER,2651E,20260831,HASLC03260800177,QINGDAO CH INTERNATIONALLOGISTICSLTD,HLHU6404217,40',45GP,,2,1,26SNKO3143E,2026-09-29 01:42:04
수출,VOSTOCHNY VOYAGER,2651E,20260831,HASLC03260800177,QINGDAO CH INTERNATIONALLOGISTICSLTD,HLHU8487479,40',45GP,,2,1,26SNKO3143E,2026-09-29 01:42:04
수출,VOSTOCHNY VOYAGER,2651E,20260831,HASLC03260800177,QINGDAO CH INTERNATIONALLOGISTICSLTD,SKHU6348846,40',45GP,,2,1,26SNKO3143E,2026-09-29 01:42:04
수출,VOSTOCHNY VOYAGER,2651E,20260831,HASLC03260800177,QINGDAO CH INTERNATIONALLOGISTICSLTD,SKHU6358736,40',45GP,,2,1,26SNKO3143E,2026-09-29 01:42:04
수출,VOSTOCHNY VOYAGER,2651E,20260831,HASLC03260800177,QINGDAO CH INTERNATIONALLOGISTICSLTD,SKHU6478840,40',45GP,,2,1,26SNKO3143E,2026-09-29 01:42:04
수출,VOSTOCHNY VOYAGER,2651E,20260831,HASLC03260800177,QINGDAO CH INTERNATIONALLOGISTICSLTD,TCNU7642374,40',45GP,,2,1,26SNKO3143E,2026-09-29 01:42:04
수출,VOSTOCHNY VOYAGER,2651E,20260831,HASLC03260800276,QINGDAO ARIVO TYRE COLTD,SKHU9512439,40',45GP,,2,1,26SNKO3143E,2026-09-29 01:42:04
수출,VOSTOCHNY VOYAGER,2651E,20260831,HASLC04260700204,NIPPON EXPRESS CHINA COLTDDALIAN BRANCH,CXDU1598686,20',22GP,,1,1,26SNKO3143E,2026-09-29 01:42:04
수출,VOSTOCHNY VOYAGER,2651E,20260831,HASLC05260850250,XIAMEN ZTD INTERNATIONAL COLTD     UNIT K8FLYINSHENG BUILDING,SKHU9307250,40',45GP,,2,1,26SNKO3143E,2026-09-29 01:42:04
수출,VOSTOCHNY VOYAGER,2651E,20260831,HASLC5T260700233,WINNING FIRST LIMITEDDD123 LOT 637RP 646RP 647RP 648RP,BEAU2448882,20',22GP,,1,1,26SNKO3143E,2026-09-29 01:42:04
수출,VOSTOCHNY VOYAGER,2651E,20260831,HASLC5T260700233,WINNING FIRST LIMITEDDD123 LOT 637RP 646RP 647RP 648RP,BEAU2482465,20',22GP,,1,1,26SNKO3143E,2026-09-29 01:42:04
수출,VOSTOCHNY VOYAGER,2651E,20260831,HASLC5T260700233,WINNING FIRST LIMITEDDD123 LOT 637RP 646RP 647RP 648RP,BEAU2860694,20',22GP,,1,1,26SNKO3143E,2026-09-29 01:42:04
수출,VOSTOCHNY VOYAGER,2651E,20260831,HASLC5T260700233,WINNING FIRST LIMITEDDD123 LOT 637RP 646RP 647RP 648RP,SKLU0525285,20',22GP,,1,1,26SNKO3143E,2026-09-29 01:42:04
수출,VOSTOCHNY VOYAGER,2651E,20260831,HASLC5T260700233,WINNING FIRST LIMITEDDD123 LOT 637RP 646RP 647RP 648RP,SKLU0741448,20',22GP,,1,1,26SNKO3143E,2026-09-29 01:42:04
수출,VOSTOCHNY VOYAGER,2651E,20260831,HASLC5T260700233,WINNING FIRST LIMITEDDD123 LOT 637RP 646RP 647RP 648RP,SKLU2052514,20',22GP,,1,1,26SNKO3143E,2026-09-29 01:42:04
수출,VOSTOCHNY VOYAGER,2651E,20260831,HASLC5T260701162,WINNING FIRST LIMITEDDD123 LOT 637RP 646RP 647RP 648RP,SKLU0592792,20',22GP,,1,1,26SNKO3143E,2026-09-29 01:42:04
수출,VOSTOCHNY VOYAGER,2651E,20260831,HASLC5T260701162,WINNING FIRST LIMITEDDD123 LOT 637RP 646RP 647RP 648RP,SKLU1507033,20',22GP,,1,1,26SNKO3143E,2026-09-29 01:42:04
수출,VOSTOCHNY VOYAGER,2651E,20260831,HASLC5T260701162,WINNING FIRST LIMITEDDD123 LOT 637RP 646RP 647RP 648RP,SKLU1583970,20',22GP,,1,1,26SNKO3143E,2026-09-29 01:42:04
수출,VOSTOCHNY VOYAGER,2651E,20260831,HASLC5T260701162,WINNING FIRST LIMITEDDD123 LOT 637RP 646RP 647RP 648RP,SKLU1817569,20',22GP,,1,1,26SNKO3143E,2026-09-29 01:42:04
수출,VOSTOCHNY VOYAGER,2651E,20260831,HASLK01260607848,TAEWOONG LOGISTICS COLTD OB OFSAMSUNG SDI CO LTD,HALU1001110,20',22RE,,1,1,26SNKO3143E,2026-09-29 01:42:04
수출,VOSTOCHNY VOYAGER,2651E,20260831,HASLK01260607848,TAEWOONG LOGISTICS COLTD OB OFSAMSUNG SDI CO LTD,HALU1001907,20',22RE,,1,1,26SNKO3143E,2026-09-29 01:42:04
수출,VOSTOCHNY VOYAGER,2651E,20260831,HASLK01260607848,TAEWOONG LOGISTICS COLTD OB OFSAMSUNG SDI CO LTD,SZLU2021556,20',22RE,,1,1,26SNKO3143E,2026-09-29 01:42:04
수출,VOSTOCHNY VOYAGER,2651E,20260831,HASLK01260607848,TAEWOONG LOGISTICS COLTD OB OFSAMSUNG SDI CO LTD,TRIU6674440,20',22RE,,1,1,26SNKO3143E,2026-09-29 01:42:04
수출,VOSTOCHNY VOYAGER,2651E,20260831,HASLK01260703803,MTK CO LTDROOM 1407 HYUNDAI WORLD TOWER BLDG,HLHU8515544,40',45GP,,2,1,26SNKO3143E,2026-09-29 01:42:04
수출,VOSTOCHNY VOYAGER,2651E,20260831,HASLK01260703803,MTK CO LTDROOM 1407 HYUNDAI WORLD TOWER BLDG,SKHU9212149,40',45GP,,2,1,26SNKO3143E,2026-09-29 01:42:04
수출,VOSTOCHNY VOYAGER,2651E,20260831,HASLK01260703803,MTK CO LTDROOM 1407 HYUNDAI WORLD TOWER BLDG,SKHU9971295,40',45GP,,2,1,26SNKO3143E,2026-09-29 01:42:04
수출,VOSTOCHNY VOYAGER,2651E,20260831,HASLK01260707915,MICROWORKS CO LTDPINE AVENUE AEULJI-RO 100,HALU2066878,20',22GP,,1,1,26SNKO3143E,2026-09-29 01:42:04
수출,VOSTOCHNY VOYAGER,2651E,20260831,HASLK01260707915,MICROWORKS CO LTDPINE AVENUE AEULJI-RO 100,HALU2358062,20',22GP,,1,1,26SNKO3143E,2026-09-29 01:42:04
수출,VOSTOCHNY VOYAGER,2651E,20260831,HASLK01260707915,MICROWORKS CO LTDPINE AVENUE AEULJI-RO 100,HALU2440355,20',22GP,,1,1,26SNKO3143E,2026-09-29 01:42:04
수출,VOSTOCHNY VOYAGER,2651E,20260831,HASLK01260707915,MICROWORKS CO LTDPINE AVENUE AEULJI-RO 100,HALU2543374,20',22GP,,1,1,26SNKO3143E,2026-09-29 01:42:04
수출,VOSTOCHNY VOYAGER,2651E,20260831,HASLK01260707915,MICROWORKS CO LTDPINE AVENUE AEULJI-RO 100,SKLU0503080,20',22GP,,1,1,26SNKO3143E,2026-09-29 01:42:04
수출,VOSTOCHNY VOYAGER,2651E,20260831,HASLK01260707915,MICROWORKS CO LTDPINE AVENUE AEULJI-RO 100,SKLU0514850,20',22GP,,1,1,26SNKO3143E,2026-09-29 01:42:04
수출,VOSTOCHNY VOYAGER,2651E,20260831,HASLK01260707915,MICROWORKS CO LTDPINE AVENUE AEULJI-RO 100,SKLU0564595,20',22GP,,1,1,26SNKO3143E,2026-09-29 01:42:04
수출,VOSTOCHNY VOYAGER,2651E,20260831,HASLK01260707915,MICROWORKS CO LTDPINE AVENUE AEULJI-RO 100,SKLU0565652,20',22GP,,1,1,26SNKO3143E,2026-09-29 01:42:04
수출,VOSTOCHNY VOYAGER,2651E,20260831,HASLK01260707915,MICROWORKS CO LTDPINE AVENUE AEULJI-RO 100,SKLU1105477,20',22GP,,1,1,26SNKO3143E,2026-09-29 01:42:04
수출,VOSTOCHNY VOYAGER,2651E,20260831,HASLK01260707915,MICROWORKS CO LTDPINE AVENUE AEULJI-RO 100,SKLU1201547,20',22GP,,1,1,26SNKO3143E,2026-09-29 01:42:04
수출,VOSTOCHNY VOYAGER,2651E,20260831,HASLK01260707915,MICROWORKS CO LTDPINE AVENUE AEULJI-RO 100,SKLU1540601,20',22GP,,1,1,26SNKO3143E,2026-09-29 01:42:04
수출,VOSTOCHNY VOYAGER,2651E,20260831,HASLK01260707915,MICROWORKS CO LTDPINE AVENUE AEULJI-RO 100,SKLU1604563,20',22GP,,1,1,26SNKO3143E,2026-09-29 01:42:04
수출,VOSTOCHNY VOYAGER,2651E,20260831,HASLK01260707915,MICROWORKS CO LTDPINE AVENUE AEULJI-RO 100,SKLU1958510,20',22GP,,1,1,26SNKO3143E,2026-09-29 01:42:04
수출,VOSTOCHNY VOYAGER,2651E,20260831,HASLK01260707915,MICROWORKS CO LTDPINE AVENUE AEULJI-RO 100,SKLU1971640,20',22GP,,1,1,26SNKO3143E,2026-09-29 01:42:04
수출,VOSTOCHNY VOYAGER,2651E,20260831,HASLK01260707915,MICROWORKS CO LTDPINE AVENUE AEULJI-RO 100,SKLU2027044,20',22GP,,1,1,26SNKO3143E,2026-09-29 01:42:04
수출,VOSTOCHNY VOYAGER,2651E,20260831,HASLK01260707915,MICROWORKS CO LTDPINE AVENUE AEULJI-RO 100,SKLU2493818,20',22GP,,1,1,26SNKO3143E,2026-09-29 01:42:04
수출,VOSTOCHNY VOYAGER,2651E,20260831,HASLK01260707915,MICROWORKS CO LTDPINE AVENUE AEULJI-RO 100,SKLU3501230,20',22GP,,1,1,26SNKO3143E,2026-09-29 01:42:04
수출,VOSTOCHNY VOYAGER,2651E,20260831,HASLK01260707915,MICROWORKS CO LTDPINE AVENUE AEULJI-RO 100,SKLU3510571,20',22GP,,1,1,26SNKO3143E,2026-09-29 01:42:04
수출,VOSTOCHNY VOYAGER,2651E,20260831,HASLK01260709669,HANSOL PAPER CO LTD24TH FL B-PINE AVENUE BLDG,HALU2309670,20',22GP,,1,1,26SNKO3143E,2026-09-29 01:42:04
수출,VOSTOCHNY VOYAGER,2651E,20260831,HASLK01260709669,HANSOL PAPER CO LTD24TH FL B-PINE AVENUE BLDG,SKLU0736992,20',22GP,,1,1,26SNKO3143E,2026-09-29 01:42:04
수출,VOSTOCHNY VOYAGER,2651E,20260831,HASLK01260709669,HANSOL PAPER CO LTD24TH FL B-PINE AVENUE BLDG,SKLU1446540,20',22GP,,1,1,26SNKO3143E,2026-09-29 01:42:04
수출,VOSTOCHNY VOYAGER,2651E,20260831,HASLK01260709669,HANSOL PAPER CO LTD24TH FL B-PINE AVENUE BLDG,SKLU1556568,20',22GP,,1,1,26SNKO3143E,2026-09-29 01:42:04
수출,VOSTOCHNY VOYAGER,2651E,20260831,HASLK01260800202,UNIGIO KOREA COLTD706 DONGWHA BLDG 71 YEOUINARU-RO,FCIU7178437,40',45GP,,2,1,26SNKO3143E,2026-09-29 01:42:04
수출,VOSTOCHNY VOYAGER,2651E,20260831,HASLK01260800202,UNIGIO KOREA COLTD706 DONGWHA BLDG 71 YEOUINARU-RO,SKHU6441809,40',45GP,,2,1,26SNKO3143E,2026-09-29 01:42:04
수출,VOSTOCHNY VOYAGER,2651E,20260831,HASLK01260800202,UNIGIO KOREA COLTD706 DONGWHA BLDG 71 YEOUINARU-RO,SKHU9514961,40',45GP,,2,1,26SNKO3143E,2026-09-29 01:42:04
수출,VOSTOCHNY VOYAGER,2651E,20260831,HASLK01260801011,HANWHA SOLUTIONS CORPORATIONHANWHA BUILDING,BEAU2449430,20',22GP,,1,1,26SNKO3143E,2026-09-29 01:42:04
수출,VOSTOCHNY VOYAGER,2651E,20260831,HASLK01260804483,GYESUNG INTERNATIONAL CO LTD301HO 73-9 CHANGGYEONGGUNG-RO 16-,SKHU6360306,40',45GP,,2,1,26SNKO3143E,2026-09-29 01:42:04
수출,VOSTOCHNY VOYAGER,2651E,20260831,HASLK01260804547,PANSTAR SEOUL BRANCH COLTD OB OFHOARDSUN ADVANCED MATERIALS KOREA,HLHU8411581,40',45GP,,2,1,26SNKO3143E,2026-09-29 01:42:04
수출,VOSTOCHNY VOYAGER,2651E,20260831,HASLK01260804889,TAEWOONG LOGISTICS COLTD OB OFSAMSUNG SDI CO LTD,BMOU8720056,20',22RE,,1,1,26SNKO3143E,2026-09-29 01:42:04
수출,VOSTOCHNY VOYAGER,2651E,20260831,HASLK01260804889,TAEWOONG LOGISTICS COLTD OB OFSAMSUNG SDI CO LTD,SEGU9954420,20',22RE,,1,1,26SNKO3143E,2026-09-29 01:42:04
수출,VOSTOCHNY VOYAGER,2651E,20260831,HASLK01260804889,TAEWOONG LOGISTICS COLTD OB OFSAMSUNG SDI CO LTD,SKRU1400540,20',22RE,,1,1,26SNKO3143E,2026-09-29 01:42:04
수출,VOSTOCHNY VOYAGER,2651E,20260831,HASLK01260804889,TAEWOONG LOGISTICS COLTD OB OFSAMSUNG SDI CO LTD,SKRU1901706,20',22RE,,1,1,26SNKO3143E,2026-09-29 01:42:04
수출,VOSTOCHNY VOYAGER,2651E,20260831,HASLK01260804889,TAEWOONG LOGISTICS COLTD OB OFSAMSUNG SDI CO LTD,SKRU2500462,20',22RE,,1,1,26SNKO3143E,2026-09-29 01:42:04
수출,VOSTOCHNY VOYAGER,2651E,20260831,HASLK01260804889,TAEWOONG LOGISTICS COLTD OB OFSAMSUNG SDI CO LTD,SZLU2020396,20',22RE,,1,1,26SNKO3143E,2026-09-29 01:42:04
수출,VOSTOCHNY VOYAGER,2651E,20260831,HASLK01260805585,WEGLOBAL LOGIX CO LTD,DFSU1946845,20',22GP,,1,1,26SNKO3143E,2026-09-29 01:42:04
수출,VOSTOCHNY VOYAGER,2651E,20260831,HASLK01260806024,KISWIRE LTD37 GURAK-RO 141 BEON-GIL,SKLU1925624,20',22GP,,1,1,26SNKO3143E,2026-09-29 01:42:04
수출,VOSTOCHNY VOYAGER,2651E,20260831,HASLK01260806024,KISWIRE LTD37 GURAK-RO 141 BEON-GIL,SKLU2413598,20',22GP,,1,1,26SNKO3143E,2026-09-29 01:42:04
수출,VOSTOCHNY VOYAGER,2651E,20260831,HASLK01260806443,HANKOOK TIRE  TECHNOLOGY CO LTD286 PANGYO-RO BUNDANG-GU SEONGNA,HALU2548951,20',22GP,,1,1,26SNKO3143E,2026-09-29 01:42:04
수출,VOSTOCHNY VOYAGER,2651E,20260831,HASLK01260806787,SOLSANG INTERNATIONAL CORP711 DAEYOUNG BD 44-1 YEOIDO-DONG,SKHU9825618,40',45GP,,2,1,26SNKO3143E,2026-09-29 01:42:04
수출,VOSTOCHNY VOYAGER,2651E,20260831,HASLK01260806901,ECU WORLDWIDE KOREA,HALU2353380,20',22GP,,1,1,26SNKO3143E,2026-09-29 01:42:04
수출,VOSTOCHNY VOYAGER,2651E,20260831,HASLK01260807013,J CONSOL LINE CO LTD OB OFSANSHO KOREA COLTD,HALU2570277,20',22GP,,1,1,26SNKO3143E,2026-09-29 01:42:04
수출,VOSTOCHNY VOYAGER,2651E,20260831,HASLK01260807338,J CONSOL LINE CO LTD OB OF- AS PER ATTACHED RIDER -,SKLU1615697,20',22GP,,1,1,26SNKO3143E,2026-09-29 01:42:04
수출,VOSTOCHNY VOYAGER,2651E,20260831,HASLK01260807399,GREEN  GLOBE LINE CO LTD OB OF- AS PER ATTACHED RIDER -,HALU2355016,20',22GP,,1,1,26SNKO3143E,2026-09-29 01:42:04
수출,VOSTOCHNY VOYAGER,2651E,20260831,HASLK01260807437,HEUNG-A LOGISTICS COLTDOB OFAS PER ATTACHED RIDER,SKLU1618844,20',22GP,,1,1,26SNKO3143E,2026-09-29 01:42:04
수출,VOSTOCHNY VOYAGER,2651E,20260831,HASLK01260807445,HEUNG-A LOGISTICS COLTDOB OFAS PER ATTACHED RIDER,SKLU2476620,20',22GP,,1,1,26SNKO3143E,2026-09-29 01:42:04
수출,VOSTOCHNY VOYAGER,2651E,20260831,HASLK01260807689,HYUNDAI WELDING CO LTD157-37 WEWORK BD 15F,SKLU1822009,20',22GP,,1,1,26SNKO3143E,2026-09-29 01:42:04
수출,VOSTOCHNY VOYAGER,2651E,20260831,HASLK01260807729,FAIRCON LINE CO LTD,SKLU2032781,20',22GP,,1,1,26SNKO3143E,2026-09-29 01:42:04
수출,VOSTOCHNY VOYAGER,2651E,20260831,HASLK01260807997,HOARDSUN ADVANCED MATERIALS KOREACOLTD,HALU2402463,20',22GP,,1,1,26SNKO3143E,2026-09-29 01:42:04
수출,VOSTOCHNY VOYAGER,2651E,20260831,HASLK01260808503,HYUNDAI WELDING CO LTD157-37 WEWORK BD 15F,BEAU2357252,20',22GP,,1,1,26SNKO3143E,2026-09-29 01:42:04
수출,VOSTOCHNY VOYAGER,2651E,20260831,HASLK02260700346,ARA LOGISTICS CO LTDON BEHALF OF,FBIU5101481,40',45RE,,2,1,26SNKO3143E,2026-09-29 01:42:04
수출,VOSTOCHNY VOYAGER,2651E,20260831,HASLK02260700346,ARA LOGISTICS CO LTDON BEHALF OF,SKRU9501162,40',45RE,,2,1,26SNKO3143E,2026-09-29 01:42:04
수출,VOSTOCHNY VOYAGER,2651E,20260831,HASLK02260700346,ARA LOGISTICS CO LTDON BEHALF OF,SKRU9601238,40',45RE,,2,1,26SNKO3143E,2026-09-29 01:42:04
수출,VOSTOCHNY VOYAGER,2651E,20260831,HASLK02260700346,ARA LOGISTICS CO LTDON BEHALF OF,SZLU9371849,40',45RE,,2,1,26SNKO3143E,2026-09-29 01:42:04
수출,VOSTOCHNY VOYAGER,2651E,20260831,HASLK02260701436,ARA LOGISTICS CO LTDON BEHALF OF,SKRU9201313,40',45RE,,2,1,26SNKO3143E,2026-09-29 01:42:04
수출,VOSTOCHNY VOYAGER,2651E,20260831,HASLK02260701436,ARA LOGISTICS CO LTDON BEHALF OF,SKRU9500891,40',45RE,,2,1,26SNKO3143E,2026-09-29 01:42:04
수출,VOSTOCHNY VOYAGER,2651E,20260831,HASLK02260701436,ARA LOGISTICS CO LTDON BEHALF OF,SKRU9601480,40',45RE,,2,1,26SNKO3143E,2026-09-29 01:42:04
수출,VOSTOCHNY VOYAGER,2651E,20260831,HASLK02260701436,ARA LOGISTICS CO LTDON BEHALF OF,TEMU9451660,40',45RE,,2,1,26SNKO3143E,2026-09-29 01:42:04
수출,VOSTOCHNY VOYAGER,2651E,20260831,HASLK02260800160,ACE EXPRESS INCB-903 401 YANGCHEON-RO,HLHU8465567,40',45GP,,2,1,26SNKO3143E,2026-09-29 01:42:04
수출,VOSTOCHNY VOYAGER,2651E,20260831,HASLK02260800966,CHEONG WOO INTERNATIONAL SERVICEOB OF S-ONE CORPORATION COLTD,BEAU2411625,20',22GP,,1,1,26SNKO3143E,2026-09-29 01:42:04
수출,VOSTOCHNY VOYAGER,2651E,20260831,HASLK02260801194,HEUNG-A LINE COLTD,SEGU9996792,20',22RE,,1,1,26SNKO3143E,2026-09-29 01:42:04
수출,VOSTOCHNY VOYAGER,2651E,20260831,HASLK02260801195,HEUNG-A LINE COLTD,SKHU9808272,40',45GP,,2,1,26SNKO3143E,2026-09-29 01:42:04
수출,VOSTOCHNY VOYAGER,2651E,20260831,HASLK02260801195,HEUNG-A LINE COLTD,SKHU9830677,40',45GP,,2,1,26SNKO3143E,2026-09-29 01:42:04
수출,VOSTOCHNY VOYAGER,2651E,20260831,HASLK02260801195,HEUNG-A LINE COLTD,SKHU9907866,40',45GP,,2,1,26SNKO3143E,2026-09-29 01:42:04
수출,VOSTOCHNY VOYAGER,2651E,20260831,HASLK02260801195,HEUNG-A LINE COLTD,SKHU9930300,40',45GP,,2,1,26SNKO3143E,2026-09-29 01:42:04
수출,VOSTOCHNY VOYAGER,2651E,20260831,HASLK02260801195,HEUNG-A LINE COLTD,SKHU9949115,40',45GP,,2,1,26SNKO3143E,2026-09-29 01:42:04
수출,VOSTOCHNY VOYAGER,2651E,20260831,HASLR01260700251,TM BAIKAL LLC,HALU5645960,40',45GP,,2,1,26SNKO3143E,2026-09-29 01:42:04
수출,VOSTOCHNY VOYAGER,2651E,20260831,HASLR01260700251,TM BAIKAL LLC,SKHU9808056,40',45GP,,2,1,26SNKO3143E,2026-09-29 01:42:04
수출,VOSTOCHNY VOYAGER,2651E,20260831,HASLR01260700283,LLCSIB-ECOLOGY,BMOU5404970,40',45GP,,2,1,26SNKO3143E,2026-09-29 01:42:04
수출,VOSTOCHNY VOYAGER,2651E,20260831,HASLR01260700283,LLCSIB-ECOLOGY,BMOU6044327,40',45GP,,2,1,26SNKO3143E,2026-09-29 01:42:04
수출,VOSTOCHNY VOYAGER,2651E,20260831,HASLR01260700283,LLCSIB-ECOLOGY,SKHU6309095,40',45GP,,2,1,26SNKO3143E,2026-09-29 01:42:04
수출,VOSTOCHNY VOYAGER,2651E,20260831,HASLR01260700283,LLCSIB-ECOLOGY,SKHU8719524,40',45GP,,2,1,26SNKO3143E,2026-09-29 01:42:04
수출,VOSTOCHNY VOYAGER,2651E,20260831,HASLR01260700291,LLC IVA-LESRUSSIA 663485 KRASNOYARSK REGION,SKHU9005959,40',45GP,,2,1,26SNKO3143E,2026-09-29 01:42:04
수출,VOSTOCHNY VOYAGER,2651E,20260831,HASLR01260700301,LLCSIB-ECOLOGY,HLHU8545071,40',45GP,,2,1,26SNKO3143E,2026-09-29 01:42:04
수출,VOSTOCHNY VOYAGER,2651E,20260831,HASLR01260800006,TM BAIKAL LLC,HLHU8455872,40',45GP,,2,1,26SNKO3143E,2026-09-29 01:42:04
수출,VOSTOCHNY VOYAGER,2651E,20260831,HASLR01260800006,TM BAIKAL LLC,SKHU9938321,40',45GP,,2,1,26SNKO3143E,2026-09-29 01:42:04
수출,VOSTOCHNY VOYAGER,2651E,20260831,HASLR01260800026,SLS TRADING INC,SKHU9950348,40',45GP,,2,1,26SNKO3143E,2026-09-29 01:42:04
수출,VOSTOCHNY VOYAGER,2651E,20260831,HASLS11260700366,PT CHUETSU TJOKRO INDONESIA,HALU2431899,20',22GP,,1,1,26SNKO3143E,2026-09-29 01:42:04
수출,VOSTOCHNY VOYAGER,2651E,20260831,HASLS22260700558,YONGSUWAT TRADING CO LTD872 36TH FLOOR OFFICE NO46,HLHU8555892,40',45GP,,2,1,26SNKO3143E,2026-09-29 01:42:04
수출,VOSTOCHNY VOYAGER,2651E,20260831,HASLS22260700558,YONGSUWAT TRADING CO LTD872 36TH FLOOR OFFICE NO46,SKHU6345045,40',45GP,,2,1,26SNKO3143E,2026-09-29 01:42:04
